frame_number,timestamp,class,team,confidence,x1,y1,x2,y2,width,height
0,0.0,player,unknown,0.7424197196960449,965,346,1020,519,55,173
0,0.0,player,unknown,0.6768618822097778,834,528,895,640,61,112
0,0.0,player,unknown,0.6471802592277527,453,252,522,402,69,150
0,0.0,player,unknown,0.6026822924613953,726,345,788,503,62,158
0,0.0,player,unknown,0.5308639407157898,608,222,664,401,56,179
0,0.0,player,unknown,0.5282496213912964,400,386,452,555,52,169
0,0.0,player,unknown,0.5238589644432068,1075,210,1120,365,45,155
1,0.034482758620689655,player,unknown,0.7601363062858582,966,345,1019,521,53,176
1,0.034482758620689655,player,unknown,0.6400421857833862,732,346,791,504,59,158
1,0.034482758620689655,player,unknown,0.6370206475257874,837,528,896,640,59,112
1,0.034482758620689655,player,unknown,0.6078073382377625,455,254,522,403,67,149
1,0.034482758620689655,player,unknown,0.5382410883903503,611,226,666,402,55,176
1,0.034482758620689655,player,unknown,0.5265541672706604,604,435,662,589,58,154
1,0.034482758620689655,player,unknown,0.5129079222679138,404,388,453,561,49,173
2,0.06896551724137931,player,unknown,0.755681037902832,966,345,1021,523,55,178
2,0.06896551724137931,player,unknown,0.6218143105506897,839,530,898,640,59,110
2,0.06896551724137931,player,unknown,0.6151551604270935,728,346,792,504,64,158
2,0.06896551724137931,player,unknown,0.6119008660316467,455,259,522,403,67,144
2,0.06896551724137931,player,unknown,0.5850752592086792,613,223,668,404,55,181
2,0.06896551724137931,player,unknown,0.5559732913970947,605,435,663,589,58,154
3,0.10344827586206896,player,unknown,0.763706386089325,967,344,1023,522,56,178
3,0.10344827586206896,player,unknown,0.6803492903709412,727,347,792,504,65,157
3,0.10344827586206896,player,unknown,0.6312742233276367,842,532,900,639,58,107
3,0.10344827586206896,player,unknown,0.6073560118675232,454,257,522,404,68,147
3,0.10344827586206896,player,unknown,0.5990666151046753,613,223,669,406,56,183
3,0.10344827586206896,player,unknown,0.5402754545211792,563,242,601,400,38,158
3,0.10344827586206896,player,unknown,0.536491870880127,414,387,461,558,47,171
3,0.10344827586206896,player,unknown,0.5205820798873901,606,436,663,588,57,152
4,0.13793103448275862,player,unknown,0.7994625568389893,968,343,1024,522,56,179
4,0.13793103448275862,player,unknown,0.6787539124488831,845,531,901,639,56,108
4,0.13793103448275862,player,unknown,0.6543211340904236,455,256,521,403,66,147
4,0.13793103448275862,player,unknown,0.6407923698425293,733,346,793,504,60,158
4,0.13793103448275862,player,unknown,0.5545395016670227,1075,211,1130,368,55,157
4,0.13793103448275862,player,unknown,0.5471623539924622,614,222,670,403,56,181
4,0.13793103448275862,player,unknown,0.5468999743461609,563,242,602,400,39,158
4,0.13793103448275862,player,unknown,0.5382058620452881,416,387,463,557,47,170
5,0.1724137931034483,player,unknown,0.8034992218017578,968,343,1025,521,57,178
5,0.1724137931034483,player,unknown,0.6859039068222046,847,530,902,639,55,109
5,0.1724137931034483,player,unknown,0.6497699618339539,732,346,794,505,62,159
5,0.1724137931034483,player,unknown,0.616316556930542,459,257,520,403,61,146
5,0.1724137931034483,player,unknown,0.5981353521347046,419,386,471,564,52,178
5,0.1724137931034483,player,unknown,0.5266026258468628,607,437,665,590,58,153
5,0.1724137931034483,player,unknown,0.5143436789512634,564,243,602,399,38,156
6,0.20689655172413793,player,unknown,0.8229843378067017,968,343,1025,521,57,178
6,0.20689655172413793,player,unknown,0.6539464592933655,848,529,903,639,55,110
6,0.20689655172413793,player,unknown,0.6370328664779663,731,347,795,506,64,159
6,0.20689655172413793,player,unknown,0.5451024770736694,422,384,475,565,53,181
6,0.20689655172413793,player,unknown,0.5216103792190552,463,255,518,403,55,148
7,0.2413793103448276,player,unknown,0.8298164010047913,968,342,1026,521,58,179
7,0.2413793103448276,player,unknown,0.6523230075836182,730,347,795,506,65,159
7,0.2413793103448276,player,unknown,0.6427121162414551,849,530,907,639,58,109
7,0.2413793103448276,player,unknown,0.5647512078285217,1074,212,1132,368,58,156
7,0.2413793103448276,player,unknown,0.5639225840568542,613,228,672,401,59,173
7,0.2413793103448276,player,unknown,0.5108911991119385,464,252,517,404,53,152
8,0.27586206896551724,player,unknown,0.7957072257995605,967,341,1026,521,59,180
8,0.27586206896551724,player,unknown,0.6725988984107971,730,347,795,507,65,160
8,0.27586206896551724,player,unknown,0.6691074371337891,610,432,667,594,57,162
8,0.27586206896551724,player,unknown,0.6549162864685059,849,530,908,639,59,109
8,0.27586206896551724,player,unknown,0.5700094699859619,614,228,672,402,58,174
8,0.27586206896551724,player,unknown,0.5609902739524841,1073,216,1134,369,61,153
9,0.3103448275862069,player,unknown,0.7765556573867798,968,340,1026,519,58,179
9,0.3103448275862069,player,unknown,0.7045708298683167,731,347,797,508,66,161
9,0.3103448275862069,player,unknown,0.6879109740257263,850,531,910,639,60,108
9,0.3103448275862069,player,unknown,0.666071891784668,611,433,668,594,57,161
9,0.3103448275862069,player,unknown,0.5872219800949097,613,226,672,402,59,176
10,0.3448275862068966,player,unknown,0.7261902689933777,969,339,1027,514,58,175
10,0.3448275862068966,player,unknown,0.6959567666053772,611,431,669,595,58,164
10,0.3448275862068966,player,unknown,0.6869646310806274,734,347,797,508,63,161
10,0.3448275862068966,player,unknown,0.657258927822113,851,533,911,639,60,106
10,0.3448275862068966,player,unknown,0.6156900525093079,614,224,672,401,58,177
11,0.3793103448275862,player,unknown,0.7197438478469849,735,348,798,508,63,160
11,0.3793103448275862,player,unknown,0.7143104076385498,970,339,1028,510,58,171
11,0.3793103448275862,player,unknown,0.6504821181297302,611,429,669,596,58,167
11,0.3793103448275862,player,unknown,0.6451641917228699,608,219,672,403,64,184
11,0.3793103448275862,player,unknown,0.6285349726676941,852,532,911,639,59,107
12,0.41379310344827586,player,unknown,0.7150076031684875,732,348,799,508,67,160
12,0.41379310344827586,player,unknown,0.7030030488967896,970,337,1028,508,58,171
12,0.41379310344827586,player,unknown,0.6643838286399841,612,428,669,592,57,164
12,0.41379310344827586,player,unknown,0.6439523100852966,613,225,672,405,59,180
12,0.41379310344827586,player,unknown,0.5691549181938171,853,533,912,639,59,106
12,0.41379310344827586,player,unknown,0.5208210945129395,459,249,509,413,50,164
13,0.4482758620689655,player,unknown,0.7281256914138794,612,427,669,596,57,169
13,0.4482758620689655,player,unknown,0.7051655054092407,737,348,799,509,62,161
13,0.4482758620689655,player,unknown,0.6538205742835999,613,227,671,405,58,178
13,0.4482758620689655,player,unknown,0.6503874063491821,973,335,1030,508,57,173
13,0.4482758620689655,player,unknown,0.5427447557449341,855,534,912,639,57,105
14,0.4827586206896552,player,unknown,0.7239793539047241,612,425,669,599,57,174
14,0.4827586206896552,player,unknown,0.6991345882415771,737,348,800,510,63,162
14,0.4827586206896552,player,unknown,0.6544049978256226,976,334,1031,508,55,174
14,0.4827586206896552,player,unknown,0.6543959975242615,612,224,671,406,59,182
14,0.4827586206896552,player,unknown,0.5549432635307312,856,535,912,639,56,104
14,0.4827586206896552,player,unknown,0.5060757398605347,561,243,601,401,40,158
15,0.5172413793103449,player,unknown,0.7594501376152039,610,421,668,601,58,180
15,0.5172413793103449,player,unknown,0.7230893969535828,738,348,800,510,62,162
15,0.5172413793103449,player,unknown,0.6613004207611084,613,228,671,402,58,174
15,0.5172413793103449,player,unknown,0.6044711470603943,979,333,1031,508,52,175
15,0.5172413793103449,player,unknown,0.5833101272583008,857,536,913,639,56,103
15,0.5172413793103449,player,unknown,0.5741907954216003,443,386,519,563,76,177
15,0.5172413793103449,player,unknown,0.5120347738265991,560,240,603,401,43,161
16,0.5517241379310345,player,unknown,0.7429203391075134,607,417,668,599,61,182
16,0.5517241379310345,player,unknown,0.716333270072937,741,349,800,511,59,162
16,0.5517241379310345,player,unknown,0.6662150621414185,978,332,1031,508,53,176
16,0.5517241379310345,player,unknown,0.6515032052993774,615,232,671,405,56,173
16,0.5517241379310345,player,unknown,0.5666717290878296,856,536,915,638,59,102
16,0.5517241379310345,player,unknown,0.5410647988319397,444,386,518,560,74,174
17,0.5862068965517241,player,unknown,0.726525604724884,606,416,668,597,62,181
17,0.5862068965517241,player,unknown,0.7115501165390015,740,350,800,511,60,161
17,0.5862068965517241,player,unknown,0.6488232016563416,978,332,1031,508,53,176
17,0.5862068965517241,player,unknown,0.6255468130111694,615,232,671,405,56,173
17,0.5862068965517241,player,unknown,0.5631434917449951,856,537,916,639,60,102
17,0.5862068965517241,player,unknown,0.5539566278457642,449,385,519,558,70,173
18,0.6206896551724138,player,unknown,0.7128809094429016,604,418,668,594,64,176
18,0.6206896551724138,player,unknown,0.710578978061676,741,350,801,513,60,163
18,0.6206896551724138,player,unknown,0.6266878843307495,615,230,671,406,56,176
18,0.6206896551724138,player,unknown,0.5732247829437256,978,331,1031,509,53,178
18,0.6206896551724138,player,unknown,0.5568488240242004,856,538,916,638,60,100
19,0.6551724137931034,player,unknown,0.7329044938087463,605,419,667,596,62,177
19,0.6551724137931034,player,unknown,0.7231020331382751,741,350,801,515,60,165
19,0.6551724137931034,player,unknown,0.6735267639160156,975,332,1031,510,56,178
19,0.6551724137931034,player,unknown,0.626465916633606,616,227,671,406,55,179
19,0.6551724137931034,player,unknown,0.5669307708740234,857,538,917,639,60,101
19,0.6551724137931034,player,unknown,0.5381876230239868,452,383,519,562,67,179
20,0.6896551724137931,player,unknown,0.7423834800720215,972,333,1032,510,60,177
20,0.6896551724137931,player,unknown,0.7383762001991272,603,419,667,596,64,177
20,0.6896551724137931,player,unknown,0.7274142503738403,741,351,802,516,61,165
20,0.6896551724137931,player,unknown,0.6294287443161011,617,229,671,403,54,174
20,0.6896551724137931,player,unknown,0.5557432174682617,458,382,520,558,62,176
20,0.6896551724137931,player,unknown,0.5428706407546997,859,539,918,638,59,99
21,0.7241379310344828,player,unknown,0.7549581527709961,971,333,1033,509,62,176
21,0.7241379310344828,player,unknown,0.7240249514579773,602,420,666,597,64,177
21,0.7241379310344828,player,unknown,0.7139639258384705,740,351,802,516,62,165
21,0.7241379310344828,player,unknown,0.6182408928871155,617,232,671,404,54,172
21,0.7241379310344828,player,unknown,0.6163612604141235,461,378,523,555,62,177
21,0.7241379310344828,player,unknown,0.5374013185501099,861,540,918,638,57,98
22,0.7586206896551724,player,unknown,0.7216169238090515,971,333,1034,509,63,176
22,0.7586206896551724,player,unknown,0.7040808796882629,603,420,665,595,62,175
22,0.7586206896551724,player,unknown,0.672359824180603,743,351,801,517,58,166
22,0.7586206896551724,player,unknown,0.6473665833473206,461,377,527,554,66,177
22,0.7586206896551724,player,unknown,0.6106365323066711,618,234,672,402,54,168
22,0.7586206896551724,player,unknown,0.5582747459411621,460,259,515,397,55,138
22,0.7586206896551724,player,unknown,0.5220026969909668,862,541,919,639,57,98
23,0.7931034482758621,player,unknown,0.7321503162384033,972,333,1034,510,62,177
23,0.7931034482758621,player,unknown,0.6430073976516724,744,351,801,517,57,166
23,0.7931034482758621,player,unknown,0.6407274007797241,602,423,664,598,62,175
23,0.7931034482758621,player,unknown,0.6123798489570618,618,235,672,400,54,165
23,0.7931034482758621,player,unknown,0.6073946952819824,464,378,534,559,70,181
23,0.7931034482758621,player,unknown,0.5033624172210693,459,259,515,396,56,137
24,0.8275862068965517,player,unknown,0.6634199023246765,742,351,802,517,60,166
24,0.8275862068965517,player,unknown,0.6385831236839294,618,231,673,397,55,166
24,0.8275862068965517,player,unknown,0.6300556659698486,972,332,1034,510,62,178
24,0.8275862068965517,player,unknown,0.6201874017715454,464,378,539,557,75,179
24,0.8275862068965517,player,unknown,0.595536470413208,602,426,663,599,61,173
24,0.8275862068965517,player,unknown,0.5149639248847961,863,542,920,639,57,97
25,0.8620689655172413,player,unknown,0.9202130436897278,17,106,264,715,247,609
25,0.8620689655172413,player,unknown,0.9044843912124634,1021,114,1279,716,258,602
25,0.8620689655172413,player,unknown,0.8942362070083618,519,99,1051,708,532,609
25,0.8620689655172413,player,unknown,0.8429025411605835,247,30,682,639,435,609
25,0.8620689655172413,player,unknown,0.7124667763710022,290,329,589,711,299,382
26,0.896551724137931,player,unknown,0.9069021344184875,1021,113,1279,717,258,604
26,0.896551724137931,player,unknown,0.9065930247306824,17,106,263,715,246,609
26,0.896551724137931,player,unknown,0.8958635330200195,533,100,1068,712,535,612
26,0.896551724137931,player,unknown,0.8497779965400696,249,32,677,695,428,663
26,0.896551724137931,player,unknown,0.6462546586990356,323,326,621,654,298,328
27,0.9310344827586207,player,unknown,0.9293259382247925,3,107,257,715,254,608
27,0.9310344827586207,player,unknown,0.9056326150894165,1013,111,1279,716,266,605
27,0.9310344827586207,player,unknown,0.8561283946037292,551,102,1066,714,515,612
27,0.9310344827586207,player,unknown,0.8066453337669373,253,35,673,698,420,663
27,0.9310344827586207,player,unknown,0.5295923352241516,337,330,631,669,294,339
28,0.9655172413793104,player,unknown,0.9015718698501587,2,112,256,715,254,603
28,0.9655172413793104,player,unknown,0.881456732749939,1006,110,1279,715,273,605
28,0.9655172413793104,player,unknown,0.8792087435722351,555,106,1066,712,511,606
28,0.9655172413793104,player,unknown,0.6495192646980286,415,192,655,506,240,314
28,0.9655172413793104,player,unknown,0.5491676330566406,362,326,637,644,275,318
28,0.9655172413793104,player,unknown,0.5442522168159485,252,42,663,682,411,640
29,1.0,player,unknown,0.9202041029930115,0,110,257,715,257,605
29,1.0,player,unknown,0.8577010631561279,1002,111,1278,715,276,604
29,1.0,player,unknown,0.7925985455513,408,176,669,515,261,339
29,1.0,player,unknown,0.7281603217124939,650,101,850,425,200,324
29,1.0,player,unknown,0.7252804040908813,251,39,499,681,248,642
29,1.0,player,unknown,0.6284887790679932,735,107,1062,712,327,605
29,1.0,player,unknown,0.5755570530891418,367,324,761,647,394,323
30,1.0344827586206897,player,unknown,0.9332706332206726,0,113,261,714,261,601
30,1.0344827586206897,player,unknown,0.8482772707939148,995,111,1278,715,283,604
30,1.0344827586206897,player,unknown,0.807702362537384,249,34,497,686,248,652
30,1.0344827586206897,player,unknown,0.78255695104599,402,171,680,529,278,358
30,1.0344827586206897,player,unknown,0.5899196863174438,414,95,1063,711,649,616
30,1.0344827586206897,player,unknown,0.5607420206069946,657,98,857,415,200,317
31,1.0689655172413792,player,unknown,0.9349476099014282,0,118,263,715,263,597
31,1.0689655172413792,player,unknown,0.8599740266799927,991,111,1273,715,282,604
31,1.0689655172413792,player,unknown,0.8260242938995361,249,32,495,704,246,672
31,1.0689655172413792,player,unknown,0.7824923992156982,395,171,687,546,292,375
31,1.0689655172413792,player,unknown,0.7005459666252136,604,98,1059,715,455,617
31,1.0689655172413792,player,unknown,0.6937581300735474,660,99,862,423,202,324
31,1.0689655172413792,player,unknown,0.6270819902420044,394,321,698,641,304,320
32,1.103448275862069,player,unknown,0.94162917137146,0,115,263,715,263,600
32,1.103448275862069,player,unknown,0.8743457794189453,986,116,1275,714,289,598
32,1.103448275862069,player,unknown,0.8463590145111084,604,109,1059,713,455,604
32,1.103448275862069,player,unknown,0.816609799861908,247,33,490,697,243,664
32,1.103448275862069,player,unknown,0.6805596351623535,661,99,867,423,206,324
32,1.103448275862069,player,unknown,0.6753723621368408,404,308,753,644,349,336
32,1.103448275862069,player,unknown,0.6691898703575134,382,173,686,610,304,437
33,1.1379310344827587,player,unknown,0.939586341381073,0,113,264,715,264,602
33,1.1379310344827587,player,unknown,0.8302081227302551,979,111,1264,715,285,604
33,1.1379310344827587,player,unknown,0.7953757047653198,622,110,1054,708,432,598
33,1.1379310344827587,player,unknown,0.775435745716095,243,34,528,682,285,648
33,1.1379310344827587,player,unknown,0.7511593699455261,418,309,762,644,344,335
33,1.1379310344827587,player,unknown,0.582115650177002,661,98,868,415,207,317
34,1.1724137931034482,player,unknown,0.9397414922714233,0,115,265,715,265,600
34,1.1724137931034482,player,unknown,0.8407672643661499,959,113,1269,714,310,601
34,1.1724137931034482,player,unknown,0.7726465463638306,361,202,584,644,223,442
34,1.1724137931034482,player,unknown,0.7409346103668213,628,151,1053,706,425,555
34,1.1724137931034482,player,unknown,0.7358308434486389,425,309,761,645,336,336
34,1.1724137931034482,player,unknown,0.7194494605064392,240,33,555,673,315,640
34,1.1724137931034482,player,unknown,0.5332610607147217,660,99,864,422,204,323
35,1.206896551724138,player,unknown,0.9404041171073914,0,117,270,716,270,599
35,1.206896551724138,player,unknown,0.8492142558097839,937,114,1272,713,335,599
35,1.206896551724138,player,unknown,0.7338948845863342,441,310,748,643,307,333
35,1.206896551724138,player,unknown,0.7160167098045349,367,218,590,639,223,421
35,1.206896551724138,player,unknown,0.7093029022216797,242,32,585,670,343,638
35,1.206896551724138,player,unknown,0.6563249230384827,647,126,1043,699,396,573
35,1.206896551724138,player,unknown,0.63158118724823,659,99,866,425,207,326
36,1.2413793103448276,player,unknown,0.9302843809127808,0,118,274,716,274,598
36,1.2413793103448276,player,unknown,0.8240963816642761,921,120,1265,715,344,595
36,1.2413793103448276,player,unknown,0.7270907759666443,652,123,1047,697,395,574
36,1.2413793103448276,player,unknown,0.7268729209899902,366,222,597,642,231,420
36,1.2413793103448276,player,unknown,0.6987709403038025,242,36,625,684,383,648
36,1.2413793103448276,player,unknown,0.6134171485900879,445,305,747,646,302,341
36,1.2413793103448276,player,unknown,0.551774799823761,660,98,867,442,207,344
37,1.2758620689655173,player,unknown,0.9399613738059998,0,119,274,715,274,596
37,1.2758620689655173,player,unknown,0.7967749238014221,676,105,1031,706,355,601
37,1.2758620689655173,player,unknown,0.7657879590988159,369,217,601,640,232,423
37,1.2758620689655173,player,unknown,0.7150923609733582,238,36,649,679,411,643
37,1.2758620689655173,player,unknown,0.7003287076950073,662,99,870,457,208,358
37,1.2758620689655173,player,unknown,0.6696248054504395,903,121,1266,714,363,593
37,1.2758620689655173,player,unknown,0.6211209893226624,464,315,759,653,295,338
38,1.3103448275862069,player,unknown,0.9380013346672058,0,118,269,715,269,597
38,1.3103448275862069,player,unknown,0.7732704281806946,370,221,603,646,233,425
38,1.3103448275862069,player,unknown,0.7720003724098206,232,34,640,681,408,647
38,1.3103448275862069,player,unknown,0.6830484867095947,687,98,1049,706,362,608
38,1.3103448275862069,player,unknown,0.6816524267196655,471,318,761,655,290,337
38,1.3103448275862069,player,unknown,0.680839478969574,992,129,1251,715,259,586
38,1.3103448275862069,player,unknown,0.6558387875556946,659,100,865,455,206,355
39,1.3448275862068966,player,unknown,0.9379288554191589,0,119,265,715,265,596
39,1.3448275862068966,player,unknown,0.7609013319015503,224,35,634,685,410,650
39,1.3448275862068966,player,unknown,0.7549354434013367,945,123,1247,716,302,593
39,1.3448275862068966,player,unknown,0.7484390735626221,683,97,1033,704,350,607
39,1.3448275862068966,player,unknown,0.7435004711151123,366,215,608,644,242,429
39,1.3448275862068966,player,unknown,0.707599401473999,481,317,764,650,283,333
39,1.3448275862068966,player,unknown,0.6224029660224915,651,102,861,432,210,330
40,1.3793103448275863,player,unknown,0.9351949691772461,0,118,257,715,257,597
40,1.3793103448275863,player,unknown,0.8135199546813965,217,26,581,677,364,651
40,1.3793103448275863,player,unknown,0.7132855653762817,362,208,613,640,251,432
40,1.3793103448275863,player,unknown,0.6385292410850525,693,113,1010,684,317,571
40,1.3793103448275863,player,unknown,0.6038097143173218,647,96,858,380,211,284
40,1.3793103448275863,player,unknown,0.5458147525787354,993,123,1242,715,249,592
40,1.3793103448275863,player,unknown,0.5386872291564941,490,319,763,642,273,323
41,1.4137931034482758,player,unknown,0.9338619112968445,0,116,250,714,250,598
41,1.4137931034482758,player,unknown,0.852787435054779,215,24,556,666,341,642
41,1.4137931034482758,player,unknown,0.8199439644813538,358,200,620,639,262,439
41,1.4137931034482758,player,unknown,0.6949477195739746,641,93,856,352,215,259
41,1.4137931034482758,player,unknown,0.6570795178413391,699,121,1014,677,315,556
41,1.4137931034482758,player,unknown,0.5863343477249146,873,120,1239,716,366,596
42,1.4482758620689655,player,unknown,0.9297411441802979,0,112,242,714,242,602
42,1.4482758620689655,player,unknown,0.8634728789329529,207,21,556,667,349,646
42,1.4482758620689655,player,unknown,0.8521194458007812,348,200,628,653,280,453
42,1.4482758620689655,player,unknown,0.7093989849090576,635,93,849,334,214,241
42,1.4482758620689655,player,unknown,0.5012105703353882,977,121,1236,712,259,591
42,1.4482758620689655,player,unknown,0.5002387762069702,597,2,837,209,240,207
43,1.4827586206896552,player,unknown,0.930631160736084,0,110,234,713,234,603
43,1.4827586206896552,player,unknown,0.8548657894134521,202,25,545,667,343,642
43,1.4827586206896552,player,unknown,0.8429461121559143,349,203,632,635,283,432
43,1.4827586206896552,player,unknown,0.7011659145355225,631,90,845,330,214,240
43,1.4827586206896552,player,unknown,0.5726754069328308,976,132,1238,713,262,581
43,1.4827586206896552,player,unknown,0.5316113233566284,711,102,952,442,241,340
43,1.4827586206896552,player,unknown,0.5225926637649536,591,2,835,218,244,216
44,1.5172413793103448,player,unknown,0.9175483584403992,0,111,230,714,230,603
44,1.5172413793103448,player,unknown,0.8568965792655945,192,26,533,668,341,642
44,1.5172413793103448,player,unknown,0.8526394367218018,340,204,640,634,300,430
44,1.5172413793103448,player,unknown,0.6841128468513489,622,87,838,336,216,249
44,1.5172413793103448,player,unknown,0.5642803311347961,979,138,1228,713,249,575
45,1.5517241379310345,player,unknown,0.9179303050041199,0,118,221,715,221,597
45,1.5517241379310345,player,unknown,0.8232107162475586,183,25,517,684,334,659
45,1.5517241379310345,player,unknown,0.8152070641517639,328,211,650,652,322,441
45,1.5517241379310345,player,unknown,0.660473108291626,611,85,832,352,221,267
45,1.5517241379310345,player,unknown,0.529981255531311,706,99,962,459,256,360
46,1.5862068965517242,player,unknown,0.9116626977920532,0,116,223,714,223,598
46,1.5862068965517242,player,unknown,0.8368251323699951,328,218,650,641,322,423
46,1.5862068965517242,player,unknown,0.6873760223388672,606,86,828,363,222,277
46,1.5862068965517242,player,unknown,0.650585949420929,535,90,1065,701,530,611
46,1.5862068965517242,player,unknown,0.6240544319152832,1007,91,1221,712,214,621
46,1.5862068965517242,player,unknown,0.5851858854293823,708,99,979,461,271,362
46,1.5862068965517242,player,unknown,0.5682657361030579,535,292,1054,667,519,375
46,1.5862068965517242,player,unknown,0.5498127341270447,179,21,486,690,307,669
47,1.6206896551724137,player,unknown,0.9101629853248596,0,123,223,714,223,591
47,1.6206896551724137,player,unknown,0.8358142375946045,178,22,602,689,424,667
47,1.6206896551724137,player,unknown,0.8186749219894409,326,223,654,644,328,421
47,1.6206896551724137,player,unknown,0.6123259663581848,610,85,827,426,217,341
47,1.6206896551724137,player,unknown,0.5565780997276306,544,205,1034,698,490,493
47,1.6206896551724137,player,unknown,0.5024513006210327,708,93,1012,687,304,594
48,1.6551724137931034,player,unknown,0.9009960889816284,0,123,225,714,225,591
48,1.6551724137931034,player,unknown,0.8304755091667175,329,225,660,641,331,416
48,1.6551724137931034,player,unknown,0.8137096166610718,179,20,594,673,415,653
48,1.6551724137931034,player,unknown,0.7695819735527039,609,79,826,440,217,361
48,1.6551724137931034,player,unknown,0.7549825310707092,554,126,1070,698,516,572
48,1.6551724137931034,player,unknown,0.5988917946815491,1004,110,1231,714,227,604
48,1.6551724137931034,player,unknown,0.525434672832489,608,3,837,228,229,225
49,1.6896551724137931,player,unknown,0.9077925682067871,1,122,227,716,226,594
49,1.6896551724137931,player,unknown,0.8506239652633667,179,17,589,676,410,659
49,1.6896551724137931,player,unknown,0.7929934859275818,563,122,1083,703,520,581
49,1.6896551724137931,player,unknown,0.7827390432357788,609,77,831,434,222,357
49,1.6896551724137931,player,unknown,0.7725989818572998,329,228,666,669,337,441
49,1.6896551724137931,player,unknown,0.7652401924133301,997,113,1232,713,235,600
49,1.6896551724137931,player,unknown,0.6603259444236755,602,3,840,230,238,227
49,1.6896551724137931,class_56,,0.560859203338623,213,664,325,720,112,56
50,1.7241379310344827,player,unknown,0.9187389016151428,0,106,233,715,233,609
50,1.7241379310344827,player,unknown,0.8587756156921387,180,12,600,675,420,663
50,1.7241379310344827,player,unknown,0.794532835483551,340,223,670,652,330,429
50,1.7241379310344827,player,unknown,0.761746883392334,992,111,1247,712,255,601
50,1.7241379310344827,player,unknown,0.7497064471244812,571,142,1095,710,524,568
50,1.7241379310344827,player,unknown,0.7443441152572632,612,74,832,430,220,356
50,1.7241379310344827,player,unknown,0.578219473361969,606,2,842,229,236,227
51,1.7586206896551724,player,unknown,0.9173756837844849,0,102,238,715,238,613
51,1.7586206896551724,player,unknown,0.8692270517349243,348,218,674,638,326,420
51,1.7586206896551724,player,unknown,0.8532508611679077,179,9,599,666,420,657
51,1.7586206896551724,player,unknown,0.7492216229438782,617,70,830,431,213,361
51,1.7586206896551724,player,unknown,0.5640477538108826,577,100,1101,707,524,607
51,1.7586206896551724,player,unknown,0.5121352672576904,990,99,1229,713,239,614
52,1.793103448275862,player,unknown,0.9366834163665771,0,103,246,715,246,612
52,1.793103448275862,player,unknown,0.8937419056892395,349,210,677,636,328,426
52,1.793103448275862,player,unknown,0.8790331482887268,182,4,608,647,426,643
52,1.793103448275862,player,unknown,0.7622403502464294,619,61,835,431,216,370
53,1.8275862068965518,player,unknown,0.9332510232925415,0,103,255,714,255,611
53,1.8275862068965518,player,unknown,0.8963696360588074,354,195,684,638,330,443
53,1.8275862068965518,player,unknown,0.8675289154052734,183,3,593,642,410,639
53,1.8275862068965518,player,unknown,0.7190075516700745,622,65,834,431,212,366
53,1.8275862068965518,player,unknown,0.5859447717666626,598,73,1143,705,545,632
53,1.8275862068965518,player,unknown,0.5201316475868225,992,56,1270,713,278,657
54,1.8620689655172413,player,unknown,0.9108586311340332,0,102,261,715,261,613
54,1.8620689655172413,player,unknown,0.8927454948425293,360,184,690,638,330,454
54,1.8620689655172413,player,unknown,0.8634071350097656,186,4,594,641,408,637
54,1.8620689655172413,player,unknown,0.7189095616340637,628,63,846,426,218,363
54,1.8620689655172413,player,unknown,0.563302755355835,887,40,1230,712,343,672
54,1.8620689655172413,player,unknown,0.5314637422561646,610,60,1115,689,505,629
55,1.896551724137931,player,unknown,0.9020931124687195,0,97,262,714,262,617
55,1.896551724137931,player,unknown,0.8939109444618225,366,164,695,638,329,474
55,1.896551724137931,player,unknown,0.8272159099578857,187,4,531,647,344,643
55,1.896551724137931,player,unknown,0.7542952299118042,624,60,856,428,232,368
55,1.896551724137931,player,unknown,0.6261587142944336,613,171,1161,700,548,529
55,1.896551724137931,player,unknown,0.5946137309074402,1009,44,1237,713,228,669
55,1.896551724137931,player,unknown,0.513124406337738,511,41,642,292,131,251
56,1.9310344827586208,player,unknown,0.908207356929779,0,104,264,714,264,610
56,1.9310344827586208,player,unknown,0.9055278301239014,372,157,705,638,333,481
56,1.9310344827586208,player,unknown,0.8562600016593933,189,4,531,628,342,624
56,1.9310344827586208,player,unknown,0.7263670563697815,623,109,1161,702,538,593
56,1.9310344827586208,player,unknown,0.7259112000465393,630,51,861,427,231,376
56,1.9310344827586208,player,unknown,0.6685803532600403,1011,67,1244,712,233,645
56,1.9310344827586208,player,unknown,0.5651946067810059,722,49,1050,696,328,647
57,1.9655172413793103,player,unknown,0.9147822260856628,374,147,708,639,334,492
57,1.9655172413793103,player,unknown,0.9097406268119812,1,102,265,713,264,611
57,1.9655172413793103,player,unknown,0.852059543132782,190,4,528,628,338,624
57,1.9655172413793103,player,unknown,0.7710617184638977,633,90,1168,709,535,619
57,1.9655172413793103,player,unknown,0.7122957110404968,634,34,869,425,235,391
57,1.9655172413793103,player,unknown,0.6072791814804077,1012,78,1248,712,236,634
58,2.0,player,unknown,0.923931896686554,375,131,711,639,336,508
58,2.0,player,unknown,0.907435417175293,0,101,266,714,266,613
58,2.0,player,unknown,0.8612422347068787,191,4,527,625,336,621
58,2.0,player,unknown,0.7305338978767395,639,26,878,426,239,400
58,2.0,player,unknown,0.7083268761634827,640,96,1174,709,534,613
58,2.0,player,unknown,0.6346957683563232,1016,89,1253,712,237,623
59,2.0344827586206895,player,unknown,0.9195283651351929,376,131,712,640,336,509
59,2.0344827586206895,player,unknown,0.9130796790122986,1,100,266,714,265,614
59,2.0344827586206895,player,unknown,0.8746970295906067,191,4,521,630,330,626
59,2.0344827586206895,player,unknown,0.752548336982727,640,18,880,431,240,413
59,2.0344827586206895,player,unknown,0.6825804710388184,646,163,1173,706,527,543
59,2.0344827586206895,player,unknown,0.620016872882843,1021,76,1257,712,236,636
60,2.0689655172413794,player,unknown,0.9163358211517334,381,131,711,640,330,509
60,2.0689655172413794,player,unknown,0.8997993469238281,0,79,270,714,270,635
60,2.0689655172413794,player,unknown,0.8711036443710327,190,3,532,631,342,628
60,2.0689655172413794,player,unknown,0.7915259599685669,924,51,1260,713,336,662
60,2.0689655172413794,player,unknown,0.7603780627250671,643,19,883,435,240,416
61,2.103448275862069,player,unknown,0.9072429537773132,382,134,710,640,328,506
61,2.103448275862069,player,unknown,0.9044779539108276,1,81,271,714,270,633
61,2.103448275862069,player,unknown,0.8707681894302368,190,3,535,633,345,630
61,2.103448275862069,player,unknown,0.7465708255767822,943,27,1264,714,321,687
61,2.103448275862069,player,unknown,0.7458149790763855,643,29,880,430,237,401
61,2.103448275862069,player,unknown,0.5274427533149719,728,34,1043,526,315,492
62,2.1379310344827585,player,unknown,0.9107224345207214,0,95,276,715,276,620
62,2.1379310344827585,player,unknown,0.9052250385284424,381,135,709,640,328,505
62,2.1379310344827585,player,unknown,0.8810306191444397,188,3,552,630,364,627
62,2.1379310344827585,player,unknown,0.8464128375053406,941,16,1276,714,335,698
62,2.1379310344827585,player,unknown,0.7477747201919556,644,30,883,445,239,415
62,2.1379310344827585,player,unknown,0.5835776925086975,732,32,1031,433,299,401
62,2.1379310344827585,player,unknown,0.5557589530944824,508,23,645,269,137,246
62,2.1379310344827585,player,unknown,0.5057350397109985,665,240,1036,704,371,464
63,2.1724137931034484,player,unknown,0.9096024036407471,0,94,277,714,277,620
63,2.1724137931034484,player,unknown,0.9033383727073669,188,3,525,631,337,628
63,2.1724137931034484,player,unknown,0.8972424864768982,388,137,708,639,320,502
63,2.1724137931034484,player,unknown,0.8553621172904968,948,19,1278,713,330,694
63,2.1724137931034484,player,unknown,0.7288625836372375,649,31,884,440,235,409
63,2.1724137931034484,player,unknown,0.6117048263549805,735,31,1051,450,316,419
63,2.1724137931034484,player,unknown,0.5899109840393066,671,227,1104,714,433,487
64,2.206896551724138,player,unknown,0.904412031173706,0,98,273,714,273,616
64,2.206896551724138,player,unknown,0.8960078358650208,187,3,531,632,344,629
64,2.206896551724138,player,unknown,0.8897101283073425,388,143,711,640,323,497
64,2.206896551724138,player,unknown,0.8190702795982361,991,42,1278,711,287,669
64,2.206896551724138,player,unknown,0.7768906950950623,680,29,1216,714,536,685
64,2.206896551724138,player,unknown,0.684910237789154,648,32,885,449,237,417
65,2.2413793103448274,player,unknown,0.9062656760215759,186,3,565,632,379,629
65,2.2413793103448274,player,unknown,0.8803970813751221,0,82,267,713,267,631
65,2.2413793103448274,player,unknown,0.8796941041946411,396,144,713,641,317,497
65,2.2413793103448274,player,unknown,0.8495129346847534,994,56,1278,712,284,656
65,2.2413793103448274,player,unknown,0.7516882419586182,683,59,1217,712,534,653
65,2.2413793103448274,player,unknown,0.6962511539459229,657,29,887,449,230,420
65,2.2413793103448274,player,unknown,0.5939606428146362,739,30,1081,433,342,403
66,2.2758620689655173,player,unknown,0.8875263333320618,0,95,259,714,259,619
66,2.2758620689655173,player,unknown,0.887058675289154,184,2,578,628,394,626
66,2.2758620689655173,player,unknown,0.8798355460166931,392,145,716,643,324,498
66,2.2758620689655173,player,unknown,0.8622642159461975,996,61,1279,712,283,651
66,2.2758620689655173,player,unknown,0.7215996980667114,657,27,889,441,232,414
66,2.2758620689655173,player,unknown,0.7093071341514587,689,85,1219,713,530,628
66,2.2758620689655173,player,unknown,0.6357527375221252,742,28,1082,424,340,396
67,2.310344827586207,player,unknown,0.8885589838027954,181,3,576,632,395,629
67,2.310344827586207,player,unknown,0.8838613629341125,399,149,717,644,318,495
67,2.310344827586207,player,unknown,0.8756621479988098,995,46,1279,712,284,666
67,2.310344827586207,player,unknown,0.8683586120605469,0,81,243,713,243,632
67,2.310344827586207,player,unknown,0.7308793663978577,659,24,889,446,230,422
67,2.310344827586207,player,unknown,0.5938695669174194,747,27,1081,428,334,401
68,2.3448275862068964,player,unknown,0.8841039538383484,404,149,722,640,318,491
68,2.3448275862068964,player,unknown,0.8700909614562988,179,3,584,635,405,632
68,2.3448275862068964,player,unknown,0.8488529920578003,0,79,221,713,221,634
68,2.3448275862068964,player,unknown,0.8237785696983337,1001,31,1279,712,278,681
68,2.3448275862068964,player,unknown,0.7448952198028564,657,24,889,440,232,416
68,2.3448275862068964,class_56,,0.522729754447937,206,604,322,716,116,112
68,2.3448275862068964,player,unknown,0.5114463567733765,748,26,1084,438,336,412
69,2.3793103448275863,player,unknown,0.8863064050674438,417,145,724,640,307,495
69,2.3793103448275863,player,unknown,0.8833524584770203,181,3,583,632,402,629
69,2.3793103448275863,player,unknown,0.8498053550720215,0,81,208,713,208,632
69,2.3793103448275863,player,unknown,0.8365617394447327,1004,14,1279,712,275,698
69,2.3793103448275863,player,unknown,0.7562518119812012,659,22,885,440,226,418
69,2.3793103448275863,player,unknown,0.523716151714325,692,17,1246,709,554,692
70,2.413793103448276,player,unknown,0.8852019906044006,180,3,583,632,403,629
70,2.413793103448276,player,unknown,0.8792564868927002,420,142,728,639,308,497
70,2.413793103448276,player,unknown,0.8656183481216431,953,14,1279,713,326,699
70,2.413793103448276,player,unknown,0.7606496214866638,0,77,231,712,231,635
70,2.413793103448276,player,unknown,0.7315837144851685,661,18,874,423,213,405
70,2.413793103448276,player,unknown,0.6525225639343262,687,207,1032,705,345,498
70,2.413793103448276,class_56,,0.5883910059928894,189,601,326,718,137,117
70,2.413793103448276,player,unknown,0.5514194369316101,754,23,1086,416,332,393
71,2.4482758620689653,player,unknown,0.8955067992210388,421,138,733,639,312,501
71,2.4482758620689653,player,unknown,0.8857823610305786,953,17,1279,714,326,697
71,2.4482758620689653,player,unknown,0.8806542754173279,177,3,578,632,401,629
71,2.4482758620689653,player,unknown,0.7534416317939758,0,82,237,713,237,631
71,2.4482758620689653,player,unknown,0.7525867819786072,660,19,880,409,220,390
71,2.4482758620689653,player,unknown,0.7104170322418213,685,206,1034,705,349,499
71,2.4482758620689653,class_56,,0.5825604796409607,184,602,327,718,143,116
71,2.4482758620689653,player,unknown,0.515770673751831,753,20,1088,430,335,410
72,2.4827586206896552,player,unknown,0.8921806216239929,423,136,737,638,314,502
72,2.4827586206896552,player,unknown,0.8727588653564453,176,3,572,632,396,629
72,2.4827586206896552,player,unknown,0.8592385053634644,954,17,1279,713,325,696
72,2.4827586206896552,player,unknown,0.788412868976593,0,90,247,712,247,622
72,2.4827586206896552,player,unknown,0.7492908239364624,663,22,874,405,211,383
72,2.4827586206896552,player,unknown,0.5261231660842896,684,189,1074,706,390,517
72,2.4827586206896552,class_56,,0.508124589920044,184,603,330,718,146,115
73,2.5172413793103448,player,unknown,0.8909740447998047,423,133,741,639,318,506
73,2.5172413793103448,player,unknown,0.8749759793281555,181,2,585,629,404,627
73,2.5172413793103448,player,unknown,0.8535009622573853,1040,45,1278,712,238,667
73,2.5172413793103448,player,unknown,0.7707943320274353,661,23,879,387,218,364
73,2.5172413793103448,player,unknown,0.7466437220573425,0,97,215,713,215,616
73,2.5172413793103448,player,unknown,0.5167348980903625,681,21,1235,704,554,683
74,2.5517241379310347,player,unknown,0.9078593850135803,425,131,745,638,320,507
74,2.5517241379310347,player,unknown,0.8665748834609985,181,2,586,628,405,626
74,2.5517241379310347,player,unknown,0.8637325167655945,1049,71,1279,712,230,641
74,2.5517241379310347,player,unknown,0.783940851688385,658,26,887,384,229,358
74,2.5517241379310347,player,unknown,0.7533028721809387,0,84,239,711,239,627
74,2.5517241379310347,player,unknown,0.6020913124084473,675,73,1267,710,592,637
75,2.586206896551724,player,unknown,0.9179524779319763,424,130,746,638,322,508
75,2.586206896551724,player,unknown,0.8733772039413452,177,2,568,629,391,627
75,2.586206896551724,player,unknown,0.82682204246521,0,66,239,711,239,645
75,2.586206896551724,player,unknown,0.8164571523666382,1042,91,1279,712,237,621
75,2.586206896551724,player,unknown,0.7495049834251404,656,27,889,371,233,344
75,2.586206896551724,player,unknown,0.6841847896575928,657,19,1091,640,434,621
75,2.586206896551724,class_56,,0.5698682069778442,189,609,334,718,145,109
76,2.6206896551724137,player,unknown,0.911767840385437,423,128,744,638,321,510
76,2.6206896551724137,player,unknown,0.881618857383728,179,2,566,630,387,628
76,2.6206896551724137,player,unknown,0.8128612637519836,0,17,231,711,231,694
76,2.6206896551724137,player,unknown,0.7780337929725647,1038,87,1279,713,241,626
76,2.6206896551724137,player,unknown,0.7775809168815613,653,26,887,356,234,330
76,2.6206896551724137,player,unknown,0.565833568572998,633,19,1093,661,460,642
77,2.6551724137931036,player,unknown,0.8904457688331604,419,127,752,638,333,511
77,2.6551724137931036,player,unknown,0.8685029745101929,181,2,567,633,386,631
77,2.6551724137931036,player,unknown,0.8267120718955994,0,20,237,711,237,691
77,2.6551724137931036,player,unknown,0.7887869477272034,647,22,885,330,238,308
77,2.6551724137931036,player,unknown,0.7860959768295288,1029,72,1279,713,250,641
77,2.6551724137931036,player,unknown,0.6317446231842041,734,201,1270,710,536,509
78,2.689655172413793,player,unknown,0.8864990472793579,0,101,230,713,230,612
78,2.689655172413793,player,unknown,0.8830618262290955,415,131,755,638,340,507
78,2.689655172413793,player,unknown,0.8774275183677673,182,2,556,632,374,630
78,2.689655172413793,player,unknown,0.7673760652542114,1041,54,1279,713,238,659
78,2.689655172413793,player,unknown,0.7465867400169373,650,21,880,318,230,297
79,2.7241379310344827,player,unknown,0.9085560441017151,0,102,241,713,241,611
79,2.7241379310344827,player,unknown,0.8810541033744812,417,135,761,638,344,503
79,2.7241379310344827,player,unknown,0.8544395565986633,181,2,555,633,374,631
79,2.7241379310344827,player,unknown,0.7535679340362549,1039,50,1279,713,240,663
80,2.7586206896551726,player,unknown,0.9144535660743713,0,102,277,714,277,612
80,2.7586206896551726,player,unknown,0.8639078140258789,184,2,543,638,359,636
80,2.7586206896551726,player,unknown,0.8304308652877808,418,139,773,640,355,501
80,2.7586206896551726,player,unknown,0.7752465605735779,745,216,1066,710,321,494
80,2.7586206896551726,player,unknown,0.718424379825592,984,53,1279,712,295,659
80,2.7586206896551726,player,unknown,0.5448853969573975,651,25,873,306,222,281
81,2.793103448275862,player,unknown,0.90581876039505,0,58,282,714,282,656
81,2.793103448275862,player,unknown,0.8449975252151489,191,2,541,661,350,659
81,2.793103448275862,player,unknown,0.8370182514190674,410,143,787,639,377,496
81,2.793103448275862,player,unknown,0.8078548312187195,989,62,1278,712,289,650
81,2.793103448275862,player,unknown,0.7432600855827332,748,215,1058,708,310,493
81,2.793103448275862,player,unknown,0.5575924515724182,651,24,876,300,225,276
82,2.8275862068965516,player,unknown,0.8965668082237244,0,68,300,714,300,646
82,2.8275862068965516,player,unknown,0.8479071259498596,194,2,543,648,349,646
82,2.8275862068965516,player,unknown,0.8145509958267212,400,149,782,640,382,491
82,2.8275862068965516,player,unknown,0.7116678357124329,1016,65,1279,713,263,648
82,2.8275862068965516,player,unknown,0.5934150815010071,752,209,1077,708,325,499
83,2.8620689655172415,player,unknown,0.9021968245506287,0,72,320,712,320,640
83,2.8620689655172415,player,unknown,0.8577187657356262,395,157,786,646,391,489
83,2.8620689655172415,player,unknown,0.8339101076126099,197,3,544,661,347,658
83,2.8620689655172415,player,unknown,0.7816199660301208,1026,54,1279,713,253,659
84,2.896551724137931,player,unknown,0.8947035670280457,0,72,319,713,319,641
84,2.896551724137931,player,unknown,0.8569441437721252,382,161,789,643,407,482
84,2.896551724137931,player,unknown,0.8383206725120544,1013,69,1279,712,266,643
84,2.896551724137931,player,unknown,0.8378084897994995,200,2,540,637,340,635
84,2.896551724137931,player,unknown,0.7468336224555969,754,206,1076,710,322,504
84,2.896551724137931,player,unknown,0.5336073637008667,567,37,1081,443,514,406
85,2.9310344827586206,player,unknown,0.8787841200828552,1,71,339,711,338,640
85,2.9310344827586206,player,unknown,0.8754698038101196,1012,67,1279,713,267,646
85,2.9310344827586206,player,unknown,0.8582189679145813,206,2,532,630,326,628
85,2.9310344827586206,player,unknown,0.8120260834693909,754,205,1080,713,326,508
85,2.9310344827586206,player,unknown,0.7461944818496704,368,166,790,638,422,472
86,2.9655172413793105,player,unknown,0.8773756623268127,0,71,356,712,356,641
86,2.9655172413793105,player,unknown,0.8692708611488342,1023,61,1279,713,256,652
86,2.9655172413793105,player,unknown,0.8515381813049316,210,3,523,629,313,626
86,2.9655172413793105,player,unknown,0.7147923707962036,361,164,790,637,429,473
86,2.9655172413793105,player,unknown,0.6766712069511414,752,204,1076,712,324,508
86,2.9655172413793105,player,unknown,0.565683126449585,0,257,170,715,170,458
87,3.0,player,unknown,0.8767796158790588,0,73,371,712,371,639
87,3.0,player,unknown,0.8457144498825073,1030,52,1279,714,249,662
87,3.0,player,unknown,0.8442059755325317,211,3,512,620,301,617
87,3.0,player,unknown,0.75959712266922,358,161,794,637,436,476
87,3.0,player,unknown,0.7287618517875671,0,264,160,715,160,451
87,3.0,player,unknown,0.5775253772735596,748,200,1078,710,330,510
88,3.0344827586206895,player,unknown,0.839266836643219,1034,47,1279,714,245,667
88,3.0344827586206895,player,unknown,0.82354336977005,214,4,507,602,293,598
88,3.0344827586206895,player,unknown,0.8024539351463318,0,77,371,706,371,629
88,3.0344827586206895,player,unknown,0.7218621373176575,366,158,798,636,432,478
88,3.0344827586206895,player,unknown,0.6235342621803284,0,259,164,715,164,456
88,3.0344827586206895,player,unknown,0.5477153062820435,745,199,1276,713,531,514
89,3.0689655172413794,player,unknown,0.8256996273994446,213,5,506,582,293,577
89,3.0689655172413794,player,unknown,0.8108271956443787,1038,55,1279,713,241,658
89,3.0689655172413794,player,unknown,0.7867351174354553,371,155,801,637,430,482
89,3.0689655172413794,player,unknown,0.6427277326583862,0,266,211,715,211,449
89,3.0689655172413794,player,unknown,0.5887994170188904,742,199,1276,714,534,515
90,3.103448275862069,player,unknown,0.8426660299301147,392,156,790,636,398,480
90,3.103448275862069,player,unknown,0.8177387118339539,211,5,502,586,291,581
90,3.103448275862069,player,unknown,0.7844593524932861,1030,61,1279,713,249,652
90,3.103448275862069,player,unknown,0.6925277709960938,0,265,209,714,209,449
90,3.103448275862069,player,unknown,0.6228864192962646,0,84,366,639,366,555
91,3.1379310344827585,player,unknown,0.8613926768302917,0,262,364,713,364,451
91,3.1379310344827585,player,unknown,0.8320919871330261,215,3,494,562,279,559
91,3.1379310344827585,player,unknown,0.8053350448608398,404,153,784,637,380,484
91,3.1379310344827585,player,unknown,0.8052023649215698,737,205,1277,713,540,508
91,3.1379310344827585,player,unknown,0.7179374694824219,1046,65,1277,713,231,648
92,3.1724137931034484,player,unknown,0.9107537865638733,0,274,349,716,349,442
92,3.1724137931034484,player,unknown,0.8594262003898621,1028,58,1279,714,251,656
92,3.1724137931034484,player,unknown,0.8447870016098022,402,157,772,636,370,479
92,3.1724137931034484,player,unknown,0.8356928825378418,213,9,490,563,277,554
92,3.1724137931034484,player,unknown,0.5420119762420654,701,56,1051,574,350,518
92,3.1724137931034484,player,unknown,0.5330303907394409,734,209,1277,714,543,505
93,3.206896551724138,player,unknown,0.8827469944953918,0,276,335,716,335,440
93,3.206896551724138,player,unknown,0.8491135835647583,1048,60,1279,714,231,654
93,3.206896551724138,player,unknown,0.8207499384880066,413,158,744,637,331,479
93,3.206896551724138,player,unknown,0.8104152083396912,213,17,488,596,275,579
93,3.206896551724138,player,unknown,0.7751485705375671,733,208,1280,714,547,506
93,3.206896551724138,player,unknown,0.7008024454116821,696,63,1049,613,353,550
93,3.206896551724138,player,unknown,0.5388293266296387,338,343,473,638,135,295
94,3.2413793103448274,player,unknown,0.8329132199287415,1002,72,1279,714,277,642
94,3.2413793103448274,player,unknown,0.8254384994506836,692,69,1045,552,353,483
94,3.2413793103448274,player,unknown,0.8199146389961243,726,210,1085,714,359,504
94,3.2413793103448274,player,unknown,0.7954508066177368,416,159,733,647,317,488
94,3.2413793103448274,player,unknown,0.7307089567184448,0,265,245,716,245,451
94,3.2413793103448274,player,unknown,0.7031946182250977,215,26,482,623,267,597
94,3.2413793103448274,player,unknown,0.5308310389518738,0,102,205,391,205,289
95,3.2758620689655173,player,unknown,0.8445972204208374,418,164,737,640,319,476
95,3.2758620689655173,player,unknown,0.8271716833114624,0,267,255,716,255,449
95,3.2758620689655173,player,unknown,0.8156015276908875,1035,70,1279,715,244,645
95,3.2758620689655173,player,unknown,0.8096548318862915,698,75,1039,582,341,507
95,3.2758620689655173,player,unknown,0.6773726940155029,213,38,477,642,264,604
95,3.2758620689655173,player,unknown,0.5640082359313965,732,218,1060,707,328,489
95,3.2758620689655173,player,unknown,0.5595245957374573,635,61,826,352,191,291
95,3.2758620689655173,player,unknown,0.5196382403373718,0,107,166,488,166,381
96,3.310344827586207,player,unknown,0.8607611656188965,418,169,725,638,307,469
96,3.310344827586207,player,unknown,0.8335399627685547,0,271,289,715,289,444
96,3.310344827586207,player,unknown,0.8108083009719849,696,75,1032,619,336,544
96,3.310344827586207,player,unknown,0.7997796535491943,729,217,1277,714,548,497
96,3.310344827586207,player,unknown,0.7438952922821045,214,47,476,638,262,591
96,3.310344827586207,player,unknown,0.741532027721405,1055,71,1279,715,224,644
96,3.310344827586207,player,unknown,0.5901411771774292,633,60,830,357,197,297
97,3.3448275862068964,player,unknown,0.8999582529067993,0,271,270,713,270,442
97,3.3448275862068964,player,unknown,0.8638171553611755,416,177,708,642,292,465
97,3.3448275862068964,player,unknown,0.8064877986907959,689,78,1030,620,341,542
97,3.3448275862068964,player,unknown,0.7823244333267212,1065,80,1279,715,214,635
97,3.3448275862068964,player,unknown,0.75935298204422,697,220,1277,713,580,493
97,3.3448275862068964,player,unknown,0.6304289698600769,249,56,477,631,228,575
97,3.3448275862068964,player,unknown,0.544620931148529,0,104,145,515,145,411
97,3.3448275862068964,player,unknown,0.5168138146400452,635,64,810,356,175,292
98,3.3793103448275863,player,unknown,0.9113219976425171,1,272,278,713,277,441
98,3.3793103448275863,player,unknown,0.8705018162727356,418,191,706,638,288,447
98,3.3793103448275863,player,unknown,0.8346199989318848,721,227,1280,713,559,486
98,3.3793103448275863,player,unknown,0.8043175935745239,1055,85,1279,714,224,629
98,3.3793103448275863,player,unknown,0.8006741404533386,667,82,1025,631,358,549
98,3.3793103448275863,player,unknown,0.6345011591911316,246,86,475,634,229,548
98,3.3793103448275863,player,unknown,0.55226069688797,329,355,465,637,136,282
99,3.413793103448276,player,team_3,0.8666896224021912,417,196,708,641,291,445
99,3.413793103448276,player,team_3,0.8362415432929993,723,226,1280,714,557,488
99,3.413793103448276,player,team_3,0.801934003829956,7,274,283,715,276,441
99,3.413793103448276,player,team_1,0.7633008360862732,1043,85,1279,714,236,629
99,3.413793103448276,player,team_2,0.7417916059494019,658,81,1020,632,362,551
99,3.413793103448276,player,team_4,0.7095201015472412,247,91,469,635,222,544
99,3.413793103448276,player,team_3,0.6621276140213013,0,97,126,708,126,611
99,3.413793103448276,player,team_1,0.6375062465667725,328,354,470,638,142,284
100,3.4482758620689653,player,team_4,0.8683922290802002,417,203,703,641,286,438
100,3.4482758620689653,player,team_3,0.8606387376785278,722,226,1280,714,558,488
100,3.4482758620689653,player,team_3,0.7955781817436218,1058,85,1279,714,221,629
100,3.4482758620689653,player,team_2,0.7642377018928528,42,272,282,717,240,445
100,3.4482758620689653,player,team_3,0.661231279373169,0,98,119,709,119,611
100,3.4482758620689653,player,team_4,0.6592251062393188,241,99,466,648,225,549
100,3.4482758620689653,player,team_2,0.6570675373077393,327,356,470,637,143,281
100,3.4482758620689653,player,team_2,0.5718490481376648,675,90,1010,621,335,531
101,3.4827586206896552,player,team_3,0.8524449467658997,1065,85,1279,714,214,629
101,3.4827586206896552,player,team_4,0.837498128414154,418,208,692,641,274,433
101,3.4827586206896552,player,team_3,0.8167849779129028,720,233,1279,714,559,481
101,3.4827586206896552,player,team_2,0.7525132298469543,52,275,294,715,242,440
101,3.4827586206896552,player,team_2,0.7247450947761536,651,94,1004,632,353,538
101,3.4827586206896552,player,team_2,0.7218637466430664,327,356,473,636,146,280
101,3.4827586206896552,player,team_2,0.5869517922401428,247,102,464,640,217,538
102,3.5172413793103448,player,team_2,0.7980444431304932,58,278,308,715,250,437
102,3.5172413793103448,player,team_3,0.7838253378868103,425,212,698,640,273,428
102,3.5172413793103448,player,team_2,0.7726532220840454,325,358,474,635,149,277
102,3.5172413793103448,player,team_1,0.7261146306991577,1048,86,1279,716,231,630
102,3.5172413793103448,player,team_2,0.6972863078117371,658,97,998,628,340,531
102,3.5172413793103448,player,team_3,0.5984561443328857,0,103,107,715,107,612
102,3.5172413793103448,player,team_2,0.5960838198661804,244,103,451,636,207,533
103,3.5517241379310347,player,team_2,0.8329986333847046,65,279,316,715,251,436
103,3.5517241379310347,player,team_4,0.8199192881584167,431,213,717,641,286,428
103,3.5517241379310347,player,team_1,0.7731708288192749,323,359,474,635,151,276
103,3.5517241379310347,player,team_4,0.7120700478553772,720,227,1118,711,398,484
103,3.5517241379310347,player,team_2,0.7041342258453369,669,102,991,624,322,522
103,3.5517241379310347,player,team_1,0.7021171450614929,994,91,1278,717,284,626
103,3.5517241379310347,player,team_2,0.6138956546783447,241,101,447,632,206,531
103,3.5517241379310347,player,team_3,0.5410153865814209,0,127,91,716,91,589
103,3.5517241379310347,player,team_1,0.5218151211738586,1083,93,1279,714,196,621
104,3.586206896551724,player,team_4,0.8213586211204529,422,215,716,642,294,427
104,3.586206896551724,player,team_4,0.8139516711235046,720,226,1097,714,377,488
104,3.586206896551724,player,team_2,0.8055753111839294,59,278,331,714,272,436
104,3.586206896551724,player,team_2,0.7750949859619141,322,361,472,635,150,274
104,3.586206896551724,player,team_1,0.6782636046409607,990,94,1279,715,289,621
104,3.586206896551724,player,team_2,0.6486917734146118,657,104,968,626,311,522
104,3.586206896551724,player,team_2,0.6472870111465454,227,98,444,643,217,545
104,3.586206896551724,player,team_3,0.5661020874977112,0,132,100,716,100,584
104,3.586206896551724,player,team_1,0.5420041084289551,1077,96,1279,715,202,619
105,3.6206896551724137,player,team_2,0.8655686378479004,76,280,349,715,273,435
105,3.6206896551724137,player,team_4,0.853308916091919,420,211,737,640,317,429
105,3.6206896551724137,player,team_4,0.7906007766723633,721,227,1090,711,369,484
105,3.6206896551724137,player,team_1,0.7793554067611694,1082,97,1279,714,197,617
105,3.6206896551724137,player,team_2,0.7485303282737732,321,360,476,636,155,276
105,3.6206896551724137,player,team_3,0.734736979007721,0,130,100,716,100,586
105,3.6206896551724137,player,team_2,0.5887906551361084,662,104,979,528,317,424
105,3.6206896551724137,player,team_2,0.5284989476203918,233,99,444,640,211,541
106,3.6551724137931036,player,team_2,0.8764293789863586,80,279,367,716,287,437
106,3.6551724137931036,player,team_4,0.8024389147758484,430,209,733,639,303,430
106,3.6551724137931036,player,team_4,0.7788952589035034,723,227,1089,712,366,485
106,3.6551724137931036,player,team_2,0.763989269733429,320,362,477,637,157,275
106,3.6551724137931036,player,team_1,0.7391382455825806,1080,103,1279,714,199,611
106,3.6551724137931036,player,team_3,0.7336724400520325,0,135,95,715,95,580
106,3.6551724137931036,player,team_2,0.5605077147483826,645,105,980,624,335,519
106,3.6551724137931036,player,team_2,0.5428552627563477,231,103,436,639,205,536
107,3.689655172413793,player,team_2,0.860528826713562,72,279,394,716,322,437
107,3.689655172413793,player,team_4,0.8362645506858826,425,210,709,642,284,432
107,3.689655172413793,player,team_1,0.822483241558075,1082,109,1279,714,197,605
107,3.689655172413793,player,team_4,0.8044767379760742,720,229,1093,712,373,483
107,3.689655172413793,player,team_1,0.7582533359527588,321,362,473,637,152,275
107,3.689655172413793,player,team_3,0.7249135375022888,0,137,84,716,84,579
107,3.689655172413793,player,team_2,0.6087833046913147,659,108,978,631,319,523
107,3.689655172413793,player,team_4,0.5037946105003357,235,106,399,637,164,531
108,3.7241379310344827,player,team_4,0.8930208086967468,425,206,716,639,291,433
108,3.7241379310344827,player,team_1,0.8610024452209473,1091,113,1279,714,188,601
108,3.7241379310344827,player,team_2,0.848772406578064,54,279,398,716,344,437
108,3.7241379310344827,player,team_4,0.8154972791671753,719,226,1088,714,369,488
108,3.7241379310344827,player,team_1,0.7785958647727966,321,362,471,636,150,274
108,3.7241379310344827,player,team_3,0.6136489510536194,0,139,75,715,75,576
108,3.7241379310344827,player,team_2,0.5890265703201294,683,108,978,627,295,519
109,3.7586206896551726,player,team_4,0.8898199796676636,431,205,720,639,289,434
109,3.7586206896551726,player,team_4,0.8808984160423279,716,226,1093,715,377,489
109,3.7586206896551726,player,team_1,0.8513737916946411,1098,111,1279,714,181,603
109,3.7586206896551726,player,team_2,0.8100855946540833,52,279,378,715,326,436
109,3.7586206896551726,player,team_1,0.7761514782905579,320,362,470,637,150,275
109,3.7586206896551726,player,team_3,0.6161470413208008,0,146,68,714,68,568
109,3.7586206896551726,player,team_2,0.5430721044540405,682,108,978,617,296,509
110,3.793103448275862,player,team_4,0.8947547078132629,434,209,717,642,283,433
110,3.793103448275862,player,team_4,0.853205680847168,715,226,1063,714,348,488
110,3.793103448275862,player,team_1,0.8353912234306335,1106,116,1279,714,173,598
110,3.793103448275862,player,team_2,0.8291976451873779,54,281,381,716,327,435
110,3.793103448275862,player,team_1,0.7790656685829163,319,361,467,635,148,274
110,3.793103448275862,player,team_3,0.502805233001709,0,146,60,714,60,568
111,3.8275862068965516,player,team_2,0.8782665133476257,56,283,385,715,329,432
111,3.8275862068965516,player,team_4,0.873066246509552,438,211,691,642,253,431
111,3.8275862068965516,player,team_1,0.8516371250152588,1113,104,1279,713,166,609
111,3.8275862068965516,player,team_4,0.8432619571685791,713,225,1036,713,323,488
111,3.8275862068965516,player,team_1,0.7942034006118774,318,360,466,637,148,277
112,3.8620689655172415,player,team_2,0.8779608011245728,59,284,369,716,310,432
112,3.8620689655172415,player,team_4,0.8663012981414795,435,214,684,643,249,429
112,3.8620689655172415,player,team_4,0.8159265518188477,712,228,1019,714,307,486
112,3.8620689655172415,player,team_1,0.7866963744163513,318,363,464,636,146,273
112,3.8620689655172415,player,team_1,0.7744333744049072,1121,113,1279,714,158,601
113,3.896551724137931,player,team_2,0.8757801651954651,61,284,347,716,286,432
113,3.896551724137931,player,team_4,0.8635799288749695,434,223,687,642,253,419
113,3.896551724137931,player,team_4,0.7891945242881775,708,232,1007,715,299,483
113,3.896551724137931,player,team_1,0.7678861618041992,1130,148,1279,715,149,567
113,3.896551724137931,player,team_1,0.7669013142585754,318,361,464,637,146,276
114,3.9310344827586206,player,team_2,0.895247220993042,60,285,332,715,272,430
114,3.9310344827586206,player,team_4,0.8709337115287781,432,228,693,643,261,415
114,3.9310344827586206,player,team_4,0.8295422196388245,708,236,1003,714,295,478
114,3.9310344827586206,player,team_1,0.7782963514328003,1136,223,1279,714,143,491
114,3.9310344827586206,player,team_1,0.7678029537200928,318,364,464,638,146,274
115,3.9655172413793105,player,team_2,0.9074090123176575,58,286,319,715,261,429
115,3.9655172413793105,player,team_4,0.8799701929092407,429,235,697,643,268,408
115,3.9655172413793105,player,team_4,0.8156103491783142,701,237,1002,715,301,478
115,3.9655172413793105,player,team_1,0.7704707384109497,318,364,464,638,146,274
115,3.9655172413793105,player,team_1,0.7434923052787781,1142,218,1279,713,137,495
115,3.9655172413793105,player,team_2,0.5469936728477478,391,97,541,400,150,303
115,3.9655172413793105,class_38,,0.5079412460327148,17,106,141,412,124,306
116,4.0,player,team_2,0.8931342363357544,58,284,313,716,255,432
116,4.0,player,team_4,0.867516040802002,427,237,696,644,269,407
116,4.0,player,team_4,0.8247500061988831,702,235,1004,714,302,479
116,4.0,player,team_1,0.7572641372680664,1148,220,1279,713,131,493
116,4.0,player,team_1,0.7323863506317139,318,364,468,639,150,275
116,4.0,player,team_2,0.5230698585510254,992,523,1215,719,223,196
116,4.0,player,team_2,0.5086849331855774,389,101,548,403,159,302
117,4.0344827586206895,player,team_2,0.8745192289352417,59,285,302,717,243,432
117,4.0344827586206895,player,team_4,0.8732132911682129,428,238,695,640,267,402
117,4.0344827586206895,player,team_4,0.7857908606529236,705,235,1026,714,321,479
117,4.0344827586206895,player,team_1,0.7651336789131165,1148,221,1279,713,131,492
117,4.0344827586206895,player,team_1,0.7366315126419067,318,365,482,639,164,274
117,4.0344827586206895,class_38,,0.6476773619651794,22,109,142,413,120,304
117,4.0344827586206895,player,team_2,0.5751237869262695,993,522,1223,719,230,197
117,4.0344827586206895,player,team_2,0.5596733689308167,388,101,550,402,162,301
118,4.068965517241379,player,team_2,0.861843466758728,58,283,288,716,230,433
118,4.068965517241379,player,team_4,0.8613098859786987,426,238,692,639,266,401
118,4.068965517241379,player,team_4,0.7812268733978271,704,234,1014,714,310,480
118,4.068965517241379,player,team_1,0.7473552823066711,1136,218,1279,714,143,496
118,4.068965517241379,player,team_1,0.7371751666069031,318,365,474,638,156,273
118,4.068965517241379,player,team_4,0.6383139491081238,679,120,904,628,225,508
118,4.068965517241379,player,team_2,0.5402123332023621,993,522,1215,719,222,197
118,4.068965517241379,player,team_2,0.5359954237937927,389,101,548,400,159,299
118,4.068965517241379,class_38,,0.5004733800888062,24,110,144,412,120,302
119,4.103448275862069,player,team_2,0.8796433806419373,58,284,280,716,222,432
119,4.103448275862069,player,team_4,0.8692176938056946,425,236,691,639,266,403
119,4.103448275862069,player,team_4,0.8266754150390625,705,233,1034,714,329,481
119,4.103448275862069,player,team_1,0.7659343481063843,1142,218,1279,712,137,494
119,4.103448275862069,player,team_1,0.7281349301338196,318,364,469,638,151,274
119,4.103448275862069,player,team_4,0.6885129809379578,678,122,901,626,223,504
119,4.103448275862069,player,team_2,0.576441764831543,387,103,548,398,161,295
120,4.137931034482759,player,team_2,0.8877198100090027,57,281,278,716,221,435
120,4.137931034482759,player,team_4,0.8578795790672302,422,235,686,638,264,403
120,4.137931034482759,player,team_4,0.8154186010360718,712,231,1024,715,312,484
120,4.137931034482759,player,team_1,0.7212663292884827,1161,218,1279,712,118,494
120,4.137931034482759,player,team_1,0.6843656897544861,318,355,477,638,159,283
120,4.137931034482759,player,team_4,0.6478395462036133,682,122,899,628,217,506
120,4.137931034482759,player,team_2,0.5970816016197205,387,104,544,396,157,292
121,4.172413793103448,player,team_2,0.8921350240707397,58,283,277,717,219,434
121,4.172413793103448,player,team_4,0.849159300327301,696,230,1030,715,334,485
121,4.172413793103448,player,team_4,0.8257865905761719,416,235,685,640,269,405
121,4.172413793103448,player,team_1,0.705716609954834,1169,216,1279,713,110,497
121,4.172413793103448,player,team_1,0.6871092915534973,319,347,485,638,166,291
121,4.172413793103448,player,team_4,0.6441432237625122,680,126,899,625,219,499
121,4.172413793103448,player,team_2,0.6056808233261108,387,104,550,393,163,289
121,4.172413793103448,player,team_2,0.5263363122940063,1045,522,1205,720,160,198
122,4.206896551724138,player,team_2,0.8918113708496094,59,283,277,716,218,433
122,4.206896551724138,player,team_4,0.8765742778778076,712,227,1036,713,324,486
122,4.206896551724138,player,team_4,0.8141565322875977,415,235,684,642,269,407
122,4.206896551724138,player,team_4,0.7398626208305359,675,129,903,628,228,499
122,4.206896551724138,player,team_1,0.7069548964500427,1170,220,1279,714,109,494
122,4.206896551724138,player,team_1,0.6907261610031128,320,356,480,639,160,283
122,4.206896551724138,player,team_2,0.5543743371963501,1030,521,1203,720,173,199
122,4.206896551724138,player,team_2,0.5315757989883423,387,111,547,388,160,277
123,4.241379310344827,player,team_2,0.8852130174636841,62,285,275,717,213,432
123,4.241379310344827,player,team_4,0.8813625574111938,722,229,1049,713,327,484
123,4.241379310344827,player,team_4,0.8347757458686829,391,233,679,642,288,409
123,4.241379310344827,player,team_4,0.7036991119384766,676,130,903,630,227,500
123,4.241379310344827,player,team_1,0.697027325630188,1173,221,1279,716,106,495
123,4.241379310344827,player,team_1,0.6877877712249756,322,357,463,638,141,281
123,4.241379310344827,player,team_2,0.6387235522270203,1034,517,1201,719,167,202
123,4.241379310344827,player,team_2,0.5374000072479248,386,114,546,386,160,272
124,4.275862068965517,player,team_4,0.8821156024932861,721,229,1063,714,342,485
124,4.275862068965517,player,team_2,0.8783228993415833,66,284,276,716,210,432
124,4.275862068965517,player,team_4,0.8445208072662354,383,230,675,645,292,415
124,4.275862068965517,player,team_4,0.749015212059021,670,130,899,632,229,502
124,4.275862068965517,player,team_1,0.7107099890708923,1177,226,1279,714,102,488
124,4.275862068965517,player,team_2,0.657604455947876,1038,513,1197,719,159,206
124,4.275862068965517,player,team_1,0.6411027908325195,325,362,467,639,142,277
124,4.275862068965517,player,team_2,0.5213077664375305,386,115,544,386,158,271
125,4.310344827586207,player,team_4,0.8985570669174194,716,230,1073,714,357,484
125,4.310344827586207,player,team_2,0.8772274851799011,68,285,276,716,208,431
125,4.310344827586207,player,team_4,0.8232071995735168,371,231,681,644,310,413
125,4.310344827586207,player,team_4,0.7430432438850403,670,130,898,628,228,498
125,4.310344827586207,player,team_1,0.6828871369361877,1178,228,1279,715,101,487
125,4.310344827586207,player,team_1,0.5953448414802551,327,365,461,637,134,272
125,4.310344827586207,player,team_2,0.5499559044837952,389,117,544,384,155,267
126,4.344827586206897,player,team_4,0.9078954458236694,713,228,1082,714,369,486
126,4.344827586206897,player,team_2,0.8770973086357117,73,284,276,716,203,432
126,4.344827586206897,player,team_4,0.8429311513900757,362,229,687,645,325,416
126,4.344827586206897,player,team_4,0.7606542110443115,666,127,897,627,231,500
126,4.344827586206897,player,team_1,0.7043721079826355,1179,226,1279,715,100,489
126,4.344827586206897,player,team_1,0.5742032527923584,328,365,479,639,151,274
126,4.344827586206897,player,team_2,0.5240645408630371,391,119,545,382,154,263
127,4.379310344827586,player,team_4,0.8947159647941589,704,226,1095,714,391,488
127,4.379310344827586,player,team_2,0.8763437867164612,75,286,278,716,203,430
127,4.379310344827586,player,team_4,0.7512897253036499,668,126,896,627,228,501
127,4.379310344827586,player,team_1,0.7214910984039307,1178,227,1279,715,101,488
127,4.379310344827586,player,team_1,0.6815481781959534,328,364,494,636,166,272
127,4.379310344827586,player,team_4,0.6673612594604492,343,229,680,646,337,417
128,4.413793103448276,player,team_4,0.8978789448738098,696,225,1098,714,402,489
128,4.413793103448276,player,team_2,0.8586750030517578,77,284,281,716,204,432
128,4.413793103448276,player,team_4,0.7480296492576599,665,123,894,629,229,506
128,4.413793103448276,player,team_1,0.7464596629142761,1178,231,1279,716,101,485
128,4.413793103448276,player,team_4,0.7162325382232666,340,229,686,648,346,419
128,4.413793103448276,player,team_1,0.6052461862564087,340,362,498,637,158,275
129,4.448275862068965,player,team_4,0.8970174193382263,694,225,1101,714,407,489
129,4.448275862068965,player,team_2,0.8510466814041138,80,284,281,716,201,432
129,4.448275862068965,player,team_4,0.7673943042755127,661,124,893,627,232,503
129,4.448275862068965,player,team_1,0.7636640071868896,1178,234,1279,716,101,482
129,4.448275862068965,player,team_1,0.6917012929916382,334,364,496,639,162,275
129,4.448275862068965,player,team_4,0.6687144637107849,337,233,688,651,351,418
129,4.448275862068965,player,team_3,0.500504732131958,0,267,77,712,77,445
130,4.482758620689655,player,team_4,0.8971951603889465,688,223,1099,715,411,492
130,4.482758620689655,player,team_2,0.8599544763565063,80,286,287,717,207,431
130,4.482758620689655,player,team_1,0.7754902243614197,331,361,501,639,170,278
130,4.482758620689655,player,team_4,0.747048020362854,665,126,893,626,228,500
130,4.482758620689655,player,team_1,0.7346421480178833,1176,234,1279,717,103,483
130,4.482758620689655,player,team_2,0.7233350872993469,0,275,95,713,95,438
130,4.482758620689655,player,team_4,0.5803938508033752,336,242,682,655,346,413
131,4.517241379310345,player,team_4,0.8967552185058594,668,225,1098,713,430,488
131,4.517241379310345,player,team_2,0.8440043330192566,88,288,287,716,199,428
131,4.517241379310345,player,team_2,0.764552891254425,0,282,107,714,107,432
131,4.517241379310345,player,team_1,0.7513247132301331,326,365,506,638,180,273
131,4.517241379310345,player,team_1,0.7093071937561035,1173,235,1279,714,106,479
131,4.517241379310345,player,team_4,0.6843863129615784,668,129,894,608,226,479
131,4.517241379310345,player,team_4,0.592911422252655,328,249,685,649,357,400
132,4.551724137931035,player,team_4,0.8791800141334534,659,228,1091,712,432,484
132,4.551724137931035,player,team_2,0.8422216773033142,89,290,289,716,200,426
132,4.551724137931035,player,team_4,0.8321316838264465,318,251,687,645,369,394
132,4.551724137931035,player,team_2,0.7900516390800476,0,282,120,715,120,433
132,4.551724137931035,player,team_1,0.7319506406784058,319,363,506,640,187,277
132,4.551724137931035,player,team_1,0.7000293135643005,1169,234,1279,715,110,481
132,4.551724137931035,player,team_4,0.6721006631851196,669,130,892,564,223,434
132,4.551724137931035,player,team_2,0.5404885411262512,393,150,558,397,165,247
133,4.586206896551724,player,team_2,0.876623809337616,652,228,1087,712,435,484
133,4.586206896551724,player,team_4,0.860572099685669,313,257,692,642,379,385
133,4.586206896551724,player,team_2,0.8331288695335388,89,291,288,717,199,426
133,4.586206896551724,player,team_2,0.7402263879776001,0,278,133,715,133,437
133,4.586206896551724,player,team_4,0.7091276049613953,672,131,891,530,219,399
133,4.586206896551724,player,team_1,0.6641865968704224,313,362,507,640,194,278
133,4.586206896551724,player,team_1,0.5905260443687439,1167,234,1279,715,112,481
133,4.586206896551724,player,team_2,0.5601445436477661,392,135,557,400,165,265
134,4.620689655172414,player,team_2,0.8871057629585266,634,228,1088,713,454,485
134,4.620689655172414,player,team_4,0.8702844977378845,308,261,697,642,389,381
134,4.620689655172414,player,team_2,0.8527056574821472,86,290,289,717,203,427
134,4.620689655172414,player,team_4,0.7303860783576965,671,131,891,520,220,389
134,4.620689655172414,player,unknown,0.6174684762954712,0,274,142,714,142,440
134,4.620689655172414,player,team_1,0.6087000966072083,311,360,508,640,197,280
134,4.620689655172414,player,team_1,0.5736022591590881,1163,231,1279,713,116,482
134,4.620689655172414,player,team_2,0.5370883345603943,392,147,552,402,160,255
135,4.655172413793103,player,team_2,0.8731985688209534,624,236,1085,715,461,479
135,4.655172413793103,player,team_4,0.8533944487571716,304,262,713,644,409,382
135,4.655172413793103,player,team_2,0.8392404913902283,89,289,292,717,203,428
135,4.655172413793103,player,unknown,0.7713896036148071,0,270,155,715,155,445
135,4.655172413793103,player,team_4,0.6585789322853088,670,133,894,515,224,382
135,4.655172413793103,player,team_1,0.6518692374229431,1163,232,1279,713,116,481
135,4.655172413793103,player,unknown,0.5979470014572144,307,360,510,641,203,281
136,4.689655172413793,player,team_2,0.853541910648346,90,287,297,716,207,429
136,4.689655172413793,player,team_2,0.8394501805305481,614,238,1078,713,464,475
136,4.689655172413793,player,team_4,0.838865339756012,303,262,723,645,420,383
136,4.689655172413793,player,team_2,0.6477813720703125,670,135,911,499,241,364
136,4.689655172413793,player,team_1,0.6245023012161255,1159,231,1278,714,119,483
136,4.689655172413793,player,unknown,0.6178735494613647,307,360,511,640,204,280
136,4.689655172413793,player,team_3,0.5571365356445312,0,263,163,713,163,450
137,4.724137931034483,player,team_2,0.8468911647796631,601,239,1081,713,480,474
137,4.724137931034483,player,team_2,0.832464873790741,91,287,302,716,211,429
137,4.724137931034483,player,team_4,0.8198537230491638,297,262,722,645,425,383
137,4.724137931034483,player,unknown,0.7039341926574707,302,359,514,638,212,279
137,4.724137931034483,player,team_2,0.5347475409507751,668,136,904,483,236,347
137,4.724137931034483,player,team_1,0.5269573330879211,1153,233,1278,712,125,479
138,4.758620689655173,player,team_2,0.8516453504562378,92,273,306,717,214,444
138,4.758620689655173,player,team_2,0.8420195579528809,603,238,1070,713,467,475
138,4.758620689655173,player,team_4,0.8414471745491028,295,261,740,647,445,386
138,4.758620689655173,player,unknown,0.7303684949874878,299,360,514,638,215,278
138,4.758620689655173,player,team_3,0.5744776725769043,0,374,137,714,137,340
138,4.758620689655173,player,team_1,0.552470862865448,1148,237,1278,712,130,475
139,4.793103448275862,player,team_2,0.8240046501159668,591,234,1066,712,475,478
139,4.793103448275862,player,team_4,0.8058031797409058,288,259,734,648,446,389
139,4.793103448275862,player,team_2,0.7843074202537537,93,269,306,716,213,447
139,4.793103448275862,player,team_1,0.7186692953109741,1144,138,1279,708,135,570
139,4.793103448275862,player,team_1,0.6808556914329529,296,360,518,635,222,275
140,4.827586206896552,player,team_2,0.8660126328468323,588,232,1062,712,474,480
140,4.827586206896552,player,team_4,0.8392124176025391,299,257,714,641,415,384
140,4.827586206896552,player,team_2,0.8347590565681458,90,277,308,717,218,440
140,4.827586206896552,player,team_1,0.7685478925704956,1141,143,1279,709,138,566
140,4.827586206896552,player,team_1,0.6948674321174622,314,360,519,634,205,274
140,4.827586206896552,player,team_2,0.5019510984420776,660,135,917,439,257,304
141,4.862068965517241,player,team_2,0.870206892490387,593,235,1057,713,464,478
141,4.862068965517241,player,team_4,0.8214753270149231,297,253,724,643,427,390
141,4.862068965517241,player,team_2,0.793120801448822,94,282,312,716,218,434
141,4.862068965517241,player,team_2,0.7235143184661865,1136,147,1279,712,143,565
141,4.862068965517241,player,team_1,0.5855454802513123,322,360,519,633,197,273
141,4.862068965517241,player,team_2,0.524684488773346,659,138,905,423,246,285
142,4.896551724137931,player,team_4,0.8367694020271301,626,234,1052,713,426,479
142,4.896551724137931,player,team_4,0.8139102458953857,288,252,722,652,434,400
142,4.896551724137931,player,team_1,0.544465184211731,334,360,520,633,186,273
142,4.896551724137931,player,team_2,0.5313060283660889,1131,155,1279,714,148,559
142,4.896551724137931,player,team_2,0.5255193710327148,96,288,312,716,216,428
142,4.896551724137931,player,team_2,0.5150624513626099,658,139,910,415,252,276
142,4.896551724137931,player,team_4,0.5053616762161255,91,290,404,717,313,427
143,4.931034482758621,player,team_4,0.8276293873786926,630,231,1047,714,417,483
143,4.931034482758621,player,team_4,0.8155863881111145,324,254,718,651,394,397
143,4.931034482758621,player,team_2,0.6961844563484192,94,290,314,717,220,427
144,4.9655172413793105,player,team_4,0.8113580346107483,355,258,714,640,359,382
144,4.9655172413793105,player,team_4,0.8094375729560852,640,231,1040,714,400,483
144,4.9655172413793105,player,team_4,0.6664860248565674,97,292,448,717,351,425
144,4.9655172413793105,player,team_2,0.5818840861320496,1130,368,1279,716,149,348
144,4.9655172413793105,player,team_4,0.501360297203064,653,141,852,410,199,269
145,5.0,player,team_4,0.8266579508781433,628,228,1037,714,409,486
145,5.0,player,team_4,0.8185446858406067,357,259,714,640,357,381
145,5.0,player,team_2,0.6661406755447388,1126,372,1279,717,153,345
145,5.0,player,team_2,0.536371111869812,98,290,314,717,216,427
146,5.0344827586206895,player,team_4,0.8288400173187256,632,226,1035,713,403,487
146,5.0344827586206895,player,team_2,0.7833951115608215,98,292,314,716,216,424
146,5.0344827586206895,player,team_4,0.7761378288269043,364,261,715,641,351,380
146,5.0344827586206895,player,team_2,0.5439704060554504,1104,370,1268,715,164,345
147,5.068965517241379,player,team_4,0.8322142958641052,654,226,1034,713,380,487
147,5.068965517241379,player,team_4,0.7409987449645996,362,264,717,635,355,371
147,5.068965517241379,player,team_2,0.6963793039321899,89,291,313,716,224,425
147,5.068965517241379,player,team_2,0.6947222948074341,1146,152,1279,704,133,552
147,5.068965517241379,player,team_2,0.634609580039978,1063,359,1241,715,178,356
148,5.103448275862069,player,team_4,0.8377000689506531,656,225,1035,714,379,489
148,5.103448275862069,player,team_2,0.8256195783615112,1139,149,1279,709,140,560
148,5.103448275862069,player,team_2,0.784555971622467,95,292,319,716,224,424
148,5.103448275862069,player,team_4,0.745444655418396,362,270,723,641,361,371
148,5.103448275862069,player,team_4,0.6028048396110535,0,196,115,714,115,518
148,5.103448275862069,player,team_2,0.5232071876525879,1045,364,1210,714,165,350
149,5.137931034482759,player,team_4,0.8716306090354919,658,228,1030,714,372,486
149,5.137931034482759,player,team_2,0.8313549757003784,95,292,321,716,226,424
149,5.137931034482759,player,team_2,0.7930222153663635,330,276,717,640,387,364
149,5.137931034482759,player,team_2,0.7483330965042114,1135,151,1279,706,144,555
149,5.137931034482759,player,team_4,0.7003316879272461,0,195,124,715,124,520
150,5.172413793103448,player,team_2,0.8249382376670837,93,292,343,716,250,424
150,5.172413793103448,player,team_2,0.809421181678772,335,279,726,640,391,361
150,5.172413793103448,player,team_4,0.7081822156906128,0,197,121,715,121,518
150,5.172413793103448,player,team_2,0.6334964036941528,1136,154,1279,708,143,554
150,5.172413793103448,player,team_4,0.5521087646484375,667,228,1024,713,357,485
151,5.206896551724138,player,team_2,0.8617417812347412,96,295,325,716,229,421
151,5.206896551724138,player,team_4,0.8011506199836731,351,281,721,638,370,357
151,5.206896551724138,player,team_4,0.7744279503822327,752,233,1006,712,254,479
151,5.206896551724138,player,team_4,0.7028830051422119,0,192,131,716,131,524
151,5.206896551724138,player,team_2,0.6793395280838013,1114,155,1279,708,165,553
151,5.206896551724138,player,team_2,0.5634187459945679,649,148,813,656,164,508
152,5.241379310344827,player,team_2,0.8628193140029907,103,299,323,716,220,417
152,5.241379310344827,player,team_4,0.8161085844039917,358,282,717,637,359,355
152,5.241379310344827,player,team_2,0.7339358329772949,1109,157,1279,707,170,550
152,5.241379310344827,player,team_4,0.7165824770927429,0,198,134,717,134,519
152,5.241379310344827,player,team_4,0.6210766434669495,744,231,974,673,230,442
153,5.275862068965517,player,team_3,0.8021042346954346,317,340,378,478,61,138
153,5.275862068965517,player,team_3,0.6275550723075867,496,321,557,461,61,140
153,5.275862068965517,player,team_1,0.5927669405937195,239,265,281,401,42,136
154,5.310344827586207,player,team_3,0.8047943115234375,316,340,377,479,61,139
154,5.310344827586207,player,team_1,0.6151515245437622,243,267,285,400,42,133
154,5.310344827586207,player,team_4,0.538317859172821,493,325,555,459,62,134
155,5.344827586206897,player,team_3,0.7884991765022278,315,340,376,479,61,139
155,5.344827586206897,player,unknown,0.6912878751754761,230,267,294,399,64,132
156,5.379310344827586,player,team_3,0.7842101454734802,314,340,374,479,60,139
156,5.379310344827586,player,unknown,0.6502540707588196,244,266,301,398,57,132
156,5.379310344827586,player,team_2,0.5006135106086731,678,247,746,413,68,166
157,5.413793103448276,player,team_3,0.7763320803642273,312,340,373,479,61,139
157,5.413793103448276,player,unknown,0.6139066219329834,247,268,310,398,63,130
157,5.413793103448276,player,team_3,0.5367957353591919,483,326,553,463,70,137
158,5.448275862068965,player,team_1,0.8108513951301575,311,337,370,480,59,143
158,5.448275862068965,player,unknown,0.7005398869514465,251,271,320,401,69,130
158,5.448275862068965,player,team_3,0.6312737464904785,482,322,551,462,69,140
158,5.448275862068965,player,team_1,0.5155749917030334,790,421,842,561,52,140
159,5.482758620689655,player,team_1,0.7404005527496338,308,341,372,480,64,139
159,5.482758620689655,player,unknown,0.6548358798027039,255,265,325,400,70,135
160,5.517241379310345,player,unknown,0.7391750812530518,309,341,371,479,62,138
160,5.517241379310345,player,unknown,0.6952202916145325,256,263,332,397,76,134
160,5.517241379310345,player,team_1,0.5108990669250488,792,421,842,558,50,137
161,5.551724137931035,player,team_1,0.7569337487220764,309,342,370,480,61,138
161,5.551724137931035,player,unknown,0.6450951099395752,260,266,336,393,76,127
161,5.551724137931035,player,team_4,0.5379976034164429,479,320,527,465,48,145
161,5.551724137931035,player,unknown,0.5200598835945129,792,421,842,560,50,139
162,5.586206896551724,player,team_1,0.6348273754119873,309,341,369,481,60,140
162,5.586206896551724,player,team_3,0.588581919670105,475,318,535,466,60,148
162,5.586206896551724,player,team_4,0.5084651112556458,477,323,519,466,42,143
162,5.586206896551724,player,unknown,0.5060693025588989,792,421,842,562,50,141
163,5.620689655172414,player,team_3,0.6195984482765198,473,318,527,463,54,145
163,5.620689655172414,player,team_1,0.5780829191207886,408,277,472,426,64,149
164,5.655172413793103,player,team_1,0.6282885670661926,403,274,464,425,61,151
164,5.655172413793103,player,team_3,0.6253572106361389,467,317,522,465,55,148
165,5.689655172413793,player,team_1,0.7240974307060242,290,340,369,484,79,144
165,5.689655172413793,player,team_1,0.665120542049408,394,272,462,427,68,155
165,5.689655172413793,player,team_3,0.5972581505775452,467,318,518,466,51,148
166,5.724137931034483,player,unknown,0.7130269408226013,391,269,459,423,68,154
166,5.724137931034483,player,team_1,0.6467233300209045,303,342,367,483,64,141
166,5.724137931034483,player,team_3,0.5739424824714661,466,317,512,466,46,149
167,5.758620689655173,player,team_1,0.7169497013092041,304,341,366,484,62,143
167,5.758620689655173,player,team_1,0.62166827917099,394,268,455,425,61,157
167,5.758620689655173,player,team_3,0.557433545589447,462,317,510,466,48,149
168,5.793103448275862,player,team_3,0.7359699010848999,303,342,366,484,63,142
168,5.793103448275862,player,team_1,0.6129747033119202,388,267,452,424,64,157
168,5.793103448275862,player,team_3,0.5521665215492249,460,318,508,466,48,148
169,5.827586206896552,player,team_3,0.7291675209999084,303,342,366,484,63,142
169,5.827586206896552,player,team_1,0.5564219355583191,390,266,449,429,59,163
169,5.827586206896552,player,team_3,0.5242190361022949,455,319,507,466,52,147
170,5.862068965517241,player,team_3,0.7881166934967041,303,342,368,484,65,142
170,5.862068965517241,player,team_3,0.5344722867012024,453,324,507,467,54,143
171,5.896551724137931,player,team_3,0.7757063508033752,303,341,368,484,65,143
171,5.896551724137931,player,team_3,0.5358119010925293,456,324,506,467,50,143
171,5.896551724137931,player,team_1,0.5083656907081604,372,269,439,426,67,157
172,5.931034482758621,player,team_3,0.7644559741020203,303,342,368,485,65,143
172,5.931034482758621,player,team_3,0.5467117428779602,456,323,505,467,49,144
172,5.931034482758621,player,unknown,0.5173527598381042,796,424,848,561,52,137
172,5.931034482758621,player,team_1,0.5109935998916626,355,269,433,430,78,161
173,5.9655172413793105,player,team_3,0.773674726486206,303,342,368,485,65,143
173,5.9655172413793105,player,unknown,0.5371042490005493,796,425,850,558,54,133
174,6.0,player,team_3,0.7776291966438293,303,342,368,485,65,143
174,6.0,player,team_1,0.5854678750038147,353,281,438,429,85,148
174,6.0,player,team_3,0.5810830593109131,456,319,501,464,45,145
174,6.0,player,unknown,0.521984875202179,797,424,851,559,54,135
175,6.0344827586206895,player,team_1,0.763486921787262,303,342,367,485,64,143
175,6.0344827586206895,player,team_3,0.6180473566055298,456,320,499,458,43,138
176,6.068965517241379,player,team_1,0.7616982460021973,304,342,368,485,64,143
176,6.068965517241379,player,team_3,0.6093022227287292,449,318,497,458,48,140
177,6.103448275862069,player,team_3,0.7511258721351624,305,342,368,485,63,143
177,6.103448275862069,player,team_1,0.5941271185874939,348,280,414,431,66,151
177,6.103448275862069,player,team_2,0.5044045448303223,450,318,496,457,46,139
178,6.137931034482759,player,unknown,0.7459118962287903,305,341,370,485,65,144
178,6.137931034482759,player,team_2,0.5843055844306946,452,324,495,457,43,133
178,6.137931034482759,player,team_1,0.5475171208381653,347,275,406,429,59,154
179,6.172413793103448,player,team_1,0.7391470074653625,306,342,371,484,65,142
179,6.172413793103448,player,team_4,0.619805634021759,451,323,494,457,43,134
179,6.172413793103448,player,team_1,0.5931328535079956,350,273,402,424,52,151
180,6.206896551724138,player,unknown,0.712711751461029,307,342,372,484,65,142
180,6.206896551724138,player,team_1,0.6796377301216125,349,271,402,427,53,156
180,6.206896551724138,player,unknown,0.5158076882362366,804,424,858,560,54,136
181,6.241379310344827,player,team_1,0.7209616303443909,309,342,374,483,65,141
181,6.241379310344827,player,team_1,0.6739739775657654,343,270,397,422,54,152
181,6.241379310344827,player,team_2,0.5704615116119385,444,313,496,457,52,144
182,6.275862068965517,player,team_1,0.7715014815330505,309,342,373,484,64,142
182,6.275862068965517,player,team_1,0.6963726282119751,341,267,398,415,57,148
182,6.275862068965517,player,team_1,0.5355222821235657,802,210,845,328,43,118
183,6.310344827586207,player,unknown,0.7846052646636963,310,340,374,485,64,145
183,6.310344827586207,player,team_1,0.7167593836784363,342,262,395,414,53,152
183,6.310344827586207,player,team_1,0.5533650517463684,806,209,847,329,41,120
184,6.344827586206897,player,unknown,0.7491878867149353,310,339,374,483,64,144
184,6.344827586206897,player,team_1,0.6418038010597229,342,260,395,412,53,152
185,6.379310344827586,player,unknown,0.7501004934310913,311,338,375,483,64,145
185,6.379310344827586,player,team_1,0.6257017850875854,342,259,395,399,53,140
186,6.413793103448276,player,unknown,0.7210975289344788,312,336,378,482,66,146
186,6.413793103448276,player,team_1,0.5409266352653503,342,255,395,398,53,143
187,6.448275862068965,player,team_1,0.6988949179649353,312,336,379,482,67,146
188,6.482758620689655,player,team_3,0.6199737191200256,312,336,378,482,66,146
188,6.482758620689655,player,team_3,0.5805566906929016,448,306,496,458,48,152
188,6.482758620689655,player,team_1,0.517037570476532,316,247,390,482,74,235
189,6.517241379310345,player,team_3,0.6340858936309814,312,336,378,482,66,146
189,6.517241379310345,player,team_3,0.5627569556236267,448,308,496,458,48,150
189,6.517241379310345,player,team_1,0.5020013451576233,493,237,549,382,56,145
190,6.551724137931035,player,team_3,0.5937665700912476,312,336,378,481,66,145
190,6.551724137931035,player,team_1,0.5829004645347595,503,239,557,379,54,140
190,6.551724137931035,player,team_3,0.5546337366104126,448,307,496,458,48,151
191,6.586206896551724,player,unknown,0.7099483013153076,314,248,387,481,73,233
191,6.586206896551724,player,team_3,0.5763819217681885,449,307,495,455,46,148
192,6.620689655172414,player,team_3,0.6355064511299133,448,309,495,455,47,146
192,6.620689655172414,player,unknown,0.5749561786651611,316,245,387,480,71,235
192,6.620689655172414,player,team_1,0.5384345054626465,523,234,568,375,45,141
193,6.655172413793103,player,team_3,0.7039122581481934,446,311,496,452,50,141
193,6.655172413793103,player,unknown,0.5485520958900452,315,245,386,480,71,235
194,6.689655172413793,player,team_3,0.7323161363601685,446,311,499,453,53,142
194,6.689655172413793,player,team_1,0.6546947956085205,539,233,584,376,45,143
194,6.689655172413793,player,unknown,0.5998625159263611,313,247,386,481,73,234
195,6.724137931034483,player,team_3,0.7403643727302551,447,315,501,453,54,138
195,6.724137931034483,player,team_1,0.5956611633300781,546,234,593,375,47,141
195,6.724137931034483,player,unknown,0.5719529390335083,313,246,384,480,71,234
196,6.758620689655173,player,team_3,0.7087627053260803,311,244,386,481,75,237
196,6.758620689655173,player,team_3,0.6874127388000488,449,317,502,453,53,136
197,6.793103448275862,player,team_3,0.6885080933570862,309,251,383,483,74,232
197,6.793103448275862,player,team_3,0.6695283055305481,446,317,503,457,57,140
197,6.793103448275862,player,team_1,0.6080041527748108,559,241,610,374,51,133
198,6.827586206896552,player,team_3,0.6487492322921753,446,317,504,458,58,141
198,6.827586206896552,player,team_1,0.5113027691841125,539,179,584,295,45,116
198,6.827586206896552,player,team_3,0.5073778629302979,311,337,378,481,67,144
199,6.862068965517241,player,team_3,0.6437421441078186,454,319,506,459,52,140
200,6.896551724137931,player,team_1,0.6082388162612915,310,338,367,484,57,146
200,6.896551724137931,player,team_1,0.5908897519111633,523,176,581,296,58,120
200,6.896551724137931,player,team_3,0.5619263052940369,454,319,505,456,51,137
201,6.931034482758621,player,team_1,0.6358517408370972,309,339,363,487,54,148
201,6.931034482758621,player,team_1,0.6097349524497986,520,177,581,299,61,122
201,6.931034482758621,player,team_3,0.5824917554855347,454,321,507,461,53,140
202,6.9655172413793105,player,team_1,0.6410083174705505,309,340,359,487,50,147
202,6.9655172413793105,player,team_1,0.6092912554740906,518,178,578,302,60,124
202,6.9655172413793105,player,team_3,0.5334600210189819,459,323,507,465,48,142
203,7.0,player,team_1,0.6357417106628418,308,340,358,487,50,147
203,7.0,player,team_1,0.500231921672821,522,178,575,312,53,134
204,7.0344827586206895,player,team_1,0.6665837168693542,309,341,355,489,46,148
204,7.0344827586206895,player,team_1,0.5985504388809204,516,179,571,316,55,137
205,7.068965517241379,player,team_1,0.6834748983383179,515,180,569,316,54,136
205,7.068965517241379,player,team_1,0.6712416410446167,310,341,355,490,45,149
205,7.068965517241379,player,team_3,0.6015429496765137,720,226,790,355,70,129
206,7.103448275862069,player,team_1,0.7138457298278809,310,342,356,492,46,150
206,7.103448275862069,player,team_1,0.5638456344604492,516,186,572,318,56,132
206,7.103448275862069,player,team_2,0.5337692499160767,724,223,789,355,65,132
206,7.103448275862069,player,team_1,0.5263935327529907,346,228,393,352,47,124
207,7.137931034482759,player,team_1,0.7126278877258301,311,342,356,494,45,152
207,7.137931034482759,player,team_1,0.5838141441345215,517,192,565,315,48,123
207,7.137931034482759,player,team_1,0.5400732159614563,344,229,394,352,50,123
207,7.137931034482759,player,team_2,0.5310837626457214,566,260,627,384,61,124
208,7.172413793103448,player,team_1,0.6986498236656189,312,342,356,494,44,152
208,7.172413793103448,player,team_2,0.6016838550567627,734,216,792,356,58,140
208,7.172413793103448,player,team_2,0.5718681216239929,561,259,634,382,73,123
208,7.172413793103448,player,team_1,0.5600045919418335,517,196,566,315,49,119
208,7.172413793103448,player,team_1,0.5573952198028564,345,229,395,353,50,124
208,7.172413793103448,player,team_3,0.5056930780410767,901,214,956,357,55,143
209,7.206896551724138,player,team_1,0.677441418170929,641,234,698,384,57,150
209,7.206896551724138,player,team_3,0.668659508228302,735,211,797,362,62,151
209,7.206896551724138,player,team_1,0.6394079923629761,312,342,356,496,44,154
209,7.206896551724138,player,team_1,0.5851902961730957,516,197,565,316,49,119
209,7.206896551724138,player,team_3,0.5623988509178162,467,323,521,469,54,146
209,7.206896551724138,player,team_3,0.5461251139640808,344,229,399,353,55,124
210,7.241379310344827,player,team_1,0.7028153538703918,312,343,358,495,46,152
210,7.241379310344827,player,team_3,0.659078061580658,347,221,406,351,59,130
210,7.241379310344827,player,team_1,0.5386719703674316,648,234,706,382,58,148
210,7.241379310344827,player,team_3,0.5369488596916199,471,326,522,468,51,142
211,7.275862068965517,player,team_1,0.7223775386810303,658,232,712,384,54,152
211,7.275862068965517,player,team_1,0.6834498643875122,313,343,360,495,47,152
211,7.275862068965517,player,team_1,0.667005181312561,351,215,411,350,60,135
211,7.275862068965517,player,team_2,0.6462113857269287,746,204,804,363,58,159
211,7.275862068965517,player,team_2,0.5458447933197021,547,256,604,388,57,132
211,7.275862068965517,player,unknown,0.5212815999984741,834,422,889,574,55,152
212,7.310344827586207,player,team_1,0.7467659115791321,668,230,720,383,52,153
212,7.310344827586207,player,team_1,0.6748964786529541,314,343,361,495,47,152
212,7.310344827586207,player,team_3,0.6334338784217834,750,201,805,359,55,158
212,7.310344827586207,player,team_4,0.5780056118965149,548,261,598,388,50,127
212,7.310344827586207,player,team_1,0.5106410384178162,356,204,413,348,57,144
213,7.344827586206897,player,team_1,0.7643125057220459,677,233,727,382,50,149
213,7.344827586206897,player,team_1,0.6849841475486755,316,343,359,494,43,151
213,7.344827586206897,player,team_1,0.6674278378486633,360,208,418,341,58,133
213,7.344827586206897,player,team_3,0.6442123055458069,752,199,808,363,56,164
213,7.344827586206897,player,team_3,0.5612584352493286,473,323,528,468,55,145
213,7.344827586206897,player,team_4,0.5422633290290833,541,261,588,385,47,124
214,7.379310344827586,player,team_1,0.7347423434257507,363,203,427,340,64,137
214,7.379310344827586,player,team_1,0.716640830039978,684,236,738,383,54,147
214,7.379310344827586,player,team_1,0.7098562121391296,316,343,361,493,45,150
214,7.379310344827586,player,team_4,0.6558923721313477,526,251,580,387,54,136
214,7.379310344827586,player,team_3,0.596578061580658,475,322,529,468,54,146
214,7.379310344827586,player,team_3,0.5925594568252563,758,204,812,359,54,155
215,7.413793103448276,player,team_1,0.7199884057044983,367,206,430,338,63,132
215,7.413793103448276,player,team_1,0.7141783833503723,317,343,364,494,47,151
215,7.413793103448276,player,team_1,0.6416575908660889,692,237,744,384,52,147
215,7.413793103448276,player,team_3,0.6091538071632385,478,323,528,469,50,146
215,7.413793103448276,player,team_3,0.5733811259269714,758,209,814,358,56,149
215,7.413793103448276,player,team_3,0.5353637337684631,523,247,574,386,51,139
216,7.448275862068965,player,team_1,0.7544455528259277,371,206,432,334,61,128
216,7.448275862068965,player,team_3,0.713503897190094,760,210,818,370,58,160
216,7.448275862068965,player,team_1,0.6771835088729858,698,242,749,382,51,140
216,7.448275862068965,player,team_1,0.6411309838294983,317,344,363,494,46,150
216,7.448275862068965,player,team_3,0.629265546798706,506,246,572,390,66,144
216,7.448275862068965,player,team_3,0.6025459170341492,479,321,531,468,52,147
216,7.448275862068965,player,team_3,0.5481775403022766,579,231,673,339,94,108
217,7.482758620689655,player,team_3,0.7121452689170837,316,344,370,495,54,151
217,7.482758620689655,player,team_1,0.6791699528694153,373,213,436,333,63,120
217,7.482758620689655,player,team_3,0.663147509098053,763,213,822,374,59,161
217,7.482758620689655,player,team_3,0.6171455979347229,479,320,533,469,54,149
217,7.482758620689655,player,team_1,0.6028723120689392,704,243,756,385,52,142
217,7.482758620689655,player,team_4,0.5268520712852478,509,218,571,388,62,170
218,7.517241379310345,player,team_3,0.7522880434989929,315,344,371,494,56,150
218,7.517241379310345,player,team_1,0.6662790775299072,375,202,443,329,68,127
218,7.517241379310345,player,team_3,0.601071834564209,764,217,827,372,63,155
218,7.517241379310345,player,team_1,0.5927260518074036,712,247,764,369,52,122
218,7.517241379310345,player,team_3,0.5230193138122559,479,319,534,469,55,150
219,7.551724137931035,player,team_3,0.7211095094680786,315,344,369,495,54,151
219,7.551724137931035,player,team_1,0.6388654708862305,719,247,768,382,49,135
220,7.586206896551724,player,team_1,0.6868115067481995,316,344,366,495,50,151
220,7.586206896551724,player,team_1,0.6191076040267944,725,249,773,382,48,133
221,7.620689655172414,player,team_1,0.6837283968925476,316,345,365,496,49,151
222,7.655172413793103,player,team_1,0.6432457566261292,316,345,360,496,44,151
222,7.655172413793103,player,team_1,0.5602788329124451,733,249,809,403,76,154
222,7.655172413793103,player,team_3,0.5073601603507996,558,230,614,330,56,100
223,7.689655172413793,player,team_1,0.657046914100647,316,345,360,496,44,151
223,7.689655172413793,player,team_1,0.5121281743049622,739,252,820,402,81,150
224,7.724137931034483,player,team_1,0.6298862099647522,316,345,357,497,41,152
224,7.724137931034483,player,team_1,0.6222307085990906,747,252,822,403,75,151
224,7.724137931034483,player,unknown,0.5760124325752258,838,425,899,578,61,153
225,7.758620689655173,player,team_1,0.6845725774765015,316,345,355,498,39,153
225,7.758620689655173,player,team_1,0.610053539276123,757,251,823,405,66,154
225,7.758620689655173,player,unknown,0.6005046367645264,839,425,899,576,60,151
226,7.793103448275862,player,team_1,0.7046210765838623,314,345,354,499,40,154
226,7.793103448275862,player,team_1,0.6004014015197754,760,250,821,404,61,154
226,7.793103448275862,player,unknown,0.5652223825454712,838,425,900,578,62,153
227,7.827586206896552,player,team_1,0.7090173363685608,312,345,352,501,40,156
227,7.827586206896552,player,team_1,0.5717548131942749,767,250,822,404,55,154
227,7.827586206896552,player,unknown,0.5354176759719849,836,425,901,584,65,159
227,7.827586206896552,player,team_3,0.5155159831047058,488,319,531,471,43,152
228,7.862068965517241,player,team_1,0.6996172666549683,310,345,351,500,41,155
228,7.862068965517241,player,unknown,0.5602763295173645,835,425,902,583,67,158
228,7.862068965517241,player,team_3,0.5180697441101074,491,330,531,471,40,141
228,7.862068965517241,player,team_1,0.5056495666503906,781,254,825,403,44,149
229,7.896551724137931,player,team_1,0.7059689164161682,307,344,350,500,43,156
229,7.896551724137931,player,team_3,0.6576058268547058,489,333,531,470,42,137
229,7.896551724137931,player,team_1,0.5597209930419922,781,244,830,405,49,161
229,7.896551724137931,player,team_1,0.5537314414978027,542,224,594,361,52,137
229,7.896551724137931,player,unknown,0.5286926627159119,834,425,901,583,67,158
230,7.931034482758621,player,team_1,0.7163029909133911,306,344,349,501,43,157
230,7.931034482758621,player,team_2,0.6091065406799316,488,333,530,470,42,137
230,7.931034482758621,player,team_3,0.5952666997909546,532,221,596,362,64,141
230,7.931034482758621,player,unknown,0.5770679116249084,831,424,899,584,68,160
230,7.931034482758621,player,team_1,0.5741503834724426,785,244,840,406,55,162
231,7.9655172413793105,player,team_1,0.7543773055076599,305,345,349,501,44,156
231,7.9655172413793105,player,team_3,0.5812179446220398,534,221,598,369,64,148
231,7.9655172413793105,player,unknown,0.5638402104377747,830,424,896,587,66,163
231,7.9655172413793105,player,team_1,0.5602617263793945,921,181,971,325,50,144
231,7.9655172413793105,player,team_3,0.5252871513366699,488,329,530,471,42,142
232,8.0,player,team_1,0.7680397629737854,303,345,349,501,46,156
232,8.0,player,team_3,0.5353562831878662,537,221,600,381,63,160
232,8.0,player,team_3,0.5326719880104065,486,326,531,472,45,146
233,8.03448275862069,player,team_1,0.7529898285865784,300,345,350,501,50,156
233,8.03448275862069,player,team_3,0.5535154342651367,410,190,459,312,49,122
233,8.03448275862069,player,team_3,0.5382187962532043,486,325,532,471,46,146
233,8.03448275862069,player,team_3,0.511913001537323,552,230,604,388,52,158
234,8.068965517241379,player,team_3,0.7165369391441345,298,345,348,500,50,155
234,8.068965517241379,player,team_1,0.6976021528244019,799,200,880,415,81,215
234,8.068965517241379,player,team_1,0.5629363656044006,824,425,887,582,63,157
235,8.10344827586207,player,team_1,0.7415711879730225,297,345,345,497,48,152
235,8.10344827586207,player,team_3,0.5915485620498657,803,204,889,414,86,210
235,8.10344827586207,player,unknown,0.5649350881576538,822,425,886,577,64,152
236,8.137931034482758,player,team_1,0.745294988155365,295,346,344,497,49,151
236,8.137931034482758,player,team_3,0.6499497890472412,559,250,633,391,74,141
237,8.172413793103448,player,team_1,0.7371558547019958,292,346,344,497,52,151
237,8.172413793103448,player,team_3,0.6468204259872437,559,247,634,391,75,144
238,8.206896551724139,player,team_1,0.7432012557983398,289,345,347,498,58,153
238,8.206896551724139,player,team_1,0.6371745467185974,561,249,635,390,74,141
238,8.206896551724139,player,team_4,0.5098227262496948,536,207,591,322,55,115
238,8.206896551724139,player,team_3,0.5062148571014404,481,319,537,473,56,154
239,8.241379310344827,player,team_1,0.8027294874191284,286,345,349,499,63,154
239,8.241379310344827,player,team_4,0.5936315655708313,537,205,589,323,52,118
239,8.241379310344827,player,team_1,0.5806594491004944,823,225,901,421,78,196
240,8.275862068965518,player,team_1,0.8163626790046692,284,345,349,500,65,155
240,8.275862068965518,player,team_3,0.5563939213752747,594,248,646,353,52,105
240,8.275862068965518,player,team_4,0.5278555750846863,539,205,589,320,50,115
241,8.310344827586206,player,team_3,0.817386269569397,281,344,349,499,68,155
241,8.310344827586206,player,team_4,0.5907871723175049,542,204,589,319,47,115
241,8.310344827586206,player,team_3,0.5805299878120422,602,246,656,355,54,109
241,8.310344827586206,player,team_1,0.5030633211135864,820,425,873,567,53,142
242,8.344827586206897,player,team_3,0.8258714079856873,278,345,348,500,70,155
242,8.344827586206897,player,team_4,0.6835168600082397,544,203,589,322,45,119
242,8.344827586206897,player,team_3,0.5550349354743958,613,247,663,374,50,127
242,8.344827586206897,player,unknown,0.5514085292816162,820,427,872,570,52,143
243,8.379310344827585,player,team_3,0.8080824613571167,278,345,348,501,70,156
243,8.379310344827585,player,team_4,0.7157664895057678,543,204,589,320,46,116
243,8.379310344827585,player,team_2,0.5233652591705322,396,187,472,304,76,117
243,8.379310344827585,player,team_4,0.5053840279579163,457,202,508,335,51,133
244,8.413793103448276,player,team_3,0.7793615460395813,277,346,348,500,71,154
244,8.413793103448276,player,team_4,0.7229052782058716,543,203,590,320,47,117
244,8.413793103448276,player,team_4,0.5602811574935913,455,198,508,329,53,131
244,8.413793103448276,player,team_1,0.5123159885406494,856,268,910,424,54,156
245,8.448275862068966,player,team_3,0.8098121881484985,275,344,349,501,74,157
245,8.448275862068966,player,team_4,0.6674274206161499,544,203,591,319,47,116
245,8.448275862068966,player,team_3,0.5543213486671448,486,310,548,469,62,159
246,8.482758620689655,player,team_3,0.8447944521903992,271,344,349,501,78,157
246,8.482758620689655,player,team_4,0.6247175931930542,545,203,595,319,50,116
246,8.482758620689655,player,team_3,0.6113990545272827,488,311,548,466,60,155
246,8.482758620689655,player,team_4,0.5945158004760742,398,189,481,311,83,122
247,8.517241379310345,player,team_3,0.8545505404472351,268,342,347,498,79,156
247,8.517241379310345,player,team_3,0.6439750790596008,489,309,548,464,59,155
247,8.517241379310345,player,team_4,0.6337302327156067,548,204,598,319,50,115
247,8.517241379310345,player,team_1,0.5313887596130371,650,238,688,376,38,138
247,8.517241379310345,player,team_1,0.5308970808982849,880,260,929,431,49,171
248,8.551724137931034,player,team_3,0.8683947324752808,265,341,345,499,80,158
248,8.551724137931034,player,team_3,0.628972589969635,488,310,548,462,60,152
248,8.551724137931034,player,team_4,0.6217271685600281,548,203,601,319,53,116
248,8.551724137931034,player,team_1,0.6196821928024292,656,232,697,385,41,153
248,8.551724137931034,player,team_1,0.6041218042373657,879,262,942,429,63,167
249,8.586206896551724,player,team_3,0.8537814617156982,265,340,335,497,70,157
249,8.586206896551724,player,team_3,0.6763415932655334,487,309,548,463,61,154
249,8.586206896551724,player,team_4,0.5430527329444885,548,203,602,319,54,116
249,8.586206896551724,player,team_1,0.5091432332992554,664,233,702,384,38,151
250,8.620689655172415,player,team_1,0.7827699184417725,265,338,329,495,64,157
250,8.620689655172415,player,team_3,0.7069820165634155,486,307,549,465,63,158
250,8.620689655172415,player,team_4,0.5507223010063171,551,206,605,320,54,114
250,8.620689655172415,player,team_1,0.5433576703071594,668,231,720,386,52,155
250,8.620689655172415,player,team_4,0.5037634968757629,437,179,517,320,80,141
251,8.655172413793103,player,team_3,0.7992574572563171,258,335,327,496,69,161
251,8.655172413793103,player,team_3,0.675112783908844,485,306,549,464,64,158
251,8.655172413793103,player,team_1,0.573980987071991,675,235,725,387,50,152
251,8.655172413793103,player,team_4,0.5330599546432495,825,181,861,317,36,136
252,8.689655172413794,player,team_3,0.7468408346176147,257,335,325,493,68,158
252,8.689655172413794,player,team_3,0.7099031805992126,483,306,549,468,66,162
252,8.689655172413794,player,team_1,0.6806079745292664,885,279,972,442,87,163
252,8.689655172413794,player,team_1,0.6385295987129211,679,235,729,389,50,154
252,8.689655172413794,player,unknown,0.5901769399642944,810,428,860,572,50,144
252,8.689655172413794,player,team_4,0.5406606197357178,827,178,863,317,36,139
252,8.689655172413794,player,team_4,0.5078247785568237,553,205,611,315,58,110
253,8.724137931034482,player,team_1,0.7222819924354553,677,235,739,391,62,156
253,8.724137931034482,player,team_3,0.7201139330863953,256,336,323,492,67,156
253,8.724137931034482,player,team_1,0.7104740142822266,887,286,975,443,88,157
253,8.724137931034482,player,team_3,0.6733424067497253,482,308,550,468,68,160
253,8.724137931034482,player,team_1,0.5850813984870911,809,427,859,570,50,143
254,8.758620689655173,player,team_3,0.705908477306366,255,335,323,491,68,156
254,8.758620689655173,player,team_3,0.6921930313110352,482,310,551,469,69,159
254,8.758620689655173,player,team_1,0.6211391687393188,889,288,977,446,88,158
254,8.758620689655173,player,unknown,0.5831115245819092,809,427,857,574,48,147
255,8.793103448275861,player,team_3,0.7008995413780212,254,336,322,493,68,157
255,8.793103448275861,player,team_3,0.6453726291656494,481,312,550,468,69,156
255,8.793103448275861,player,team_1,0.5561894178390503,808,426,856,574,48,148
255,8.793103448275861,player,team_4,0.5394061803817749,456,220,534,319,78,99
255,8.793103448275861,player,team_4,0.5123776793479919,557,204,613,313,56,109
256,8.827586206896552,player,team_3,0.7645304799079895,255,336,322,490,67,154
256,8.827586206896552,player,team_3,0.6458619832992554,686,242,757,386,71,144
256,8.827586206896552,player,team_1,0.6394098401069641,908,280,977,445,69,165
256,8.827586206896552,player,unknown,0.5948197245597839,807,423,855,575,48,152
256,8.827586206896552,player,team_2,0.5696154236793518,481,313,549,468,68,155
257,8.862068965517242,player,team_3,0.8134808540344238,256,336,321,491,65,155
257,8.862068965517242,player,team_1,0.6903109550476074,911,276,975,443,64,167
257,8.862068965517242,player,team_2,0.6226733326911926,480,310,548,469,68,159
257,8.862068965517242,player,unknown,0.5884872674942017,807,422,855,575,48,153
257,8.862068965517242,player,team_3,0.5642231702804565,690,241,762,380,72,139
258,8.89655172413793,player,team_1,0.8027514219284058,254,336,319,492,65,156
258,8.89655172413793,player,team_1,0.665287971496582,919,277,975,442,56,165
258,8.89655172413793,player,team_1,0.6071608066558838,806,422,854,577,48,155
258,8.89655172413793,player,team_3,0.5546999573707581,696,240,760,378,64,138
258,8.89655172413793,player,team_3,0.5440964698791504,479,311,546,469,67,158
259,8.931034482758621,player,team_3,0.8038945198059082,249,336,317,491,68,155
259,8.931034482758621,player,team_1,0.6202303171157837,914,276,975,441,61,165
259,8.931034482758621,player,team_1,0.6114954352378845,805,422,854,579,49,157
259,8.931034482758621,player,team_3,0.5087406039237976,699,236,761,381,62,145
260,8.96551724137931,player,team_3,0.8136823773384094,247,335,314,490,67,155
260,8.96551724137931,player,team_1,0.7089370489120483,917,276,977,442,60,166
260,8.96551724137931,player,unknown,0.6042791604995728,804,421,853,581,49,160
260,8.96551724137931,player,team_1,0.5560815930366516,701,233,761,375,60,142
261,9.0,player,team_3,0.8116268515586853,246,334,310,490,64,156
261,9.0,player,team_3,0.6082779765129089,697,230,762,372,65,142
261,9.0,player,team_1,0.6059431433677673,926,276,982,442,56,166
261,9.0,player,unknown,0.5802706480026245,801,421,851,580,50,159
261,9.0,player,team_4,0.5313481688499451,570,184,613,304,43,120
261,9.0,player,team_3,0.5114791989326477,466,197,556,312,90,115
262,9.03448275862069,player,team_1,0.8394511938095093,243,334,306,490,63,156
262,9.03448275862069,player,team_1,0.6970989108085632,932,278,991,443,59,165
262,9.03448275862069,player,team_1,0.6050057411193848,700,229,767,381,67,152
262,9.03448275862069,player,unknown,0.513564944267273,799,421,849,580,50,159
263,9.068965517241379,player,team_1,0.8069940805435181,241,334,301,490,60,156
263,9.068965517241379,player,team_1,0.7341290712356567,937,279,1003,444,66,165
263,9.068965517241379,player,team_4,0.5728756189346313,575,179,616,303,41,124
263,9.068965517241379,player,team_3,0.5687965154647827,706,227,773,382,67,155
263,9.068965517241379,player,unknown,0.5487476587295532,797,420,848,580,51,160
264,9.10344827586207,player,team_1,0.7875568270683289,240,333,300,489,60,156
264,9.10344827586207,player,team_1,0.7591526508331299,939,281,1010,445,71,164
264,9.10344827586207,player,team_3,0.636540949344635,702,226,775,381,73,155
264,9.10344827586207,player,team_4,0.6041390299797058,578,185,617,301,39,116
264,9.10344827586207,player,unknown,0.5691925287246704,794,420,846,582,52,162
265,9.137931034482758,player,team_1,0.7700024843215942,237,333,299,490,62,157
265,9.137931034482758,player,team_1,0.6948713660240173,941,282,1018,446,77,164
265,9.137931034482758,player,team_4,0.6167236566543579,580,189,619,300,39,111
265,9.137931034482758,player,team_3,0.5945602655410767,702,227,780,376,78,149
265,9.137931034482758,player,unknown,0.5187442898750305,793,420,845,582,52,162
266,9.172413793103448,player,team_1,0.7921410202980042,232,332,297,488,65,156
266,9.172413793103448,player,team_1,0.6958801746368408,943,283,1020,447,77,164
266,9.172413793103448,player,team_3,0.6050294041633606,702,227,785,406,83,179
266,9.172413793103448,player,team_4,0.5297092795372009,583,191,620,298,37,107
266,9.172413793103448,player,team_1,0.51123046875,790,419,844,584,54,165
267,9.206896551724139,player,team_1,0.7300742864608765,230,331,296,485,66,154
267,9.206896551724139,player,team_4,0.6117719411849976,465,307,511,464,46,157
267,9.206896551724139,player,team_3,0.5285623669624329,702,228,782,395,80,167
267,9.206896551724139,player,team_4,0.5211814045906067,584,191,623,299,39,108
267,9.206896551724139,player,unknown,0.5191119313240051,788,419,843,588,55,169
268,9.241379310344827,player,team_1,0.7906507253646851,227,329,293,480,66,151
268,9.241379310344827,player,team_4,0.661891520023346,463,305,512,462,49,157
268,9.241379310344827,player,unknown,0.6162058711051941,785,419,842,589,57,170
268,9.241379310344827,player,team_3,0.5559161901473999,700,229,783,385,83,156
268,9.241379310344827,player,team_4,0.5396508574485779,585,190,629,299,44,109
269,9.275862068965518,player,team_1,0.824825644493103,225,328,290,480,65,152
269,9.275862068965518,player,unknown,0.6799281239509583,785,418,840,588,55,170
269,9.275862068965518,player,team_4,0.6770485043525696,461,305,517,460,56,155
269,9.275862068965518,player,team_1,0.5902513265609741,948,290,1022,449,74,159
270,9.310344827586206,player,team_1,0.8232504725456238,224,327,285,479,61,152
270,9.310344827586206,player,team_1,0.7137001156806946,947,288,1022,449,75,161
270,9.310344827586206,player,unknown,0.6548631191253662,783,418,840,588,57,170
270,9.310344827586206,player,team_4,0.5617566108703613,460,303,521,458,61,155
270,9.310344827586206,player,team_3,0.5508952140808105,715,230,784,379,69,149
271,9.344827586206897,player,team_1,0.7688421607017517,222,326,279,479,57,153
271,9.344827586206897,player,team_1,0.6826198101043701,948,288,1022,449,74,161
271,9.344827586206897,player,unknown,0.6368744969367981,783,419,838,583,55,164
271,9.344827586206897,player,team_3,0.5760427713394165,712,232,783,379,71,147
271,9.344827586206897,player,team_4,0.5227972269058228,458,297,520,455,62,158
272,9.379310344827585,player,team_1,0.77939772605896,219,325,275,479,56,154
272,9.379310344827585,player,team_1,0.652634859085083,954,291,1022,450,68,159
272,9.379310344827585,player,unknown,0.583541989326477,780,418,838,582,58,164
272,9.379310344827585,player,team_4,0.5713274478912354,450,300,516,457,66,157
272,9.379310344827585,player,team_3,0.5404219031333923,717,234,783,380,66,146
273,9.413793103448276,player,team_1,0.8101778030395508,216,325,272,478,56,153
273,9.413793103448276,player,team_4,0.6673361659049988,443,300,515,458,72,158
273,9.413793103448276,player,team_1,0.6653201580047607,960,291,1021,451,61,160
273,9.413793103448276,player,unknown,0.5718085169792175,776,418,837,585,61,167
273,9.413793103448276,player,team_3,0.5102777481079102,715,235,783,387,68,152
273,9.413793103448276,player,unknown,0.503197968006134,522,185,583,315,61,130
273,9.413793103448276,player,team_2,0.5002332925796509,864,229,921,378,57,149
274,9.448275862068966,player,team_1,0.8258915543556213,215,324,271,479,56,155
274,9.448275862068966,player,team_1,0.7170153260231018,965,290,1020,453,55,163
274,9.448275862068966,player,team_3,0.6311324834823608,443,301,513,456,70,155
274,9.448275862068966,player,unknown,0.5895971059799194,772,419,835,587,63,168
274,9.448275862068966,player,team_4,0.556816816329956,522,190,585,315,63,125
274,9.448275862068966,player,team_3,0.5546471476554871,713,234,782,387,69,153
274,9.448275862068966,player,team_3,0.5268219709396362,857,228,922,382,65,154
275,9.482758620689655,player,team_1,0.7857781052589417,215,323,269,479,54,156
275,9.482758620689655,player,team_3,0.6895554661750793,444,301,512,456,68,155
275,9.482758620689655,player,team_1,0.6808280944824219,967,291,1019,454,52,163
275,9.482758620689655,player,team_3,0.6078710556030273,854,227,921,380,67,153
275,9.482758620689655,player,unknown,0.5991957187652588,525,187,586,315,61,128
275,9.482758620689655,player,unknown,0.5986584424972534,771,419,832,588,61,169
275,9.482758620689655,player,team_3,0.5307526588439941,712,233,780,384,68,151
276,9.517241379310345,player,team_1,0.7916898727416992,214,324,267,480,53,156
276,9.517241379310345,player,unknown,0.5803258419036865,770,419,831,586,61,167
276,9.517241379310345,player,team_1,0.5571061968803406,966,292,1019,455,53,163
276,9.517241379310345,player,team_3,0.5460289120674133,714,231,779,391,65,160
276,9.517241379310345,player,team_4,0.536140501499176,447,307,510,457,63,150
276,9.517241379310345,player,team_3,0.5350020527839661,856,226,920,374,64,148
277,9.551724137931034,player,team_1,0.8088473677635193,213,324,267,480,54,156
277,9.551724137931034,player,team_4,0.630699098110199,441,309,510,458,69,149
277,9.551724137931034,player,unknown,0.5929054021835327,769,418,827,588,58,170
277,9.551724137931034,player,team_1,0.54499751329422,970,294,1019,459,49,165
277,9.551724137931034,player,team_3,0.5378780961036682,716,228,778,389,62,161
278,9.586206896551724,player,team_1,0.810535192489624,210,323,266,480,56,157
278,9.586206896551724,player,team_4,0.6312657594680786,443,311,509,459,66,148
278,9.586206896551724,player,unknown,0.6305796504020691,768,418,824,585,56,167
278,9.586206896551724,player,team_3,0.591522753238678,713,228,778,387,65,159
278,9.586206896551724,player,team_1,0.5553085207939148,967,289,1020,456,53,167
278,9.586206896551724,player,team_2,0.5485697984695435,851,235,916,376,65,141
279,9.620689655172415,player,team_1,0.7624862790107727,211,322,266,479,55,157
279,9.620689655172415,player,unknown,0.6705790758132935,766,417,823,583,57,166
279,9.620689655172415,player,team_3,0.6146024465560913,705,227,775,375,70,148
279,9.620689655172415,player,team_3,0.565165102481842,848,227,918,378,70,151
279,9.620689655172415,player,team_4,0.5299192667007446,448,310,508,459,60,149
279,9.620689655172415,player,team_1,0.5255380868911743,969,291,1024,459,55,168
279,9.620689655172415,player,team_2,0.5035362243652344,528,208,592,315,64,107
280,9.655172413793103,player,team_1,0.7576095461845398,210,322,265,479,55,157
280,9.655172413793103,player,unknown,0.6587923169136047,764,417,822,582,58,165
280,9.655172413793103,player,team_3,0.5934786200523376,843,226,916,378,73,152
280,9.655172413793103,player,team_3,0.5896999835968018,705,227,771,369,66,142
280,9.655172413793103,player,team_4,0.5823566317558289,527,206,591,318,64,112
280,9.655172413793103,player,team_4,0.5558027029037476,442,308,508,459,66,151
280,9.655172413793103,player,team_1,0.5272565484046936,969,291,1026,465,57,174
280,9.655172413793103,player,team_4,0.5097108483314514,583,174,637,294,54,120
281,9.689655172413794,player,team_1,0.7817387580871582,209,321,264,476,55,155
281,9.689655172413794,player,team_3,0.6704561710357666,831,225,914,386,83,161
281,9.689655172413794,player,team_1,0.6544185280799866,705,226,764,365,59,139
281,9.689655172413794,player,team_1,0.6512973308563232,762,418,821,582,59,164
281,9.689655172413794,player,team_4,0.5885067582130432,439,303,507,457,68,154
281,9.689655172413794,player,team_3,0.5139908194541931,800,193,844,305,44,112
281,9.689655172413794,player,team_2,0.5027037858963013,531,208,591,319,60,111
282,9.724137931034482,player,team_1,0.8091509342193604,206,321,263,475,57,154
282,9.724137931034482,player,team_4,0.7235053777694702,434,301,507,457,73,156
282,9.724137931034482,player,team_1,0.6698935627937317,704,226,761,365,57,139
282,9.724137931034482,player,team_3,0.6483348608016968,824,226,912,388,88,162
282,9.724137931034482,player,unknown,0.610228419303894,760,418,819,581,59,163
283,9.758620689655173,player,team_1,0.7642651796340942,205,319,261,472,56,153
283,9.758620689655173,player,team_4,0.6793467998504639,436,296,506,455,70,159
283,9.758620689655173,player,team_3,0.6404416561126709,823,226,908,390,85,164
283,9.758620689655173,player,team_1,0.6286133527755737,706,226,760,367,54,141
283,9.758620689655173,player,team_1,0.6189339756965637,758,416,816,581,58,165
284,9.793103448275861,player,team_1,0.7606520056724548,202,318,259,469,57,151
284,9.793103448275861,player,team_1,0.7175580263137817,756,415,815,584,59,169
284,9.793103448275861,player,team_2,0.7108158469200134,441,295,507,455,66,160
284,9.793103448275861,player,team_3,0.6952016353607178,820,225,904,389,84,164
284,9.793103448275861,player,team_3,0.5981444716453552,704,227,758,369,54,142
285,9.827586206896552,player,team_1,0.746997058391571,200,317,256,465,56,148
285,9.827586206896552,player,unknown,0.7216625213623047,754,415,812,583,58,168
285,9.827586206896552,player,team_4,0.7008652687072754,446,294,510,454,64,160
285,9.827586206896552,player,team_3,0.617245614528656,702,228,757,370,55,142
286,9.862068965517242,player,team_1,0.8058310151100159,198,314,250,463,52,149
286,9.862068965517242,player,team_1,0.7170748114585876,752,415,810,579,58,164
286,9.862068965517242,player,team_3,0.6600291132926941,450,293,513,454,63,161
286,9.862068965517242,player,team_3,0.6205989718437195,702,230,756,372,54,142
287,9.89655172413793,player,team_1,0.7900989055633545,196,313,246,464,50,151
287,9.89655172413793,player,unknown,0.755777895450592,749,415,809,579,60,164
287,9.89655172413793,player,team_3,0.7383638620376587,451,293,519,455,68,162
287,9.89655172413793,player,team_3,0.5159067511558533,702,232,757,370,55,138
288,9.931034482758621,player,team_1,0.7544170022010803,748,415,808,579,60,164
288,9.931034482758621,player,team_3,0.7347598671913147,452,293,524,456,72,163
288,9.931034482758621,player,team_1,0.7070152759552002,195,312,241,464,46,152
288,9.931034482758621,player,team_3,0.5081226825714111,704,232,757,366,53,134
289,9.96551724137931,player,team_3,0.800716757774353,454,294,528,457,74,163
289,9.96551724137931,player,team_1,0.7473170757293701,746,417,806,581,60,164
289,9.96551724137931,player,team_1,0.7142639756202698,194,311,238,463,44,152
289,9.96551724137931,player,team_1,0.5582910180091858,965,291,1019,458,54,167
289,9.96551724137931,player,team_2,0.5088915824890137,561,179,612,319,51,140
290,10.0,player,team_4,0.8225520849227905,453,296,527,459,74,163
290,10.0,player,team_1,0.7654068470001221,744,418,806,583,62,165
290,10.0,player,team_1,0.7495044469833374,190,311,233,463,43,152
290,10.0,player,team_1,0.5962523221969604,964,293,1017,447,53,154
290,10.0,player,team_2,0.5120156407356262,804,259,860,383,56,124
291,10.03448275862069,player,team_3,0.8404642939567566,451,298,524,461,73,163
291,10.03448275862069,player,team_1,0.7803865075111389,186,310,230,462,44,152
291,10.03448275862069,player,unknown,0.736594021320343,743,418,803,582,60,164
291,10.03448275862069,player,team_1,0.5394245386123657,963,294,1018,442,55,148
291,10.03448275862069,player,team_2,0.5172605514526367,559,168,614,317,55,149
292,10.068965517241379,player,team_4,0.8074746131896973,449,300,523,460,74,160
292,10.068965517241379,player,team_1,0.7648046612739563,184,310,228,461,44,151
292,10.068965517241379,player,team_1,0.7474910616874695,741,417,802,582,61,165
292,10.068965517241379,player,team_1,0.5716503858566284,968,296,1015,441,47,145
292,10.068965517241379,player,team_3,0.5030582547187805,700,236,763,366,63,130
293,10.10344827586207,player,team_2,0.7988751530647278,448,299,523,460,75,161
293,10.10344827586207,player,team_1,0.7436796426773071,181,310,225,460,44,150
293,10.10344827586207,player,team_1,0.7301556468009949,739,417,801,583,62,166
293,10.10344827586207,player,team_1,0.6372193694114685,965,297,1012,440,47,143
293,10.10344827586207,player,team_3,0.5300984978675842,703,237,762,358,59,121
293,10.10344827586207,player,team_2,0.5233286023139954,559,176,624,325,65,149
294,10.137931034482758,player,team_3,0.7778217196464539,446,299,523,461,77,162
294,10.137931034482758,player,team_1,0.7424193024635315,178,310,222,461,44,151
294,10.137931034482758,player,team_1,0.7203760743141174,739,418,800,583,61,165
294,10.137931034482758,player,team_1,0.5473838448524475,962,291,1010,439,48,148
294,10.137931034482758,player,team_3,0.5217709541320801,702,239,761,360,59,121
295,10.172413793103448,player,team_1,0.7480484843254089,737,418,798,583,61,165
295,10.172413793103448,player,team_3,0.7376144528388977,453,298,522,460,69,162
295,10.172413793103448,player,team_1,0.7055537700653076,175,310,219,462,44,152
295,10.172413793103448,player,team_4,0.5948769450187683,560,187,640,328,80,141
296,10.206896551724139,player,team_1,0.7734776735305786,170,310,216,462,46,152
296,10.206896551724139,player,team_1,0.7578907608985901,736,417,797,584,61,167
296,10.206896551724139,player,team_3,0.7464665174484253,449,295,521,459,72,164
297,10.241379310344827,player,team_1,0.7871479988098145,166,310,213,462,47,152
297,10.241379310344827,player,team_3,0.7296103239059448,450,294,519,458,69,164
297,10.241379310344827,player,team_1,0.697650671005249,734,418,795,583,61,165
298,10.275862068965518,player,team_1,0.8123931288719177,163,310,210,461,47,151
298,10.275862068965518,player,team_3,0.7344850897789001,452,293,517,459,65,166
298,10.275862068965518,player,team_1,0.678663969039917,732,419,793,583,61,164
299,10.310344827586206,player,team_1,0.7994136810302734,160,309,206,465,46,156
299,10.310344827586206,player,team_3,0.7291110754013062,455,295,515,460,60,165
299,10.310344827586206,player,team_1,0.6413472294807434,731,420,792,584,61,164
300,10.344827586206897,player,team_1,0.7856882214546204,157,309,202,465,45,156
300,10.344827586206897,player,team_4,0.7623875141143799,457,294,513,461,56,167
300,10.344827586206897,player,team_1,0.687404215335846,729,420,790,586,61,166
300,10.344827586206897,player,team_3,0.5313562154769897,805,190,871,320,66,130
301,10.379310344827585,player,team_3,0.7877088189125061,153,309,198,464,45,155
301,10.379310344827585,player,team_1,0.7296814322471619,729,420,790,589,61,169
301,10.379310344827585,player,team_3,0.7167730927467346,460,294,512,462,52,168
301,10.379310344827585,player,team_1,0.5995447039604187,934,279,994,424,60,145
302,10.413793103448276,player,team_1,0.7324210405349731,149,307,192,461,43,154
302,10.413793103448276,player,team_1,0.7168083786964417,728,420,789,587,61,167
302,10.413793103448276,player,team_3,0.7102453112602234,457,296,509,462,52,166
302,10.413793103448276,player,team_1,0.6162797808647156,931,276,989,417,58,141
302,10.413793103448276,player,team_2,0.5623689293861389,596,218,663,341,67,123
303,10.448275862068966,player,team_1,0.7317989468574524,146,308,188,464,42,156
303,10.448275862068966,player,team_3,0.7184431552886963,455,297,508,463,53,166
303,10.448275862068966,player,team_1,0.7116732001304626,727,419,787,584,60,165
303,10.448275862068966,player,team_1,0.5964542031288147,932,278,987,413,55,135
303,10.448275862068966,player,team_2,0.5609296560287476,598,218,665,347,67,129
304,10.482758620689655,player,team_3,0.7645314931869507,453,296,508,461,55,165
304,10.482758620689655,player,team_1,0.7339798212051392,143,307,185,464,42,157
304,10.482758620689655,player,unknown,0.6622229814529419,725,419,786,588,61,169
304,10.482758620689655,player,team_2,0.6379699110984802,603,219,667,355,64,136
304,10.482758620689655,player,team_1,0.621033787727356,934,279,984,413,50,134
305,10.517241379310345,player,team_1,0.7553235292434692,138,306,180,464,42,158
305,10.517241379310345,player,team_3,0.7227706909179688,450,296,506,461,56,165
305,10.517241379310345,player,unknown,0.630649209022522,724,419,784,590,60,171
305,10.517241379310345,player,team_1,0.6173171401023865,932,283,980,411,48,128
305,10.517241379310345,player,team_2,0.5962440967559814,607,224,667,357,60,133
306,10.551724137931034,player,team_1,0.769510805606842,135,305,176,465,41,160
306,10.551724137931034,player,unknown,0.6893585920333862,723,419,782,589,59,170
306,10.551724137931034,player,team_3,0.6712881326675415,447,295,504,460,57,165
306,10.551724137931034,player,team_1,0.5149813294410706,927,283,977,411,50,128
307,10.586206896551724,player,unknown,0.7368326187133789,721,420,780,590,59,170
307,10.586206896551724,player,team_1,0.7146005630493164,131,304,172,464,41,160
307,10.586206896551724,player,team_3,0.6863771677017212,443,293,503,461,60,168
308,10.620689655172415,player,team_3,0.7458176612854004,440,292,504,461,64,169
308,10.620689655172415,player,team_1,0.728032648563385,719,420,778,591,59,171
308,10.620689655172415,player,team_3,0.684248149394989,128,304,169,465,41,161
309,10.655172413793103,player,team_3,0.7716248631477356,439,291,503,461,64,170
309,10.655172413793103,player,team_1,0.7372809052467346,123,303,164,466,41,163
309,10.655172413793103,player,team_1,0.67332923412323,716,421,776,590,60,169
309,10.655172413793103,player,team_3,0.5864273905754089,741,244,842,377,101,133
309,10.655172413793103,player,team_1,0.5753374099731445,680,229,734,360,54,131
309,10.655172413793103,player,team_1,0.5249690413475037,927,271,971,407,44,136
309,10.655172413793103,player,team_3,0.5197319388389587,613,226,674,368,61,142
310,10.689655172413794,player,team_3,0.770720899105072,435,292,498,461,63,169
310,10.689655172413794,player,team_1,0.7023861408233643,715,422,775,594,60,172
310,10.689655172413794,player,team_1,0.6191868782043457,677,226,733,368,56,142
310,10.689655172413794,player,team_1,0.5933111906051636,119,303,159,467,40,164
310,10.689655172413794,player,team_3,0.5748130083084106,611,228,677,369,66,141
310,10.689655172413794,player,team_3,0.5359123349189758,738,244,844,374,106,130
311,10.724137931034482,player,team_3,0.7859267592430115,432,292,496,460,64,168
311,10.724137931034482,player,team_1,0.7583393454551697,712,421,774,595,62,174
311,10.724137931034482,player,team_1,0.6423155665397644,116,304,155,466,39,162
311,10.724137931034482,player,team_1,0.590121865272522,674,226,730,368,56,142
311,10.724137931034482,player,team_2,0.5431904792785645,616,231,676,368,60,137
312,10.758620689655173,player,team_3,0.7972204685211182,428,291,490,457,62,166
312,10.758620689655173,player,team_1,0.7452130317687988,710,420,770,596,60,176
312,10.758620689655173,player,team_1,0.6568745374679565,110,304,150,470,40,166
312,10.758620689655173,player,team_2,0.649956226348877,619,231,674,376,55,145
312,10.758620689655173,player,team_1,0.53120356798172,670,225,727,364,57,139
313,10.793103448275861,player,team_1,0.7616127133369446,708,421,768,599,60,178
313,10.793103448275861,player,team_4,0.7521160840988159,424,291,485,456,61,165
313,10.793103448275861,player,team_1,0.7324988842010498,105,304,145,470,40,166
313,10.793103448275861,player,team_4,0.6383073329925537,619,229,676,376,57,147
313,10.793103448275861,player,team_4,0.528511643409729,531,174,606,301,75,127
314,10.827586206896552,player,team_4,0.7587085962295532,421,292,481,457,60,165
314,10.827586206896552,player,team_1,0.7365851998329163,705,421,766,600,61,179
314,10.827586206896552,player,team_1,0.7295128107070923,101,305,141,471,40,166
315,10.862068965517242,player,team_4,0.7662856578826904,417,291,480,458,63,167
315,10.862068965517242,player,team_1,0.7238008975982666,702,421,764,602,62,181
315,10.862068965517242,player,team_1,0.7199268937110901,97,305,135,472,38,167
315,10.862068965517242,player,team_3,0.5641791224479675,618,232,685,380,67,148
316,10.89655172413793,player,team_3,0.8086248636245728,412,292,478,458,66,166
316,10.89655172413793,player,team_1,0.7687536478042603,698,423,762,603,64,180
316,10.89655172413793,player,team_1,0.7194357514381409,92,306,130,473,38,167
317,10.931034482758621,player,team_4,0.8242712616920471,409,290,475,457,66,167
317,10.931034482758621,player,unknown,0.7779169678688049,696,423,760,610,64,187
317,10.931034482758621,player,team_1,0.7260804772377014,86,308,125,473,39,165
318,10.96551724137931,player,team_4,0.8170506954193115,407,290,472,460,65,170
318,10.96551724137931,player,team_1,0.7500253319740295,695,424,758,612,63,188
318,10.96551724137931,player,team_1,0.7008134722709656,81,309,118,475,37,166
318,10.96551724137931,player,team_3,0.5646711587905884,612,222,710,380,98,158
318,10.96551724137931,player,team_1,0.550118625164032,887,248,952,391,65,143
319,11.0,player,team_4,0.8592350482940674,402,290,466,463,64,173
319,11.0,player,unknown,0.7439058423042297,693,426,756,614,63,188
319,11.0,player,team_1,0.737488329410553,74,309,114,479,40,170
319,11.0,player,team_1,0.5404302477836609,888,249,951,392,63,143
319,11.0,player,team_4,0.5359387993812561,542,175,597,307,55,132
320,11.03448275862069,player,team_4,0.8586959838867188,397,291,463,463,66,172
320,11.03448275862069,player,team_1,0.7902880311012268,690,428,754,614,64,186
320,11.03448275862069,player,team_1,0.7342627048492432,68,310,106,480,38,170
320,11.03448275862069,player,team_4,0.6249174475669861,548,174,597,307,49,133
320,11.03448275862069,player,team_1,0.50327467918396,885,237,948,393,63,156
321,11.068965517241379,player,team_1,0.8256380558013916,688,429,752,618,64,189
321,11.068965517241379,player,team_4,0.7937430739402771,395,292,459,467,64,175
321,11.068965517241379,player,team_1,0.7175461649894714,62,311,102,482,40,171
321,11.068965517241379,player,team_4,0.7063797116279602,552,171,599,305,47,134
321,11.068965517241379,player,team_1,0.6375398635864258,884,237,946,394,62,157
321,11.068965517241379,player,team_2,0.5034313201904297,637,230,710,411,73,181
322,11.10344827586207,player,team_1,0.8425887227058411,686,432,751,622,65,190
322,11.10344827586207,player,team_4,0.8055813312530518,392,293,453,471,61,178
322,11.10344827586207,player,team_1,0.6915674805641174,884,227,945,394,61,167
322,11.10344827586207,player,team_1,0.6792705059051514,55,312,96,486,41,174
322,11.10344827586207,player,team_4,0.6372178792953491,554,172,599,310,45,138
322,11.10344827586207,player,team_2,0.6250987648963928,629,232,711,414,82,182
323,11.137931034482758,player,team_1,0.8144956231117249,684,435,749,620,65,185
323,11.137931034482758,player,team_4,0.8027539849281311,388,293,447,472,59,179
323,11.137931034482758,player,team_1,0.668014407157898,50,312,89,487,39,175
323,11.137931034482758,player,team_4,0.6084132790565491,554,171,601,314,47,143
323,11.137931034482758,player,team_2,0.5585007667541504,633,239,712,418,79,179
324,11.172413793103448,player,team_4,0.7907715439796448,385,295,444,474,59,179
324,11.172413793103448,player,unknown,0.7901512980461121,681,437,748,626,67,189
324,11.172413793103448,player,team_1,0.7396504878997803,43,314,84,488,41,174
324,11.172413793103448,player,team_1,0.6546730399131775,889,211,939,383,50,172
324,11.172413793103448,player,team_4,0.6316714286804199,552,172,605,315,53,143
324,11.172413793103448,player,team_3,0.6195894479751587,774,227,860,388,86,161
324,11.172413793103448,player,team_2,0.5688537955284119,636,251,711,421,75,170
325,11.206896551724139,player,team_1,0.7905187010765076,679,439,745,628,66,189
325,11.206896551724139,player,team_4,0.7792355418205261,382,297,442,477,60,180
325,11.206896551724139,player,team_1,0.7787214517593384,36,316,78,490,42,174
325,11.206896551724139,player,team_4,0.6839914321899414,552,177,605,321,53,144
325,11.206896551724139,player,team_3,0.555164098739624,784,228,860,383,76,155
325,11.206896551724139,player,team_1,0.5467072129249573,892,200,935,378,43,178
325,11.206896551724139,player,team_2,0.5237929224967957,647,253,712,423,65,170
326,11.241379310344827,player,team_1,0.8020516037940979,678,441,744,633,66,192
326,11.241379310344827,player,team_4,0.7952083349227905,380,299,441,479,61,180
326,11.241379310344827,player,team_1,0.7503200173377991,30,317,70,493,40,176
326,11.241379310344827,player,team_4,0.7432153820991516,550,177,608,323,58,146
326,11.241379310344827,player,team_2,0.6434879302978516,790,228,858,388,68,160
326,11.241379310344827,player,team_2,0.6244015693664551,645,254,713,424,68,170
327,11.275862068965518,player,team_1,0.8097451329231262,677,443,743,636,66,193
327,11.275862068965518,player,team_4,0.7666570544242859,377,302,438,483,61,181
327,11.275862068965518,player,team_1,0.745047926902771,21,319,64,496,43,177
327,11.275862068965518,player,team_4,0.704713761806488,548,179,608,320,60,141
327,11.275862068965518,player,team_2,0.6471718549728394,798,231,860,391,62,160
327,11.275862068965518,player,team_2,0.5781636834144592,646,253,709,429,63,176
327,11.275862068965518,player,team_1,0.5248820781707764,368,134,424,280,56,146
327,11.275862068965518,player,team_2,0.5073280930519104,192,111,258,277,66,166
328,11.310344827586206,player,team_1,0.8387435674667358,675,447,742,634,67,187
328,11.310344827586206,player,team_1,0.803004264831543,17,319,59,501,42,182
328,11.310344827586206,player,team_4,0.7768653035163879,373,304,434,486,61,182
328,11.310344827586206,player,team_2,0.7127506732940674,546,180,611,324,65,144
328,11.310344827586206,player,team_2,0.6752201318740845,632,256,706,427,74,171
328,11.310344827586206,player,team_2,0.6627396941184998,800,233,860,392,60,159
328,11.310344827586206,player,unknown,0.6041985154151917,185,114,251,277,66,163
328,11.310344827586206,player,unknown,0.52473384141922,361,133,416,281,55,148
329,11.344827586206897,player,team_1,0.8452513813972473,673,449,739,634,66,185
329,11.344827586206897,player,team_4,0.8419991135597229,369,306,431,488,62,182
329,11.344827586206897,player,team_2,0.6941714286804199,545,182,618,326,73,144
329,11.344827586206897,player,team_2,0.6932969093322754,181,127,246,279,65,152
329,11.344827586206897,player,team_1,0.670907735824585,9,323,51,503,42,180
329,11.344827586206897,player,team_2,0.6473960876464844,800,233,862,406,62,173
329,11.344827586206897,player,team_2,0.6317586302757263,636,256,704,424,68,168
330,11.379310344827585,player,unknown,0.8303711414337158,670,450,738,637,68,187
330,11.379310344827585,player,team_4,0.8189364671707153,365,308,428,489,63,181
330,11.379310344827585,player,team_1,0.7307856678962708,0,323,46,505,46,182
330,11.379310344827585,player,team_2,0.7169086337089539,172,128,241,280,69,152
330,11.379310344827585,player,team_4,0.6667410135269165,641,256,699,429,58,173
330,11.379310344827585,player,team_3,0.6574325561523438,547,184,619,327,72,143
330,11.379310344827585,player,team_2,0.5919492244720459,800,236,852,416,52,180
330,11.379310344827585,player,team_1,0.5546945333480835,882,196,926,362,44,166
330,11.379310344827585,player,unknown,0.5200583338737488,349,130,407,285,58,155
331,11.413793103448276,player,team_1,0.8474297523498535,667,452,738,639,71,187
331,11.413793103448276,player,team_4,0.8029798865318298,361,308,425,493,64,185
331,11.413793103448276,player,team_1,0.7724090814590454,0,325,38,508,38,183
331,11.413793103448276,player,team_4,0.7148162126541138,639,258,697,433,58,175
331,11.413793103448276,player,team_4,0.6362119317054749,550,185,614,327,64,142
331,11.413793103448276,player,team_1,0.6278035640716553,876,191,924,362,48,171
331,11.413793103448276,player,team_2,0.6173033714294434,800,238,849,416,49,178
331,11.413793103448276,player,team_2,0.586117684841156,168,129,233,280,65,151
331,11.413793103448276,player,team_1,0.5382598042488098,340,135,391,285,51,150
332,11.448275862068966,player,team_4,0.8384575843811035,356,309,424,494,68,185
332,11.448275862068966,player,team_1,0.8160430788993835,665,454,735,640,70,186
332,11.448275862068966,player,team_2,0.7104801535606384,638,259,695,438,57,179
332,11.448275862068966,player,team_2,0.6628520488739014,799,241,846,423,47,182
332,11.448275862068966,player,team_2,0.6354755163192749,161,124,225,282,64,158
332,11.448275862068966,player,team_4,0.6348663568496704,551,185,609,329,58,144
332,11.448275862068966,player,team_2,0.5277584791183472,798,583,855,639,57,56
332,11.448275862068966,player,unknown,0.527434766292572,0,328,30,509,30,181
332,11.448275862068966,player,team_1,0.5066176652908325,598,233,643,391,45,158
333,11.482758620689655,player,team_4,0.8372204899787903,353,309,419,499,66,190
333,11.482758620689655,player,unknown,0.783758282661438,664,456,734,641,70,185
333,11.482758620689655,player,team_2,0.6600118279457092,634,260,691,443,57,183
333,11.482758620689655,player,team_2,0.6156524419784546,799,244,848,420,49,176
333,11.482758620689655,player,team_1,0.5981745719909668,590,236,637,395,47,159
333,11.482758620689655,player,team_2,0.5797882080078125,158,133,217,283,59,150
334,11.517241379310345,player,team_4,0.8463214039802551,346,312,415,500,69,188
334,11.517241379310345,player,team_1,0.7562304735183716,662,460,733,652,71,192
334,11.517241379310345,player,team_4,0.7366061806678772,631,261,692,444,61,183
334,11.517241379310345,player,team_2,0.6916235089302063,798,244,843,423,45,179
334,11.517241379310345,player,team_2,0.5769417881965637,147,135,212,285,65,150
335,11.551724137931034,player,team_4,0.8320249915122986,343,312,411,500,68,188
335,11.551724137931034,player,team_1,0.768609881401062,660,462,734,664,74,202
335,11.551724137931034,player,team_4,0.7436952590942383,629,264,693,447,64,183
335,11.551724137931034,player,team_4,0.6563275456428528,797,244,841,425,44,181
335,11.551724137931034,player,team_4,0.5274309515953064,855,581,905,640,50,59
335,11.551724137931034,player,team_2,0.5163697004318237,139,134,203,287,64,153
336,11.586206896551724,player,team_4,0.8355949521064758,337,313,408,505,71,192
336,11.586206896551724,player,team_1,0.7861180901527405,657,463,733,663,76,200
336,11.586206896551724,player,team_4,0.6870378255844116,625,270,689,453,64,183
336,11.586206896551724,player,team_2,0.6469573974609375,796,244,845,429,49,185
336,11.586206896551724,player,team_2,0.517776370048523,132,138,194,287,62,149
336,11.586206896551724,player,team_2,0.5008872747421265,853,584,907,640,54,56
337,11.620689655172415,player,team_4,0.8702083230018616,331,314,404,509,73,195
337,11.620689655172415,player,team_4,0.7332233786582947,622,272,687,454,65,182
337,11.620689655172415,player,team_1,0.7273913025856018,656,465,728,657,72,192
337,11.620689655172415,player,team_4,0.6267860531806946,795,244,840,429,45,185
337,11.620689655172415,player,team_2,0.5251659750938416,555,186,607,337,52,151
338,11.655172413793103,player,team_4,0.840740978717804,330,317,400,509,70,192
338,11.655172413793103,player,team_4,0.7814040780067444,619,273,683,460,64,187
338,11.655172413793103,player,team_1,0.7713152766227722,654,467,727,661,73,194
338,11.655172413793103,player,team_4,0.5948959589004517,792,244,841,430,49,186
339,11.689655172413794,player,team_4,0.8195499181747437,327,319,395,513,68,194
339,11.689655172413794,player,team_4,0.7889275550842285,615,274,681,461,66,187
339,11.689655172413794,player,unknown,0.7820662260055542,652,468,727,662,75,194
339,11.689655172413794,player,team_1,0.7269378900527954,268,147,354,300,86,153
339,11.689655172413794,player,team_4,0.6616811156272888,791,243,836,428,45,185
339,11.689655172413794,player,team_2,0.6522163152694702,550,178,613,402,63,224
339,11.689655172413794,player,team_1,0.6264223456382751,862,198,910,384,48,186
340,11.724137931034482,player,team_4,0.8422251343727112,323,320,393,516,70,196
340,11.724137931034482,player,unknown,0.8050013780593872,651,470,727,663,76,193
340,11.724137931034482,player,team_4,0.7784870266914368,614,273,679,464,65,191
340,11.724137931034482,player,team_4,0.6207532286643982,788,242,834,429,46,187
340,11.724137931034482,player,team_1,0.5868609547615051,861,199,910,391,49,192
340,11.724137931034482,player,team_1,0.5837079882621765,258,147,350,300,92,153
341,11.758620689655173,player,team_4,0.8578855991363525,317,322,390,518,73,196
341,11.758620689655173,player,unknown,0.8052142858505249,649,471,723,655,74,184
341,11.758620689655173,player,team_4,0.7486786842346191,611,272,676,463,65,191
341,11.758620689655173,player,team_1,0.6857221722602844,253,145,342,299,89,154
341,11.758620689655173,player,team_1,0.6061306595802307,858,201,910,396,52,195
341,11.758620689655173,player,team_4,0.5673001408576965,786,242,834,432,48,190
342,11.793103448275861,player,team_4,0.8650401830673218,313,323,385,519,72,196
342,11.793103448275861,player,unknown,0.8091346621513367,648,474,720,646,72,172
342,11.793103448275861,player,team_4,0.7498775124549866,606,273,672,464,66,191
342,11.793103448275861,player,team_4,0.6622412204742432,784,242,833,434,49,192
342,11.793103448275861,player,team_1,0.6541934013366699,243,135,322,300,79,165
342,11.793103448275861,player,team_3,0.5183946490287781,537,241,613,409,76,168
343,11.827586206896552,player,team_4,0.8572111129760742,310,323,381,520,71,197
343,11.827586206896552,player,unknown,0.8174421191215515,647,476,719,644,72,168
343,11.827586206896552,player,team_4,0.7827222347259521,602,272,669,462,67,190
343,11.827586206896552,player,team_4,0.6913588047027588,783,241,832,436,49,195
343,11.827586206896552,player,team_3,0.6264066696166992,533,242,607,411,74,169
343,11.827586206896552,player,team_1,0.568992555141449,233,136,315,302,82,166
344,11.862068965517242,player,team_4,0.8438219428062439,301,322,378,521,77,199
344,11.862068965517242,player,team_4,0.8077099323272705,598,273,667,466,69,193
344,11.862068965517242,player,unknown,0.801636815071106,645,477,718,645,73,168
344,11.862068965517242,player,team_4,0.6765154004096985,778,241,834,439,56,198
344,11.862068965517242,player,team_1,0.6673493981361389,222,139,295,303,73,164
344,11.862068965517242,player,team_1,0.624768078327179,531,240,599,411,68,171
345,11.89655172413793,player,team_4,0.8601263761520386,293,322,377,524,84,202
345,11.89655172413793,player,unknown,0.807906448841095,644,478,717,643,73,165
345,11.89655172413793,player,team_4,0.7912057042121887,594,274,665,468,71,194
345,11.89655172413793,player,team_3,0.758604109287262,758,241,836,440,78,199
345,11.89655172413793,player,team_1,0.6830905675888062,527,240,585,413,58,173
345,11.89655172413793,player,team_1,0.623987078666687,214,142,277,304,63,162
345,11.89655172413793,player,team_2,0.5407149791717529,647,118,716,257,69,139
346,11.931034482758621,player,team_4,0.8709132075309753,290,323,377,524,87,201
346,11.931034482758621,player,team_3,0.7931194305419922,756,240,835,441,79,201
346,11.931034482758621,player,unknown,0.7915360927581787,642,480,716,642,74,162
346,11.931034482758621,player,team_4,0.7240333557128906,589,278,665,473,76,195
346,11.931034482758621,player,team_1,0.6287696957588196,643,117,715,257,72,140
346,11.931034482758621,player,team_1,0.6119038462638855,520,239,574,413,54,174
346,11.931034482758621,player,team_1,0.5011402368545532,203,137,265,304,62,167
347,11.96551724137931,player,team_4,0.8841888308525085,282,322,372,526,90,204
347,11.96551724137931,player,team_1,0.7921591997146606,641,481,715,642,74,161
347,11.96551724137931,player,team_3,0.7832167148590088,756,240,833,441,77,201
347,11.96551724137931,player,team_4,0.7023945450782776,584,284,664,473,80,189
347,11.96551724137931,player,team_3,0.6099234819412231,514,239,569,415,55,176
347,11.96551724137931,player,team_1,0.5242694020271301,640,116,713,255,73,139
348,12.0,player,team_4,0.8821368217468262,274,323,368,529,94,206
348,12.0,player,team_3,0.7791875004768372,756,240,834,444,78,204
348,12.0,player,team_4,0.771908700466156,577,298,662,474,85,176
348,12.0,player,unknown,0.76985102891922,640,483,714,639,74,156
348,12.0,player,team_3,0.6000124216079712,507,238,565,422,58,184
348,12.0,player,team_1,0.5906426310539246,183,132,240,309,57,177
348,12.0,player,team_1,0.5520059466362,634,116,712,257,78,141
349,12.03448275862069,player,team_4,0.889110267162323,266,324,366,532,100,208
349,12.03448275862069,player,team_3,0.8263804912567139,750,238,835,445,85,207
349,12.03448275862069,player,unknown,0.8246703743934631,640,485,712,640,72,155
349,12.03448275862069,player,team_2,0.7971217632293701,568,288,661,475,93,187
349,12.03448275862069,player,team_3,0.6904714703559875,499,236,546,428,47,192
349,12.03448275862069,player,team_1,0.6686062812805176,173,132,230,312,57,180
350,12.068965517241379,player,team_4,0.880729615688324,259,325,360,534,101,209
350,12.068965517241379,player,team_3,0.8234059810638428,744,239,833,446,89,207
350,12.068965517241379,player,team_4,0.8170093894004822,564,283,660,477,96,194
350,12.068965517241379,player,team_1,0.7638596892356873,638,486,711,639,73,153
350,12.068965517241379,player,unknown,0.6855420470237732,161,127,224,313,63,186
350,12.068965517241379,player,team_3,0.6734799146652222,492,238,538,427,46,189
350,12.068965517241379,player,team_4,0.6426469087600708,1087,282,1160,462,73,180
351,12.10344827586207,player,team_4,0.9038800597190857,253,324,357,536,104,212
351,12.10344827586207,player,team_4,0.8205989599227905,560,278,658,478,98,200
351,12.10344827586207,player,team_3,0.7735669016838074,482,233,533,423,51,190
351,12.10344827586207,player,team_3,0.7699820399284363,739,240,830,446,91,206
351,12.10344827586207,player,team_1,0.7327205538749695,155,128,219,315,64,187
351,12.10344827586207,player,unknown,0.7164771556854248,637,486,709,638,72,152
352,12.137931034482758,player,team_2,0.902724027633667,249,324,350,536,101,212
352,12.137931034482758,player,team_4,0.8226759433746338,556,282,657,481,101,199
352,12.137931034482758,player,team_1,0.7943865060806274,472,237,526,422,54,185
352,12.137931034482758,player,team_3,0.7839963436126709,741,239,827,447,86,208
352,12.137931034482758,player,team_4,0.5211256146430969,141,133,207,315,66,182
353,12.172413793103448,player,team_2,0.8740509748458862,240,325,345,536,105,211
353,12.172413793103448,player,team_4,0.789564847946167,555,283,657,482,102,199
353,12.172413793103448,player,team_3,0.7582517862319946,742,240,822,448,80,208
353,12.172413793103448,player,unknown,0.7246069312095642,128,121,201,314,73,193
353,12.172413793103448,player,team_1,0.6543272137641907,807,235,922,418,115,183
353,12.172413793103448,player,team_1,0.6318002939224243,466,242,521,417,55,175
353,12.172413793103448,player,team_1,0.5121464729309082,632,490,701,604,69,114
354,12.206896551724139,player,team_4,0.8638005256652832,234,327,339,538,105,211
354,12.206896551724139,player,team_4,0.81330806016922,547,283,655,484,108,201
354,12.206896551724139,player,team_2,0.8039430379867554,741,239,826,448,85,209
354,12.206896551724139,player,unknown,0.6913899779319763,114,141,196,317,82,176
354,12.206896551724139,player,team_1,0.6608617901802063,630,493,700,636,70,143
354,12.206896551724139,player,team_3,0.607726514339447,449,240,515,419,66,179
355,12.241379310344827,player,team_4,0.8684756755828857,226,328,334,539,108,211
355,12.241379310344827,player,team_3,0.83400958776474,540,285,653,495,113,210
355,12.241379310344827,player,team_2,0.833267092704773,740,239,830,449,90,210
355,12.241379310344827,player,team_3,0.7779315114021301,442,243,513,419,71,176
355,12.241379310344827,player,team_1,0.6331586837768555,627,493,696,636,69,143
355,12.241379310344827,player,team_4,0.6299078464508057,1117,279,1210,492,93,213
355,12.241379310344827,player,unknown,0.5163966417312622,599,177,659,351,60,174
356,12.275862068965518,player,team_2,0.8853170871734619,222,327,323,541,101,214
356,12.275862068965518,player,team_2,0.8468526601791382,541,287,652,501,111,214
356,12.275862068965518,player,team_3,0.825363278388977,425,245,512,423,87,178
356,12.275862068965518,player,team_3,0.7679132223129272,737,237,811,448,74,211
356,12.275862068965518,player,team_1,0.6898421049118042,624,497,693,637,69,140
356,12.275862068965518,player,unknown,0.6192907691001892,86,134,187,328,101,194
356,12.275862068965518,player,team_4,0.609084963798523,1123,283,1220,493,97,210
356,12.275862068965518,player,team_4,0.5036323666572571,600,177,649,363,49,186
357,12.310344827586206,player,team_4,0.8505718111991882,218,325,316,542,98,217
357,12.310344827586206,player,team_4,0.8421475887298584,79,147,186,331,107,184
357,12.310344827586206,player,team_4,0.8218415975570679,542,291,652,503,110,212
357,12.310344827586206,player,team_3,0.7809891700744629,426,249,510,425,84,176
357,12.310344827586206,player,team_3,0.7467125654220581,737,238,805,448,68,210
357,12.310344827586206,player,team_3,0.6770557761192322,601,181,659,357,58,176
357,12.310344827586206,player,unknown,0.534134030342102,620,501,691,641,71,140
358,12.344827586206897,player,team_2,0.8725822567939758,206,325,308,543,102,218
358,12.344827586206897,player,team_4,0.8142358064651489,70,142,182,330,112,188
358,12.344827586206897,player,team_2,0.7779777646064758,540,292,651,504,111,212
358,12.344827586206897,player,team_3,0.7161883115768433,412,251,509,439,97,188
358,12.344827586206897,player,team_2,0.702386200428009,735,239,797,447,62,208
358,12.344827586206897,player,unknown,0.630371630191803,617,503,685,639,68,136
359,12.379310344827585,player,team_3,0.8683469295501709,202,324,306,545,104,221
359,12.379310344827585,player,team_3,0.7670878171920776,407,252,504,443,97,191
359,12.379310344827585,player,unknown,0.7633878588676453,68,143,170,331,102,188
359,12.379310344827585,player,team_2,0.72028648853302,598,174,675,358,77,184
359,12.379310344827585,player,team_4,0.6827379465103149,733,239,785,449,52,210
359,12.379310344827585,player,team_4,0.6319774985313416,533,296,650,506,117,210
359,12.379310344827585,player,team_1,0.6051729917526245,610,504,678,643,68,139
360,12.413793103448276,player,team_3,0.8264808058738708,198,323,305,544,107,221
360,12.413793103448276,player,team_3,0.8065841794013977,397,253,503,444,106,191
360,12.413793103448276,player,team_3,0.7946481108665466,596,181,679,358,83,177
360,12.413793103448276,player,team_2,0.7586131691932678,531,296,648,505,117,209
360,12.413793103448276,player,team_2,0.6133548617362976,66,144,155,332,89,188
360,12.413793103448276,player,team_1,0.58465576171875,606,506,672,646,66,140
360,12.413793103448276,player,team_3,0.5330191850662231,770,233,912,417,142,184
361,12.448275862068966,player,team_3,0.8628442287445068,385,253,493,444,108,191
361,12.448275862068966,player,team_3,0.8365625739097595,597,180,682,357,85,177
361,12.448275862068966,player,team_3,0.7948580384254456,185,325,294,545,109,220
361,12.448275862068966,player,team_1,0.7117887735366821,602,509,666,640,64,131
361,12.448275862068966,player,team_2,0.7101297378540039,56,147,140,332,84,185
361,12.448275862068966,player,team_4,0.5096449851989746,529,297,605,508,76,211
362,12.482758620689655,player,team_2,0.8232840895652771,594,185,681,355,87,170
362,12.482758620689655,player,team_3,0.8124268651008606,378,253,478,445,100,192
362,12.482758620689655,player,team_2,0.7738289833068848,45,143,122,333,77,190
362,12.482758620689655,player,team_4,0.6927146315574646,528,298,591,508,63,210
362,12.482758620689655,player,team_1,0.6926065683364868,596,510,656,644,60,134
362,12.482758620689655,player,team_4,0.5885249972343445,203,324,288,545,85,221
362,12.482758620689655,player,team_4,0.58552086353302,1145,316,1252,501,107,185
363,12.517241379310345,player,team_1,0.7885869741439819,367,253,455,448,88,195
363,12.517241379310345,player,team_3,0.7876836657524109,594,187,681,357,87,170
363,12.517241379310345,player,team_4,0.7818158864974976,519,298,585,508,66,210
363,12.517241379310345,player,team_1,0.720779538154602,588,512,650,643,62,131
363,12.517241379310345,player,team_1,0.6746910810470581,36,142,103,337,67,195
363,12.517241379310345,player,team_4,0.640610933303833,196,328,264,546,68,218
363,12.517241379310345,player,team_1,0.6061325073242188,549,113,617,284,68,171
363,12.517241379310345,player,team_3,0.5927259922027588,711,239,776,457,65,218
363,12.517241379310345,player,team_2,0.5525614619255066,965,615,1035,720,70,105
363,12.517241379310345,player,unknown,0.5031659603118896,1179,613,1261,720,82,107
364,12.551724137931034,player,team_4,0.8185802102088928,511,299,581,509,70,210
364,12.551724137931034,player,team_3,0.7841212749481201,359,254,446,445,87,191
364,12.551724137931034,player,team_4,0.7609819173812866,197,329,263,548,66,219
364,12.551724137931034,player,team_3,0.7602646350860596,601,188,679,357,78,169
364,12.551724137931034,player,team_1,0.713471531867981,540,114,615,287,75,173
364,12.551724137931034,player,team_1,0.7122650742530823,23,140,95,337,72,197
364,12.551724137931034,player,team_1,0.7040722370147705,583,515,642,637,59,122
365,12.586206896551724,player,team_1,0.8207449913024902,352,254,436,449,84,195
365,12.586206896551724,player,team_4,0.8176690936088562,508,299,581,508,73,209
365,12.586206896551724,player,unknown,0.7334809303283691,18,137,88,336,70,199
365,12.586206896551724,player,team_3,0.7305634021759033,606,189,676,359,70,170
365,12.586206896551724,player,unknown,0.7170102596282959,577,516,638,658,61,142
365,12.586206896551724,player,team_4,0.6883851885795593,191,332,260,548,69,216
365,12.586206896551724,player,team_1,0.6635711789131165,534,121,613,287,79,166
365,12.586206896551724,player,team_4,0.5768268704414368,1166,323,1264,529,98,206
365,12.586206896551724,player,team_2,0.5280751585960388,692,240,811,466,119,226
366,12.620689655172415,player,team_4,0.8230774402618408,503,300,580,507,77,207
366,12.620689655172415,player,team_3,0.8154221177101135,345,252,423,452,78,200
366,12.620689655172415,player,team_1,0.796423077583313,528,125,610,289,82,164
366,12.620689655172415,player,team_1,0.7552410960197449,570,515,631,662,61,147
366,12.620689655172415,player,team_4,0.7490375638008118,612,190,676,364,64,174
366,12.620689655172415,player,team_3,0.7450178861618042,135,329,284,549,149,220
366,12.620689655172415,player,team_4,0.5901470184326172,1175,321,1263,532,88,211
366,12.620689655172415,player,team_3,0.5419434905052185,686,240,764,466,78,226
366,12.620689655172415,player,team_2,0.5269061326980591,5,135,72,341,67,206
367,12.655172413793103,player,team_1,0.8283870220184326,340,256,415,454,75,198
367,12.655172413793103,player,team_2,0.818796694278717,495,302,579,506,84,204
367,12.655172413793103,player,team_1,0.7808179259300232,522,127,609,290,87,163
367,12.655172413793103,player,team_1,0.7363181710243225,0,153,54,349,54,196
367,12.655172413793103,player,team_4,0.7353699803352356,617,189,676,365,59,176
367,12.655172413793103,player,unknown,0.7099242210388184,564,517,625,662,61,145
367,12.655172413793103,player,team_3,0.5607098340988159,183,329,278,548,95,219
367,12.655172413793103,player,team_3,0.5494474172592163,740,258,810,411,70,153
368,12.689655172413794,player,team_1,0.8282963037490845,332,257,406,455,74,198
368,12.689655172413794,player,team_2,0.786325216293335,488,304,577,508,89,204
368,12.689655172413794,player,team_2,0.728509783744812,0,169,36,355,36,186
368,12.689655172413794,player,team_3,0.7226490378379822,625,187,676,363,51,176
368,12.689655172413794,player,team_2,0.7024372220039368,556,517,620,662,64,145
368,12.689655172413794,player,team_1,0.6529358625411987,514,127,607,293,93,166
368,12.689655172413794,player,team_3,0.6463844180107117,680,251,808,470,128,219
368,12.689655172413794,player,team_2,0.5067918300628662,172,332,256,546,84,214
369,12.724137931034482,player,team_2,0.8370029926300049,481,308,572,511,91,203
369,12.724137931034482,player,team_1,0.7991344928741455,327,253,398,460,71,207
369,12.724137931034482,player,team_3,0.6803474426269531,114,331,278,548,164,217
369,12.724137931034482,player,team_3,0.665692150592804,631,187,677,361,46,174
369,12.724137931034482,player,unknown,0.6195082664489746,505,127,604,295,99,168
369,12.724137931034482,player,team_1,0.5705145001411438,541,518,613,662,72,144
370,12.758620689655173,player,team_1,0.8561180830001831,319,260,390,461,71,201
370,12.758620689655173,player,team_2,0.8426408767700195,475,312,571,511,96,199
370,12.758620689655173,player,team_3,0.7286092638969421,166,331,272,546,106,215
370,12.758620689655173,player,team_1,0.6886641383171082,538,517,606,639,68,122
370,12.758620689655173,player,team_1,0.6229860186576843,499,133,560,297,61,164
371,12.793103448275861,player,team_1,0.8533381223678589,309,267,385,462,76,195
371,12.793103448275861,player,team_2,0.8262326717376709,467,317,568,512,101,195
371,12.793103448275861,player,team_3,0.808502733707428,158,332,260,543,102,211
371,12.793103448275861,player,team_1,0.6565806865692139,530,517,601,667,71,150
371,12.793103448275861,player,team_1,0.6324925422668457,496,134,556,298,60,164
371,12.793103448275861,player,team_3,0.5161277055740356,668,261,788,474,120,213
372,12.827586206896552,player,unknown,0.8475127816200256,298,270,384,462,86,192
372,12.827586206896552,player,team_2,0.8413876295089722,457,322,568,514,111,192
372,12.827586206896552,player,team_3,0.8159494400024414,154,334,246,539,92,205
372,12.827586206896552,player,team_1,0.6984678506851196,525,522,593,640,68,118
372,12.827586206896552,player,team_3,0.6608650088310242,659,258,779,475,120,217
372,12.827586206896552,player,team_1,0.6145094037055969,491,142,549,298,58,156
373,12.862068965517242,player,team_2,0.8708497285842896,442,325,567,517,125,192
373,12.862068965517242,player,unknown,0.8224363327026367,288,275,382,460,94,185
373,12.862068965517242,player,team_3,0.745593249797821,87,333,234,537,147,204
373,12.862068965517242,player,team_1,0.63893723487854,519,523,586,640,67,117
373,12.862068965517242,player,team_1,0.5831483602523804,485,135,545,297,60,162
373,12.862068965517242,player,team_3,0.5624760985374451,147,333,232,539,85,206
373,12.862068965517242,player,team_4,0.5572723150253296,661,264,733,475,72,211
374,12.89655172413793,player,team_2,0.8747720122337341,442,329,563,519,121,190
374,12.89655172413793,player,unknown,0.8376029133796692,278,277,380,461,102,184
374,12.89655172413793,player,team_1,0.6905943155288696,508,525,582,637,74,112
374,12.89655172413793,player,team_3,0.6481576561927795,142,332,222,540,80,208
374,12.89655172413793,player,team_4,0.6451779007911682,664,261,737,473,73,212
374,12.89655172413793,player,team_1,0.5694707632064819,478,129,548,298,70,169
375,12.931034482758621,player,team_2,0.8557687401771545,434,332,560,523,126,191
375,12.931034482758621,player,unknown,0.8387069702148438,255,280,376,463,121,183
375,12.931034482758621,player,team_4,0.7905474305152893,133,330,204,539,71,209
375,12.931034482758621,player,team_3,0.6675395965576172,652,262,738,475,86,213
375,12.931034482758621,player,team_1,0.6448224186897278,503,527,575,635,72,108
375,12.931034482758621,player,team_4,0.5446974039077759,1189,332,1274,548,85,216
375,12.931034482758621,player,team_4,0.5056028366088867,467,142,538,299,71,157
376,12.96551724137931,player,unknown,0.8705805540084839,250,282,373,468,123,186
376,12.96551724137931,player,team_4,0.857572078704834,425,334,554,523,129,189
376,12.96551724137931,player,team_4,0.8127551078796387,121,332,200,540,79,208
376,12.96551724137931,player,team_4,0.6608725190162659,640,264,730,475,90,211
376,12.96551724137931,player,team_3,0.5933945178985596,501,528,573,636,72,108
376,12.96551724137931,player,team_1,0.5788416266441345,459,141,534,303,75,162
376,12.96551724137931,player,team_4,0.5205248594284058,1188,341,1276,552,88,211
377,13.0,player,unknown,0.8599241375923157,242,283,366,467,124,184
377,13.0,player,team_3,0.8590043783187866,80,332,197,546,117,214
377,13.0,player,team_3,0.7296293377876282,638,265,733,473,95,208
377,13.0,player,team_4,0.7205217480659485,447,141,525,313,78,172
377,13.0,player,team_3,0.5602586269378662,492,527,565,635,73,108
378,13.03448275862069,player,team_2,0.9005494117736816,76,333,197,545,121,212
378,13.03448275862069,player,unknown,0.8113012909889221,235,286,357,471,122,185
378,13.03448275862069,player,team_2,0.6947041153907776,637,264,729,474,92,210
378,13.03448275862069,player,team_4,0.578920304775238,403,337,542,524,139,187
378,13.03448275862069,player,team_4,0.5638986825942993,439,143,522,316,83,173
378,13.03448275862069,player,team_3,0.5331026315689087,565,242,641,389,76,147
379,13.068965517241379,player,team_2,0.897108256816864,73,334,192,550,119,216
379,13.068965517241379,player,unknown,0.8184478282928467,223,288,346,473,123,185
379,13.068965517241379,player,team_4,0.8138023018836975,397,341,529,524,132,183
379,13.068965517241379,player,team_1,0.6520922183990479,428,146,513,321,85,175
379,13.068965517241379,player,team_4,0.5913599133491516,637,273,715,476,78,203
379,13.068965517241379,player,team_3,0.5729672908782959,552,244,623,366,71,122
380,13.10344827586207,player,team_3,0.8999068737030029,66,336,190,552,124,216
380,13.10344827586207,player,team_4,0.7268170118331909,620,270,708,477,88,207
380,13.10344827586207,player,unknown,0.7257686257362366,211,289,307,471,96,182
380,13.10344827586207,player,team_3,0.7001011967658997,540,248,624,387,84,139
380,13.10344827586207,player,team_2,0.6823184490203857,386,339,491,525,105,186
380,13.10344827586207,player,team_4,0.6138659119606018,424,140,494,325,70,185
380,13.10344827586207,player,team_4,0.6060972213745117,652,184,709,380,57,196
380,13.10344827586207,player,team_4,0.5488573908805847,1226,615,1279,720,53,105
380,13.10344827586207,player,team_1,0.5309506058692932,1151,617,1231,720,80,103
381,13.137931034482758,player,team_3,0.903337299823761,58,336,187,556,129,220
381,13.137931034482758,player,team_3,0.8067987561225891,380,341,472,526,92,185
381,13.137931034482758,player,team_1,0.7986007928848267,201,287,290,470,89,183
381,13.137931034482758,player,team_2,0.7837330102920532,610,266,704,477,94,211
381,13.137931034482758,player,team_4,0.6838679313659668,414,140,479,327,65,187
381,13.137931034482758,player,team_3,0.6635287404060364,524,244,624,394,100,150
381,13.137931034482758,player,team_4,0.5943124890327454,654,185,708,384,54,199
381,13.137931034482758,player,unknown,0.5755046010017395,1148,617,1230,720,82,103
381,13.137931034482758,player,unknown,0.569455087184906,459,522,517,636,58,114
381,13.137931034482758,player,team_4,0.5690709948539734,1222,615,1279,720,57,105
382,13.172413793103448,player,team_3,0.898647665977478,55,337,185,557,130,220
382,13.172413793103448,player,team_2,0.8370673656463623,370,342,480,526,110,184
382,13.172413793103448,player,team_2,0.798624575138092,607,266,702,480,95,214
382,13.172413793103448,player,unknown,0.7837440967559814,186,286,286,474,100,188
382,13.172413793103448,player,team_1,0.6964521408081055,407,153,471,327,64,174
382,13.172413793103448,player,team_1,0.5533714294433594,1147,617,1230,720,83,103
382,13.172413793103448,player,team_4,0.5423982739448547,654,185,708,378,54,193
382,13.172413793103448,player,unknown,0.5289554595947266,453,521,510,637,57,116
382,13.172413793103448,player,team_4,0.5214962959289551,1220,615,1279,720,59,105
383,13.206896551724139,player,team_3,0.8727996945381165,51,339,182,557,131,218
383,13.206896551724139,player,team_2,0.7948718070983887,600,267,696,481,96,214
383,13.206896551724139,player,team_3,0.7632622122764587,354,343,452,518,98,175
383,13.206896551724139,player,unknown,0.7262967228889465,171,282,266,473,95,191
383,13.206896551724139,player,team_3,0.701209545135498,654,184,712,380,58,196
383,13.206896551724139,player,team_1,0.6322000622749329,400,154,458,328,58,174
383,13.206896551724139,player,team_3,0.5474551320075989,494,243,608,402,114,159
383,13.206896551724139,player,team_2,0.5009710788726807,417,483,504,637,87,154
384,13.241379310344827,player,team_3,0.9010767340660095,47,338,174,557,127,219
384,13.241379310344827,player,unknown,0.7933651208877563,158,279,255,477,97,198
384,13.241379310344827,player,team_3,0.7891301512718201,591,270,692,488,101,218
384,13.241379310344827,player,team_3,0.7497986555099487,655,184,715,378,60,194
384,13.241379310344827,player,team_1,0.578924298286438,390,152,454,330,64,178
384,13.241379310344827,player,team_4,0.5326640009880066,1217,613,1279,720,62,107
384,13.241379310344827,player,team_3,0.5057279467582703,470,243,601,406,131,163
385,13.275862068965518,player,team_3,0.908033013343811,41,337,164,557,123,220
385,13.275862068965518,player,team_3,0.8192892670631409,334,341,451,529,117,188
385,13.275862068965518,player,unknown,0.8040149807929993,149,278,247,482,98,204
385,13.275862068965518,player,team_3,0.8017308712005615,580,272,686,492,106,220
385,13.275862068965518,player,team_3,0.7001934051513672,655,183,716,360,61,177
385,13.275862068965518,player,team_2,0.6251769661903381,428,522,484,636,56,114
385,13.275862068965518,player,team_2,0.5637273788452148,1216,613,1279,719,63,106
386,13.310344827586206,player,team_3,0.8716480135917664,32,334,156,557,124,223
386,13.310344827586206,player,team_3,0.8435697555541992,324,340,431,536,107,196
386,13.310344827586206,player,team_3,0.8404762744903564,586,275,683,482,97,207
386,13.310344827586206,player,unknown,0.8260347247123718,137,276,237,487,100,211
386,13.310344827586206,player,team_3,0.7020536065101624,653,183,715,354,62,171
386,13.310344827586206,player,team_2,0.5295276641845703,420,528,477,636,57,108
386,13.310344827586206,player,team_2,0.5263421535491943,1215,613,1279,719,64,106
386,13.310344827586206,player,team_4,0.5008451342582703,1154,350,1213,556,59,206
387,13.344827586206897,player,team_4,0.8735666275024414,27,332,139,554,112,222
387,13.344827586206897,player,team_3,0.8296803832054138,318,339,429,541,111,202
387,13.344827586206897,player,team_3,0.8031666874885559,581,277,678,482,97,205
387,13.344827586206897,player,team_3,0.7802160382270813,126,278,226,491,100,213
387,13.344827586206897,player,team_3,0.7308147549629211,651,184,717,355,66,171
387,13.344827586206897,player,team_2,0.6125916838645935,400,531,468,637,68,106
387,13.344827586206897,player,team_3,0.5010241270065308,422,240,494,408,72,168
388,13.379310344827585,player,team_3,0.8263667225837708,13,331,113,554,100,223
388,13.379310344827585,player,team_3,0.8214713931083679,574,279,671,484,97,205
388,13.379310344827585,player,unknown,0.7781085968017578,116,279,218,490,102,211
388,13.379310344827585,player,team_2,0.7756855487823486,311,340,423,547,112,207
388,13.379310344827585,player,team_3,0.7495962977409363,648,183,719,362,71,179
388,13.379310344827585,player,team_4,0.6706793904304504,1138,350,1215,574,77,224
388,13.379310344827585,player,team_1,0.5855786204338074,414,252,481,408,67,156
388,13.379310344827585,player,team_2,0.5749834775924683,394,531,458,641,64,110
389,13.413793103448276,player,team_2,0.8599379658699036,304,342,415,548,111,206
389,13.413793103448276,player,team_3,0.8276088237762451,6,329,100,552,94,223
389,13.413793103448276,player,unknown,0.8253584504127502,105,280,206,492,101,212
389,13.413793103448276,player,team_3,0.8164693713188171,568,281,668,482,100,201
389,13.413793103448276,player,team_3,0.7362033128738403,384,534,450,637,66,103
389,13.413793103448276,player,team_3,0.7258471250534058,646,184,723,359,77,175
390,13.448275862068966,player,team_3,0.857481062412262,1,327,94,552,93,225
390,13.448275862068966,player,team_3,0.844884991645813,296,344,406,552,110,208
390,13.448275862068966,player,team_3,0.8227705359458923,563,283,660,495,97,212
390,13.448275862068966,player,team_3,0.7208459377288818,646,185,726,362,80,177
390,13.448275862068966,player,team_1,0.669922411441803,97,286,176,493,79,207
390,13.448275862068966,player,team_3,0.6097835898399353,373,535,439,637,66,102
391,13.482758620689655,player,team_3,0.8375187516212463,556,284,655,496,99,212
391,13.482758620689655,player,team_1,0.8288399577140808,82,287,172,495,90,208
391,13.482758620689655,player,team_4,0.7815602421760559,2,328,72,553,70,225
391,13.482758620689655,player,team_3,0.7658236622810364,646,185,729,361,83,176
391,13.482758620689655,player,team_3,0.7619873881340027,285,347,397,552,112,205
391,13.482758620689655,player,unknown,0.570731520652771,365,535,427,637,62,102
392,13.517241379310345,player,team_3,0.8438939452171326,551,285,650,498,99,213
392,13.517241379310345,player,team_4,0.7803976535797119,0,331,60,550,60,219
392,13.517241379310345,player,team_3,0.7726151347160339,648,186,727,362,79,176
392,13.517241379310345,player,team_1,0.7503109574317932,60,287,153,494,93,207
392,13.517241379310345,player,team_3,0.5578573346138,277,351,384,553,107,202
392,13.517241379310345,player,team_2,0.5375682711601257,362,536,420,637,58,101
393,13.551724137931034,player,team_3,0.8067917227745056,651,186,727,364,76,178
393,13.551724137931034,player,team_3,0.7964557409286499,548,286,644,499,96,213
393,13.551724137931034,player,team_4,0.7191374897956848,0,332,56,550,56,218
393,13.551724137931034,player,team_3,0.7063149809837341,290,169,461,410,171,241
393,13.551724137931034,player,team_3,0.6912584900856018,265,355,338,552,73,197
393,13.551724137931034,player,team_1,0.645614743232727,69,290,141,495,72,205
393,13.551724137931034,player,team_2,0.5926383137702942,354,535,411,638,57,103
394,13.586206896551724,player,team_3,0.8117735385894775,542,287,635,499,93,212
394,13.586206896551724,player,team_3,0.8021896481513977,653,188,726,364,73,176
394,13.586206896551724,player,team_3,0.7778358459472656,254,358,340,551,86,193
394,13.586206896551724,player,team_1,0.7711792588233948,57,290,130,494,73,204
394,13.586206896551724,player,team_4,0.7510422468185425,1086,347,1176,579,90,232
394,13.586206896551724,player,team_3,0.7130666971206665,0,335,53,551,53,216
395,13.620689655172415,player,team_3,0.82487952709198,657,187,725,366,68,179
395,13.620689655172415,player,team_2,0.8152027726173401,540,286,622,500,82,214
395,13.620689655172415,player,team_2,0.8114535212516785,244,358,328,552,84,194
395,13.620689655172415,player,team_4,0.7385804057121277,1076,352,1171,583,95,231
395,13.620689655172415,player,team_3,0.7275558114051819,287,222,439,406,152,184
395,13.620689655172415,player,team_1,0.6891707181930542,47,287,126,494,79,207
395,13.620689655172415,player,team_3,0.6315333843231201,0,337,52,554,52,217
396,13.655172413793103,player,team_2,0.8559268712997437,537,285,615,500,78,215
396,13.655172413793103,player,team_2,0.8358373045921326,233,357,322,552,89,195
396,13.655172413793103,player,team_3,0.8088100552558899,662,187,724,366,62,179
396,13.655172413793103,player,team_1,0.7155193090438843,37,287,124,491,87,204
396,13.655172413793103,player,team_4,0.6613276600837708,0,340,51,552,51,212
396,13.655172413793103,player,team_4,0.5905724763870239,1072,352,1164,582,92,230
396,13.655172413793103,player,team_2,0.5006386041641235,336,536,383,635,47,99
397,13.689655172413794,player,team_2,0.8874323964118958,534,285,609,500,75,215
397,13.689655172413794,player,team_3,0.8054432272911072,666,186,725,365,59,179
397,13.689655172413794,player,team_2,0.7789517045021057,219,355,317,552,98,197
397,13.689655172413794,player,unknown,0.7787168622016907,16,287,120,549,104,262
397,13.689655172413794,player,team_3,0.6090648174285889,246,177,410,409,164,232
397,13.689655172413794,player,unknown,0.5056016445159912,1115,614,1201,720,86,106
398,13.724137931034482,player,team_4,0.871086835861206,529,286,602,502,73,216
398,13.724137931034482,player,unknown,0.8637721538543701,1,287,116,549,115,262
398,13.724137931034482,player,team_2,0.8468897342681885,205,355,317,557,112,202
398,13.724137931034482,player,team_3,0.8189473748207092,669,186,726,365,57,179
399,13.758620689655173,player,team_2,0.865486741065979,195,350,311,565,116,215
399,13.758620689655173,player,team_4,0.8410877585411072,527,286,597,503,70,217
399,13.758620689655173,player,team_3,0.8138993978500366,671,185,727,364,56,179
399,13.758620689655173,player,unknown,0.8069928288459778,0,280,113,530,113,250
399,13.758620689655173,player,team_4,0.517429530620575,1070,353,1138,581,68,228
399,13.758620689655173,player,unknown,0.5101466178894043,1114,614,1196,720,82,106
400,13.793103448275861,player,team_3,0.8697030544281006,178,352,310,565,132,213
400,13.793103448275861,player,team_4,0.8233770132064819,525,287,588,504,63,217
400,13.793103448275861,player,team_3,0.8165027499198914,671,185,728,364,57,179
400,13.793103448275861,player,unknown,0.7166556715965271,0,283,104,553,104,270
400,13.793103448275861,player,team_1,0.6829298734664917,218,177,339,417,121,240
400,13.793103448275861,player,team_2,0.5169932842254639,1112,614,1193,720,81,106
401,13.827586206896552,player,team_3,0.860668420791626,168,354,295,568,127,214
401,13.827586206896552,player,team_3,0.8289923667907715,518,288,585,507,67,219
401,13.827586206896552,player,team_3,0.8276547789573669,672,185,735,363,63,178
401,13.827586206896552,player,unknown,0.6619453430175781,0,286,77,550,77,264
402,13.862068965517242,player,team_3,0.864837646484375,672,185,742,363,70,178
402,13.862068965517242,player,team_2,0.8523505926132202,157,355,293,572,136,217
402,13.862068965517242,player,team_3,0.8310283422470093,510,290,581,506,71,216
402,13.862068965517242,player,team_4,0.6706881523132324,1039,360,1126,578,87,218
402,13.862068965517242,player,team_3,0.6625432968139648,260,545,356,719,96,174
402,13.862068965517242,player,unknown,0.6583428382873535,0,282,77,479,77,197
403,13.89655172413793,player,team_4,0.8662272691726685,672,186,747,363,75,177
403,13.89655172413793,player,team_3,0.8333410620689392,490,293,580,507,90,214
403,13.89655172413793,player,team_2,0.7757994532585144,153,358,281,574,128,216
403,13.89655172413793,player,team_4,0.7554674744606018,1045,358,1122,577,77,219
403,13.89655172413793,player,unknown,0.6766690611839294,0,283,60,486,60,203
403,13.89655172413793,player,team_3,0.6002234816551208,249,548,345,720,96,172
404,13.931034482758621,player,team_3,0.8615028858184814,672,187,746,363,74,176
404,13.931034482758621,player,team_3,0.8500570058822632,477,295,578,509,101,214
404,13.931034482758621,player,team_3,0.8331670165061951,141,360,266,573,125,213
404,13.931034482758621,player,team_4,0.7875255346298218,1041,358,1120,579,79,221
404,13.931034482758621,player,team_1,0.5829221606254578,148,195,268,416,120,221
405,13.96551724137931,player,team_3,0.8596816062927246,672,187,747,363,75,176
405,13.96551724137931,player,team_3,0.8596388101577759,463,298,576,511,113,213
405,13.96551724137931,player,team_4,0.7397878170013428,1035,358,1113,577,78,219
405,13.96551724137931,player,team_3,0.7058889865875244,234,545,324,719,90,174
405,13.96551724137931,player,team_1,0.6498231291770935,135,203,258,419,123,216
406,14.0,player,team_3,0.8711615800857544,672,186,744,362,72,176
406,14.0,player,team_3,0.8707118034362793,460,300,574,513,114,213
406,14.0,player,team_4,0.7685483694076538,1024,362,1108,577,84,215
406,14.0,player,team_3,0.6955135464668274,231,544,311,718,80,174
406,14.0,player,team_2,0.6401002407073975,120,371,225,571,105,200
406,14.0,player,team_1,0.596644937992096,124,217,249,413,125,196
407,14.03448275862069,player,team_2,0.913894534111023,491,31,1004,638,513,607
407,14.03448275862069,player,team_2,0.7708226442337036,0,28,339,711,339,683
408,14.068965517241379,player,team_2,0.9078569412231445,497,34,995,641,498,607
408,14.068965517241379,player,team_3,0.7641904354095459,8,28,359,707,351,679
409,14.10344827586207,player,team_2,0.901630699634552,491,58,985,643,494,585
409,14.10344827586207,player,team_3,0.5751963257789612,25,57,379,709,354,652
410,14.137931034482758,player,team_2,0.8333013653755188,494,74,1047,645,553,571
410,14.137931034482758,player,team_4,0.5667237639427185,2,23,467,702,465,679
411,14.172413793103448,player,team_3,0.8841327428817749,0,5,447,712,447,707
411,14.172413793103448,player,team_2,0.8531996011734009,502,109,967,635,465,526
411,14.172413793103448,player,team_2,0.8288952708244324,824,173,1127,710,303,537
412,14.206896551724139,player,team_3,0.9110289812088013,1,4,516,712,515,708
412,14.206896551724139,player,team_2,0.8605859279632568,824,168,1210,710,386,542
412,14.206896551724139,player,team_2,0.844249963760376,521,131,950,637,429,506
413,14.241379310344827,player,team_2,0.901915431022644,894,166,1279,712,385,546
413,14.241379310344827,player,team_2,0.8652177453041077,2,3,600,712,598,709
413,14.241379310344827,player,team_2,0.7868055701255798,542,141,930,640,388,499
414,14.275862068965518,player,team_2,0.8634448051452637,933,174,1279,715,346,541
414,14.275862068965518,player,team_4,0.7268662452697754,63,2,614,710,551,708
415,14.310344827586206,player,team_2,0.6766869425773621,350,126,895,646,545,520
415,14.310344827586206,player,team_2,0.5911599397659302,1032,188,1279,711,247,523
415,14.310344827586206,player,team_2,0.5496276021003723,119,4,612,704,493,700
416,14.344827586206897,player,team_4,0.7692275643348694,1041,216,1279,715,238,499
416,14.344827586206897,player,team_2,0.6345952749252319,182,17,881,706,699,689
417,14.379310344827585,player,team_2,0.6710537672042847,616,84,882,627,266,543
417,14.379310344827585,player,team_2,0.6589616537094116,246,8,864,709,618,701
417,14.379310344827585,player,team_2,0.5502985715866089,1141,428,1279,715,138,287
418,14.413793103448276,player,team_2,0.7478712201118469,486,9,942,640,456,631
418,14.413793103448276,player,team_4,0.5138228535652161,306,22,541,642,235,620
419,14.448275862068966,player,team_2,0.6223286390304565,358,5,881,645,523,640
420,14.482758620689655,player,team_4,0.6155466437339783,384,2,1010,691,626,689
421,14.517241379310345,player,team_4,0.5397968888282776,413,2,985,656,572,654
422,14.551724137931034,player,team_3,0.5315083265304565,623,3,962,643,339,640
422,14.551724137931034,player,team_4,0.5050936937332153,240,394,420,586,180,192
423,14.586206896551724,player,team_3,0.6558173298835754,638,3,988,654,350,651
424,14.620689655172415,player,team_2,0.6703996062278748,0,422,161,712,161,290
425,14.655172413793103,player,team_2,0.8218082785606384,49,415,263,718,214,303
425,14.655172413793103,player,team_3,0.7897723913192749,767,3,1080,710,313,707
425,14.655172413793103,player,team_2,0.535354495048523,558,37,867,642,309,605
425,14.655172413793103,player,team_4,0.504750669002533,13,319,245,542,232,223
426,14.689655172413794,player,team_4,0.8795064091682434,761,4,1112,714,351,710
426,14.689655172413794,player,team_2,0.810629665851593,141,411,360,716,219,305
426,14.689655172413794,player,team_2,0.6132305860519409,612,129,843,637,231,508
427,14.724137931034482,player,team_3,0.7876689434051514,804,4,1152,715,348,711
427,14.724137931034482,player,team_2,0.7287838459014893,633,86,868,636,235,550
427,14.724137931034482,player,team_2,0.7037388682365417,228,414,444,714,216,300
428,14.758620689655173,player,team_2,0.7211738228797913,867,1,1166,716,299,715
428,14.758620689655173,player,team_2,0.707309901714325,490,72,906,642,416,570
428,14.758620689655173,player,team_4,0.542681872844696,273,335,497,552,224,217
429,14.793103448275861,player,team_2,0.7444104552268982,812,2,1213,713,401,711
429,14.793103448275861,player,team_2,0.7101753950119019,558,63,855,634,297,571
430,14.827586206896552,player,team_2,0.7954565286636353,500,56,895,639,395,583
431,14.862068965517242,player,team_2,0.8549920916557312,506,58,920,635,414,577
431,14.862068965517242,player,team_2,0.8227586150169373,913,4,1268,714,355,710
432,14.89655172413793,player,team_2,0.8651268482208252,504,61,961,638,457,577
432,14.89655172413793,player,team_2,0.7857528924942017,971,6,1279,714,308,708
433,14.931034482758621,player,team_2,0.9245142936706543,493,67,1009,639,516,572
433,14.931034482758621,player,team_2,0.7076308727264404,1074,9,1279,712,205,703
434,14.96551724137931,player,team_2,0.8780508637428284,502,82,990,638,488,556
434,14.96551724137931,player,team_2,0.7279655337333679,1120,13,1279,711,159,698
434,14.96551724137931,player,team_4,0.5523605942726135,839,252,1026,461,187,209
435,15.0,player,team_2,0.8885051608085632,512,100,968,640,456,540
435,15.0,player,team_2,0.5703425407409668,1124,36,1279,712,155,676
436,15.03448275862069,player,team_2,0.8871182799339294,514,113,941,639,427,526
436,15.03448275862069,player,team_2,0.5971782207489014,126,400,291,580,165,180
436,15.03448275862069,player,team_4,0.5116389393806458,1184,65,1279,709,95,644
437,15.068965517241379,player,team_2,0.8589556217193604,511,126,892,637,381,511
437,15.068965517241379,player,team_2,0.5628640055656433,226,392,390,572,164,180
438,15.10344827586207,player,team_2,0.8735527396202087,503,114,851,633,348,519
439,15.137931034482758,player,team_2,0.8374508023262024,378,89,807,639,429,550
440,15.172413793103448,player,team_2,0.8036646246910095,301,63,809,642,508,579
441,15.206896551724139,player,team_2,0.850740373134613,381,41,836,641,455,600
442,15.241379310344827,player,team_2,0.7830595374107361,387,24,830,678,443,654
443,15.275862068965518,player,team_2,0.8544910550117493,398,15,879,643,481,628
444,15.310344827586206,player,team_2,0.8462596535682678,417,12,916,638,499,626
445,15.344827586206897,player,team_2,0.7909432649612427,435,31,888,637,453,606
446,15.379310344827585,player,team_2,0.7371904850006104,454,52,876,637,422,585
447,15.413793103448276,player,team_2,0.7647526860237122,877,5,1278,695,401,690
447,15.413793103448276,player,team_2,0.6262616515159607,456,93,859,633,403,540
448,15.448275862068966,player,team_2,0.8053527474403381,822,5,1278,699,456,694
448,15.448275862068966,player,team_2,0.6868273615837097,506,131,798,637,292,506
449,15.482758620689655,player,team_2,0.7978243827819824,510,156,780,639,270,483
449,15.482758620689655,player,team_2,0.7041583061218262,764,4,1278,707,514,703
450,15.517241379310345,player,team_3,0.775282084941864,534,262,589,399,55,137
450,15.517241379310345,player,team_3,0.6971808075904846,599,340,662,480,63,140
450,15.517241379310345,player,team_3,0.6455409526824951,721,234,784,382,63,148
450,15.517241379310345,player,team_2,0.6051334142684937,1152,345,1206,474,54,129
450,15.517241379310345,player,team_1,0.5256603360176086,625,214,682,356,57,142
451,15.551724137931034,player,team_3,0.7733826041221619,534,262,589,399,55,137
451,15.551724137931034,player,team_3,0.6977125406265259,599,340,662,480,63,140
451,15.551724137931034,player,team_3,0.6432740092277527,721,234,784,382,63,148
451,15.551724137931034,player,team_2,0.6049026250839233,1152,345,1206,474,54,129
451,15.551724137931034,player,team_1,0.5245789289474487,625,214,682,356,57,142
452,15.586206896551724,player,team_3,0.7306552529335022,532,262,589,400,57,138
452,15.586206896551724,player,team_2,0.6359817981719971,1147,343,1198,475,51,132
452,15.586206896551724,player,team_3,0.6099957823753357,342,264,394,388,52,124
452,15.586206896551724,player,team_1,0.6091647744178772,619,219,675,354,56,135
452,15.586206896551724,player,team_3,0.5986473560333252,591,339,650,460,59,121
452,15.586206896551724,player,team_2,0.5635719299316406,721,232,773,379,52,147
453,15.620689655172415,player,team_2,0.737459123134613,529,263,585,399,56,136
453,15.620689655172415,player,team_2,0.7023965716362,707,236,764,391,57,155
453,15.620689655172415,player,team_2,0.6773581504821777,1143,343,1193,475,50,132
453,15.620689655172415,player,team_1,0.5500044822692871,356,350,419,497,63,147
453,15.620689655172415,player,team_2,0.547964334487915,587,340,647,467,60,127
453,15.620689655172415,player,team_1,0.5182217359542847,154,175,219,294,65,119
453,15.620689655172415,player,team_3,0.5125166177749634,344,263,396,386,52,123
454,15.655172413793103,player,team_2,0.7162190079689026,702,237,757,390,55,153
454,15.655172413793103,player,team_3,0.7152343392372131,525,264,582,400,57,136
454,15.655172413793103,player,team_2,0.6497484445571899,1135,345,1186,473,51,128
454,15.655172413793103,player,team_1,0.6024605631828308,607,222,657,362,50,140
454,15.655172413793103,player,team_1,0.5960790514945984,353,348,418,496,65,148
454,15.655172413793103,player,unknown,0.5406526923179626,151,171,214,295,63,124
454,15.655172413793103,player,team_3,0.5207036733627319,583,334,646,478,63,144
455,15.689655172413794,player,team_2,0.7348995208740234,1130,344,1180,474,50,130
455,15.689655172413794,player,team_2,0.7181228399276733,696,240,746,390,50,150
455,15.689655172413794,player,team_3,0.7045837640762329,521,265,578,400,57,135
455,15.689655172413794,player,team_2,0.6352185010910034,574,338,634,459,60,121
455,15.689655172413794,player,team_1,0.6226245164871216,601,221,649,362,48,141
455,15.689655172413794,player,team_1,0.5129481554031372,151,176,206,294,55,118
456,15.724137931034482,player,team_3,0.7425240874290466,516,264,573,398,57,134
456,15.724137931034482,player,team_3,0.7018202543258667,687,237,732,391,45,154
456,15.724137931034482,player,team_3,0.6636223196983337,1124,344,1174,473,50,129
456,15.724137931034482,player,team_1,0.6388807892799377,593,225,644,363,51,138
456,15.724137931034482,player,team_2,0.6340379118919373,570,332,626,466,56,134
457,15.758620689655173,player,team_2,0.7443988919258118,512,265,571,399,59,134
457,15.758620689655173,player,team_3,0.6921493411064148,681,239,726,392,45,153
457,15.758620689655173,player,team_2,0.6636779308319092,1119,343,1167,474,48,131
457,15.758620689655173,player,team_2,0.6460006833076477,574,344,624,470,50,126
457,15.758620689655173,player,team_3,0.6265803575515747,361,260,418,415,57,155
458,15.793103448275861,player,team_2,0.7912349700927734,672,241,717,391,45,150
458,15.793103448275861,player,team_2,0.717257022857666,1113,343,1164,474,51,131
458,15.793103448275861,player,team_1,0.6999606490135193,346,344,397,494,51,150
458,15.793103448275861,player,team_2,0.6881645321846008,511,266,568,400,57,134
458,15.793103448275861,player,unknown,0.6827519536018372,364,259,427,410,63,151
458,15.793103448275861,player,team_2,0.6302765011787415,567,340,618,472,51,132
459,15.827586206896552,player,team_2,0.7195433974266052,665,239,711,388,46,149
459,15.827586206896552,player,team_2,0.7075538635253906,507,268,567,403,60,135
459,15.827586206896552,player,unknown,0.6961498856544495,366,260,436,405,70,145
459,15.827586206896552,player,team_1,0.5898613929748535,340,344,396,493,56,149
459,15.827586206896552,player,team_2,0.576443612575531,1107,345,1156,470,49,125
460,15.862068965517242,player,team_2,0.7222299575805664,504,267,560,404,56,137
460,15.862068965517242,player,team_3,0.697243332862854,658,241,703,392,45,151
460,15.862068965517242,player,unknown,0.6897675395011902,370,262,442,408,72,146
460,15.862068965517242,player,team_1,0.6567137241363525,340,342,398,492,58,150
460,15.862068965517242,player,team_2,0.6315972208976746,1102,344,1150,473,48,129
460,15.862068965517242,player,team_4,0.5110630989074707,149,167,184,287,35,120
461,15.89655172413793,player,team_3,0.7435821890830994,651,239,697,391,46,152
461,15.89655172413793,player,team_1,0.6971819400787354,334,342,397,493,63,151
461,15.89655172413793,player,team_3,0.681601345539093,1096,343,1146,473,50,130
461,15.89655172413793,player,unknown,0.678585410118103,371,267,441,409,70,142
461,15.89655172413793,player,team_2,0.6510174870491028,502,267,557,401,55,134
462,15.931034482758621,player,team_3,0.7692556381225586,640,239,689,391,49,152
462,15.931034482758621,player,team_1,0.6650159955024719,334,343,393,493,59,150
462,15.931034482758621,player,team_3,0.6511875987052917,1089,346,1139,470,50,124
462,15.931034482758621,player,team_1,0.6439082026481628,371,268,431,417,60,149
462,15.931034482758621,player,team_2,0.5529990196228027,498,268,554,400,56,132
462,15.931034482758621,player,team_2,0.5454462170600891,538,324,589,464,51,140
463,15.96551724137931,player,team_3,0.7316592931747437,632,239,683,392,51,153
463,15.96551724137931,player,team_1,0.6846056580543518,370,268,427,415,57,147
463,15.96551724137931,player,team_1,0.6692665219306946,328,343,392,492,64,149
463,15.96551724137931,player,team_2,0.5989786386489868,1085,343,1135,473,50,130
463,15.96551724137931,player,team_2,0.5209058523178101,922,172,964,296,42,124
464,16.0,player,team_1,0.674896776676178,369,271,428,412,59,141
464,16.0,player,team_3,0.6698817014694214,626,242,678,389,52,147
464,16.0,player,team_2,0.6331626772880554,1080,343,1130,472,50,129
464,16.0,player,team_1,0.5681063532829285,327,344,384,494,57,150
465,16.03448275862069,player,team_1,0.7011379599571228,326,345,380,489,54,144
465,16.03448275862069,player,team_1,0.6658843159675598,371,265,432,416,61,151
465,16.03448275862069,player,team_2,0.6514922976493835,1074,345,1124,470,50,125
465,16.03448275862069,player,team_3,0.6137747764587402,612,239,670,392,58,153
465,16.03448275862069,player,team_4,0.5255451798439026,911,173,952,296,41,123
466,16.06896551724138,player,team_1,0.7226568460464478,376,263,437,418,61,155
466,16.06896551724138,player,team_1,0.6665716171264648,322,346,377,491,55,145
466,16.06896551724138,player,team_3,0.6487082839012146,602,239,663,390,61,151
466,16.06896551724138,player,team_3,0.6445472836494446,1069,345,1117,474,48,129
467,16.103448275862068,player,team_1,0.682232677936554,376,261,435,418,59,157
467,16.103448275862068,player,team_3,0.6777066588401794,604,239,658,387,54,148
467,16.103448275862068,player,team_2,0.6574632525444031,1064,343,1115,471,51,128
467,16.103448275862068,player,team_1,0.6203655004501343,316,345,372,491,56,146
467,16.103448275862068,player,team_4,0.5742412209510803,898,173,940,295,42,122
468,16.137931034482758,player,team_3,0.6994178295135498,598,239,651,388,53,149
468,16.137931034482758,player,team_1,0.6728555560112,377,261,436,418,59,157
468,16.137931034482758,player,team_2,0.5715539455413818,1059,345,1108,468,49,123
468,16.137931034482758,player,team_1,0.5018736720085144,314,345,367,492,53,147
469,16.17241379310345,player,team_1,0.7417041063308716,377,261,438,420,61,159
469,16.17241379310345,player,team_3,0.6551052331924438,590,235,646,389,56,154
469,16.17241379310345,player,team_1,0.6240030527114868,311,344,364,491,53,147
469,16.17241379310345,player,team_3,0.5745813250541687,1054,342,1103,471,49,129
470,16.20689655172414,player,team_1,0.7335637211799622,378,262,440,421,62,159
470,16.20689655172414,player,team_3,0.7065984606742859,585,230,640,389,55,159
470,16.20689655172414,player,team_1,0.6084380745887756,310,343,360,488,50,145
470,16.20689655172414,player,team_3,0.5942797064781189,1051,342,1100,471,49,129
471,16.24137931034483,player,team_3,0.7482729554176331,580,231,636,391,56,160
471,16.24137931034483,player,team_1,0.7436587810516357,380,265,444,422,64,157
471,16.24137931034483,player,team_1,0.6500071883201599,308,342,361,481,53,139
471,16.24137931034483,player,team_2,0.565212607383728,1046,343,1096,469,50,126
471,16.24137931034483,player,team_2,0.5119206309318542,879,167,923,295,44,128
472,16.275862068965516,player,team_3,0.7602291703224182,383,269,451,423,68,154
472,16.275862068965516,player,team_3,0.7217057347297668,576,235,630,389,54,154
472,16.275862068965516,player,team_1,0.6901817321777344,305,339,362,478,57,139
472,16.275862068965516,player,team_2,0.5537912249565125,1042,344,1091,468,49,124
473,16.310344827586206,player,team_3,0.7259359359741211,385,270,464,423,79,153
473,16.310344827586206,player,team_3,0.7065720558166504,572,235,628,385,56,150
473,16.310344827586206,player,team_1,0.6909825801849365,302,336,361,475,59,139
473,16.310344827586206,player,team_3,0.6073912978172302,1037,344,1085,472,48,128
474,16.344827586206897,player,team_3,0.7358958721160889,296,332,359,474,63,142
474,16.344827586206897,player,team_3,0.7221877574920654,387,272,474,421,87,149
474,16.344827586206897,player,team_3,0.69674152135849,568,232,619,384,51,152
474,16.344827586206897,player,team_2,0.6045354604721069,1034,344,1084,472,50,128
474,16.344827586206897,player,team_2,0.5050463676452637,867,171,908,295,41,124
475,16.379310344827587,player,team_3,0.7252781391143799,298,328,357,474,59,146
475,16.379310344827587,player,team_3,0.6908526420593262,391,273,474,423,83,150
475,16.379310344827587,player,team_3,0.6518792510032654,563,233,617,386,54,153
475,16.379310344827587,player,team_2,0.5455529093742371,1029,345,1079,469,50,124
476,16.413793103448278,player,team_3,0.6477256417274475,558,230,613,387,55,157
476,16.413793103448278,player,team_3,0.642039954662323,394,273,464,423,70,150
476,16.413793103448278,player,team_3,0.6400318145751953,295,323,354,472,59,149
476,16.413793103448278,player,team_2,0.5784054398536682,1026,344,1076,466,50,122
477,16.448275862068964,player,team_3,0.7142740488052368,284,319,349,470,65,151
477,16.448275862068964,player,team_1,0.6232962608337402,399,273,459,423,60,150
477,16.448275862068964,player,team_2,0.5759183764457703,553,231,601,387,48,156
477,16.448275862068964,player,team_2,0.518542468547821,1024,343,1071,468,47,125
478,16.482758620689655,player,team_3,0.7304946184158325,282,316,347,467,65,151
478,16.482758620689655,player,team_3,0.5622486472129822,1020,343,1068,469,48,126
478,16.482758620689655,player,team_1,0.5251285433769226,401,274,460,425,59,151
479,16.517241379310345,player,team_3,0.7362157106399536,282,312,344,463,62,151
480,16.551724137931036,player,team_3,0.7654914855957031,281,310,343,460,62,150
480,16.551724137931036,player,team_2,0.5940230488777161,541,231,585,381,44,150
480,16.551724137931036,player,team_3,0.5611385107040405,398,275,467,422,69,147
481,16.586206896551722,player,team_3,0.7628226280212402,280,309,340,456,60,147
481,16.586206896551722,player,team_2,0.6116113662719727,537,231,582,383,45,152
481,16.586206896551722,player,team_3,0.5061489343643188,1007,343,1056,467,49,124
482,16.620689655172413,player,team_3,0.7732786536216736,279,308,338,455,59,147
482,16.620689655172413,player,team_2,0.5419093370437622,531,236,577,382,46,146
482,16.620689655172413,player,team_3,0.5312374830245972,1003,342,1052,469,49,127
483,16.655172413793103,player,team_3,0.7164151072502136,278,309,335,454,57,145
483,16.655172413793103,player,team_2,0.5880309343338013,1000,342,1049,468,49,126
484,16.689655172413794,player,team_1,0.7045785784721375,279,311,332,454,53,143
484,16.689655172413794,player,team_3,0.5148211121559143,992,341,1044,465,52,124
485,16.724137931034484,player,team_1,0.7189661264419556,279,312,332,454,53,142
486,16.75862068965517,player,team_1,0.7087017893791199,279,311,330,454,51,143
486,16.75862068965517,player,team_1,0.5443979501724243,829,119,867,297,38,178
486,16.75862068965517,player,team_2,0.5223995447158813,986,340,1038,465,52,125
487,16.79310344827586,player,team_1,0.7037229537963867,280,309,329,453,49,144
488,16.82758620689655,player,team_3,0.6969619989395142,281,308,332,449,51,141
488,16.82758620689655,player,team_3,0.5522722005844116,978,339,1034,470,56,131
489,16.862068965517242,player,team_3,0.7289686799049377,280,306,334,447,54,141
489,16.862068965517242,player,team_3,0.53099125623703,975,338,1032,469,57,131
490,16.896551724137932,player,team_1,0.7056291103363037,280,304,334,444,54,140
491,16.93103448275862,player,team_1,0.6664801239967346,279,302,326,443,47,141
491,16.93103448275862,player,team_3,0.5297046303749084,971,337,1026,463,55,126
492,16.96551724137931,player,team_1,0.6380624771118164,279,300,325,438,46,138
492,16.96551724137931,player,team_3,0.6368727087974548,970,336,1024,465,54,129
493,17.0,player,team_1,0.6636726260185242,281,298,324,432,43,134
493,17.0,player,team_2,0.6133205890655518,968,335,1022,466,54,131
494,17.03448275862069,player,team_1,0.6895147562026978,284,294,333,427,49,133
494,17.03448275862069,player,team_2,0.6277188658714294,965,334,1020,466,55,132
494,17.03448275862069,player,team_1,0.5315086841583252,1069,372,1121,510,52,138
495,17.06896551724138,player,team_1,0.6446595788002014,287,289,323,425,36,136
495,17.06896551724138,player,team_2,0.6071646213531494,965,333,1018,464,53,131
495,17.06896551724138,player,team_1,0.5981798768043518,1067,372,1120,510,53,138
495,17.06896551724138,player,unknown,0.520979106426239,123,144,193,278,70,134
496,17.103448275862068,player,team_1,0.6602739691734314,285,288,333,424,48,136
496,17.103448275862068,player,team_1,0.621552586555481,1066,372,1118,513,52,141
496,17.103448275862068,player,team_3,0.5590838193893433,962,333,1016,465,54,132
496,17.103448275862068,player,unknown,0.5280756950378418,123,147,198,278,75,131
497,17.137931034482758,player,team_1,0.7176665663719177,284,284,334,425,50,141
497,17.137931034482758,player,team_3,0.6612666845321655,958,333,1014,464,56,131
497,17.137931034482758,player,team_1,0.6499193906784058,1064,373,1117,514,53,141
498,17.17241379310345,player,team_3,0.7369327545166016,281,281,336,421,55,140
498,17.17241379310345,player,team_2,0.6811143159866333,957,333,1013,463,56,130
498,17.17241379310345,player,team_1,0.6375296711921692,1063,372,1115,511,52,139
499,17.20689655172414,player,team_1,0.715621829032898,279,277,334,418,55,141
499,17.20689655172414,player,team_1,0.6372896432876587,1062,371,1114,511,52,140
499,17.20689655172414,player,team_2,0.5846940875053406,955,332,1009,461,54,129
500,17.24137931034483,player,team_3,0.6527729630470276,278,274,333,411,55,137
500,17.24137931034483,player,team_1,0.5907884240150452,1061,372,1111,514,50,142
500,17.24137931034483,player,team_2,0.5394835472106934,953,330,1007,460,54,130
501,17.275862068965516,player,team_3,0.6070069670677185,278,273,337,407,59,134
501,17.275862068965516,player,team_2,0.589411199092865,951,328,1003,460,52,132
501,17.275862068965516,player,team_1,0.5745645761489868,1059,372,1110,515,51,143
501,17.275862068965516,player,team_3,0.5454165935516357,384,295,467,425,83,130
502,17.310344827586206,player,team_3,0.6838651895523071,275,272,337,403,62,131
502,17.310344827586206,player,team_2,0.6407082080841064,949,326,1000,460,51,134
502,17.310344827586206,player,team_1,0.5765951871871948,1057,371,1107,514,50,143
503,17.344827586206897,player,team_2,0.6638628244400024,353,295,472,426,119,131
503,17.344827586206897,player,team_2,0.644679844379425,948,324,996,460,48,136
503,17.344827586206897,player,team_3,0.6116265654563904,276,272,343,400,67,128
503,17.344827586206897,player,team_1,0.536634624004364,1056,371,1106,513,50,142
504,17.379310344827587,player,team_2,0.6975126266479492,945,322,991,457,46,135
504,17.379310344827587,player,team_3,0.6225844025611877,278,272,338,401,60,129
504,17.379310344827587,player,team_3,0.6157135367393494,347,295,456,424,109,129
504,17.379310344827587,player,team_1,0.552955687046051,1055,371,1104,514,49,143
505,17.413793103448278,player,team_3,0.7141445875167847,344,296,429,424,85,128
505,17.413793103448278,player,team_2,0.6891745924949646,943,322,988,456,45,134
505,17.413793103448278,player,team_3,0.6519105434417725,281,270,336,401,55,131
505,17.413793103448278,player,team_1,0.5842308402061462,1053,371,1103,514,50,143
506,17.448275862068964,player,team_2,0.6777858138084412,942,323,987,454,45,131
506,17.448275862068964,player,team_2,0.6539097428321838,344,296,429,423,85,127
506,17.448275862068964,player,team_3,0.6439869999885559,282,267,339,399,57,132
506,17.448275862068964,player,team_1,0.5942415595054626,1050,372,1101,515,51,143
507,17.482758620689655,player,team_3,0.6703111529350281,343,296,429,423,86,127
507,17.482758620689655,player,team_3,0.6303250193595886,284,263,340,396,56,133
507,17.482758620689655,player,team_2,0.6221179366111755,940,324,985,454,45,130
507,17.482758620689655,player,team_1,0.6114850044250488,1049,371,1101,515,52,144
508,17.517241379310345,player,team_3,0.7322025895118713,341,295,421,423,80,128
508,17.517241379310345,player,team_3,0.6456512212753296,286,260,342,392,56,132
508,17.517241379310345,player,team_2,0.6235095858573914,939,324,985,454,46,130
508,17.517241379310345,player,team_1,0.5827510356903076,1048,372,1101,516,53,144
509,17.551724137931036,player,team_3,0.7160829305648804,339,291,409,421,70,130
509,17.551724137931036,player,unknown,0.6624218821525574,288,258,349,388,61,130
509,17.551724137931036,player,team_2,0.6332736611366272,936,323,982,454,46,131
509,17.551724137931036,player,team_1,0.5998746156692505,1047,372,1101,514,54,142
510,17.586206896551722,player,team_3,0.6921878457069397,337,288,404,421,67,133
510,17.586206896551722,player,team_2,0.6449422240257263,935,324,980,454,45,130
510,17.586206896551722,player,unknown,0.6103298664093018,294,258,349,383,55,125
510,17.586206896551722,player,team_3,0.5395835638046265,1047,372,1100,514,53,142
511,17.620689655172413,player,team_3,0.6484784483909607,336,283,401,421,65,138
511,17.620689655172413,player,team_2,0.6473592519760132,934,325,980,455,46,130
511,17.620689655172413,player,team_3,0.5650357604026794,1047,372,1100,513,53,141
511,17.620689655172413,player,team_3,0.5496203899383545,305,256,351,373,46,117
511,17.620689655172413,player,team_3,0.5407347083091736,335,281,434,421,99,140
512,17.655172413793103,player,team_3,0.6767240166664124,934,325,979,455,45,130
512,17.655172413793103,player,team_3,0.6725329756736755,335,277,398,423,63,146
512,17.655172413793103,player,team_1,0.5373762845993042,311,256,356,376,45,120
512,17.655172413793103,player,team_1,0.5173137187957764,1047,372,1098,513,51,141
513,17.689655172413794,player,team_3,0.6827956438064575,930,326,978,457,48,131
513,17.689655172413794,player,team_3,0.6283466815948486,336,272,399,416,63,144
513,17.689655172413794,player,team_1,0.5601789951324463,318,254,361,368,43,114
513,17.689655172413794,player,team_3,0.5038219690322876,1046,371,1098,510,52,139
514,17.724137931034484,player,team_3,0.5962737202644348,928,327,977,457,49,130
514,17.724137931034484,player,team_4,0.5719424486160278,340,272,420,404,80,132
514,17.724137931034484,player,team_3,0.5218250751495361,1047,370,1097,512,50,142
514,17.724137931034484,player,team_1,0.5038729906082153,322,253,362,365,40,112
515,17.75862068965517,player,team_2,0.6118249893188477,928,326,976,454,48,128
515,17.75862068965517,player,team_3,0.5452110767364502,339,271,425,399,86,128
515,17.75862068965517,player,team_1,0.5395709276199341,1047,370,1098,509,51,139
516,17.79310344827586,player,team_2,0.5991726517677307,927,325,976,455,49,130
516,17.79310344827586,player,team_3,0.5612015128135681,335,272,426,394,91,122
516,17.79310344827586,player,team_1,0.53276127576828,1047,370,1098,508,51,138
517,17.82758620689655,player,team_2,0.5935838222503662,926,325,975,455,49,130
518,17.862068965517242,player,team_2,0.6145020723342896,925,324,974,455,49,131
518,17.862068965517242,player,team_1,0.5233336091041565,1046,371,1097,502,51,131
518,17.862068965517242,player,team_3,0.5033347010612488,338,257,416,392,78,135
519,17.896551724137932,player,team_2,0.6244004964828491,923,324,972,455,49,131
520,17.93103448275862,player,team_2,0.5962260961532593,921,323,971,455,50,132
521,17.96551724137931,player,team_2,0.6325258016586304,920,323,971,455,51,132
522,18.0,player,team_2,0.6331443786621094,919,322,969,456,50,134
522,18.0,player,team_2,0.5543363690376282,522,295,617,442,95,147
523,18.03448275862069,player,team_2,0.6013540029525757,918,322,967,455,49,133
523,18.03448275862069,player,team_3,0.5781305432319641,526,302,617,445,91,143
523,18.03448275862069,player,team_3,0.5281945466995239,354,242,415,386,61,144
524,18.06896551724138,player,team_2,0.6486020684242249,915,319,965,455,50,136
524,18.06896551724138,player,team_3,0.5697152018547058,526,305,615,448,89,143
524,18.06896551724138,player,team_1,0.5627228617668152,1034,373,1090,506,56,133
525,18.103448275862068,player,team_2,0.6970776319503784,912,319,964,452,52,133
525,18.103448275862068,player,team_1,0.5820528268814087,1033,372,1088,507,55,135
525,18.103448275862068,player,team_3,0.5502768754959106,509,304,614,449,105,145
525,18.103448275862068,player,team_3,0.5416633486747742,364,244,423,373,59,129
526,18.137931034482758,player,team_1,0.6902329325675964,911,319,962,452,51,133
526,18.137931034482758,player,team_3,0.6302824020385742,365,244,428,369,63,125
526,18.137931034482758,player,team_1,0.5968732237815857,1032,373,1087,506,55,133
527,18.17241379310345,player,team_3,0.6847733855247498,910,318,960,452,50,134
527,18.17241379310345,player,team_1,0.6339643001556396,1029,372,1085,506,56,134
527,18.17241379310345,player,team_3,0.5160443186759949,361,246,422,366,61,120
528,18.20689655172414,player,team_2,0.6863347291946411,909,318,958,453,49,135
528,18.20689655172414,player,team_1,0.6549345254898071,513,298,604,449,91,151
528,18.20689655172414,player,team_3,0.6252483129501343,361,249,428,366,67,117
528,18.20689655172414,player,team_1,0.6192753314971924,1026,372,1083,504,57,132
529,18.24137931034483,player,team_2,0.7003103494644165,907,316,957,451,50,135
529,18.24137931034483,player,team_1,0.6580257415771484,511,295,601,449,90,154
529,18.24137931034483,player,team_3,0.6147964596748352,1026,373,1082,508,56,135
529,18.24137931034483,player,team_3,0.5671625137329102,537,226,621,389,84,163
529,18.24137931034483,player,team_3,0.5257602334022522,360,248,430,364,70,116
530,18.275862068965516,player,team_1,0.7816253900527954,508,293,593,450,85,157
530,18.275862068965516,player,team_2,0.7166743278503418,905,314,956,450,51,136
530,18.275862068965516,player,team_2,0.5722129344940186,544,226,622,392,78,166
530,18.275862068965516,player,team_3,0.5379505157470703,1023,374,1079,509,56,135
530,18.275862068965516,player,team_3,0.5039929747581482,419,240,478,359,59,119
531,18.310344827586206,player,team_3,0.805651843547821,505,290,588,453,83,163
531,18.310344827586206,player,team_2,0.7232877612113953,903,313,956,449,53,136
531,18.310344827586206,player,team_2,0.5856006145477295,556,227,622,394,66,167
531,18.310344827586206,player,team_3,0.5429836511611938,355,250,445,363,90,113
531,18.310344827586206,player,unknown,0.5427611470222473,765,155,800,287,35,132
532,18.344827586206897,player,team_3,0.8067241311073303,503,289,576,454,73,165
532,18.344827586206897,player,team_2,0.7489036917686462,902,312,956,447,54,135
533,18.379310344827587,player,team_3,0.8061110377311707,500,289,570,454,70,165
533,18.379310344827587,player,team_2,0.744215190410614,900,312,956,446,56,134
533,18.379310344827587,player,team_3,0.5252262353897095,1018,376,1074,512,56,136
533,18.379310344827587,player,team_2,0.5197868943214417,560,230,626,400,66,170
534,18.413793103448278,player,team_3,0.7882519960403442,495,287,559,453,64,166
534,18.413793103448278,player,team_2,0.7446443438529968,899,314,956,446,57,132
534,18.413793103448278,player,team_3,0.6046566963195801,368,231,498,355,130,124
534,18.413793103448278,player,team_2,0.5639784932136536,566,223,630,396,64,173
534,18.413793103448278,player,team_1,0.550771951675415,1017,375,1071,511,54,136
535,18.448275862068964,player,team_2,0.6958411335945129,898,314,956,447,58,133
535,18.448275862068964,player,team_3,0.6845362782478333,496,289,553,455,57,166
535,18.448275862068964,player,team_2,0.6569312214851379,564,223,640,392,76,169
535,18.448275862068964,player,team_1,0.5024555325508118,1017,375,1068,509,51,134
536,18.482758620689655,player,team_2,0.7120013236999512,896,316,957,448,61,132
536,18.482758620689655,player,team_1,0.6914207339286804,491,288,546,455,55,167
536,18.482758620689655,player,team_1,0.547128438949585,1014,378,1067,508,53,130
537,18.517241379310345,player,team_2,0.7395991683006287,895,319,957,449,62,130
537,18.517241379310345,player,team_3,0.7279124855995178,485,291,542,456,57,165
538,18.551724137931036,player,team_2,0.7015414834022522,893,320,958,451,65,131
538,18.551724137931036,player,team_1,0.6979732513427734,479,296,539,462,60,166
539,18.586206896551722,player,team_2,0.7137643098831177,891,321,958,451,67,130
539,18.586206896551722,player,team_1,0.6842461228370667,470,301,533,463,63,162
539,18.586206896551722,player,team_3,0.5339027047157288,992,384,1057,507,65,123
540,18.620689655172413,player,team_3,0.7665374279022217,459,304,530,465,71,161
540,18.620689655172413,player,team_2,0.7143511176109314,890,323,960,451,70,128
540,18.620689655172413,player,team_3,0.6052996516227722,987,389,1054,508,67,119
540,18.620689655172413,player,unknown,0.5459480285644531,714,428,767,567,53,139
541,18.655172413793103,player,team_2,0.6194391250610352,890,324,963,452,73,128
542,18.689655172413794,player,team_3,0.556165337562561,457,312,529,467,72,155
542,18.689655172413794,player,team_2,0.533109724521637,888,326,964,453,76,127
543,18.724137931034484,player,unknown,0.8051669597625732,425,309,526,466,101,157
543,18.724137931034484,player,team_2,0.5843358635902405,889,327,964,450,75,123
543,18.724137931034484,player,unknown,0.5114178657531738,714,426,764,567,50,141
544,18.75862068965517,player,team_3,0.797814667224884,422,313,524,466,102,153
545,18.79310344827586,player,team_3,0.7155435681343079,419,311,521,468,102,157
545,18.79310344827586,player,team_1,0.5035425424575806,887,327,944,437,57,110
546,18.82758620689655,player,unknown,0.6417621970176697,416,312,515,467,99,155
546,18.82758620689655,player,team_2,0.5111960172653198,886,327,943,439,57,112
547,18.862068965517242,player,unknown,0.6493639349937439,414,311,509,467,95,156
547,18.862068965517242,player,team_4,0.5408256649971008,549,281,616,394,67,113
548,18.896551724137932,player,unknown,0.7190840244293213,405,310,499,465,94,155
548,18.896551724137932,player,team_1,0.5550304651260376,712,428,761,575,49,147
549,18.93103448275862,player,unknown,0.6698177456855774,397,307,482,464,85,157
549,18.93103448275862,player,team_1,0.543747067451477,711,427,761,574,50,147
550,18.96551724137931,player,unknown,0.6951838135719299,387,306,469,463,82,157
550,18.96551724137931,player,team_1,0.5979100465774536,710,428,760,574,50,146
551,19.0,player,team_1,0.6106567978858948,399,303,452,465,53,162
551,19.0,player,team_1,0.5827049612998962,710,428,759,573,49,145
552,19.03448275862069,player,unknown,0.8383010029792786,380,300,447,466,67,166
552,19.03448275862069,player,team_1,0.610867977142334,709,428,759,572,50,144
553,19.06896551724138,player,team_3,0.8258953094482422,375,297,439,468,64,171
553,19.06896551724138,player,team_1,0.5933236479759216,709,428,760,573,51,145
554,19.103448275862068,player,team_3,0.8031746745109558,373,295,433,465,60,170
554,19.103448275862068,player,unknown,0.5628964900970459,709,427,761,571,52,144
555,19.137931034482758,player,team_3,0.7844899296760559,369,293,424,462,55,169
556,19.17241379310345,player,team_3,0.8084914088249207,363,292,418,460,55,168
556,19.17241379310345,player,team_3,0.577756404876709,850,380,933,528,83,148
557,19.20689655172414,player,team_3,0.7540098428726196,354,292,410,457,56,165
557,19.20689655172414,player,unknown,0.5852330923080444,707,423,762,569,55,146
557,19.20689655172414,player,team_2,0.5368989706039429,883,329,942,458,59,129
558,19.24137931034483,player,team_1,0.7782369256019592,350,293,402,453,52,160
558,19.24137931034483,player,team_4,0.686790943145752,503,276,579,400,76,124
558,19.24137931034483,player,team_1,0.6285285949707031,706,422,762,563,56,141
559,19.275862068965516,player,team_1,0.799680769443512,347,293,397,453,50,160
559,19.275862068965516,player,team_4,0.7096980214118958,498,276,576,401,78,125
559,19.275862068965516,player,team_1,0.6342026591300964,706,422,762,567,56,145
559,19.275862068965516,player,team_3,0.5774629712104797,831,382,883,523,52,141
560,19.310344827586206,player,team_1,0.7737228274345398,339,292,392,450,53,158
560,19.310344827586206,player,team_3,0.7115877866744995,496,274,576,404,80,130
560,19.310344827586206,player,team_3,0.5978435277938843,824,382,872,532,48,150
560,19.310344827586206,player,unknown,0.5864431262016296,705,422,762,566,57,144
561,19.344827586206897,player,team_1,0.7904173731803894,328,291,387,447,59,156
561,19.344827586206897,player,team_2,0.7205951809883118,491,273,570,404,79,131
561,19.344827586206897,player,unknown,0.6244853734970093,705,422,763,568,58,146
561,19.344827586206897,player,team_1,0.6075977683067322,819,385,862,513,43,128
561,19.344827586206897,player,team_3,0.5478774309158325,887,339,945,471,58,132
561,19.344827586206897,player,team_3,0.5190200209617615,600,231,655,349,55,118
561,19.344827586206897,player,team_1,0.5108649134635925,695,250,739,392,44,142
562,19.379310344827587,player,team_1,0.8025559186935425,320,287,382,446,62,159
562,19.379310344827587,player,team_4,0.7256524562835693,490,273,567,403,77,130
562,19.379310344827587,player,unknown,0.6288625597953796,706,422,766,567,60,145
562,19.379310344827587,player,team_2,0.5236724019050598,886,339,944,472,58,133
562,19.379310344827587,player,team_1,0.5011050701141357,808,386,855,528,47,142
563,19.413793103448278,player,unknown,0.7728270292282104,314,284,376,443,62,159
563,19.413793103448278,player,team_2,0.7507656812667847,488,273,562,408,74,135
563,19.413793103448278,player,team_1,0.6621983647346497,707,421,766,565,59,144
563,19.413793103448278,player,team_2,0.6213085651397705,882,336,943,473,61,137
563,19.413793103448278,player,team_1,0.5385320782661438,796,387,847,526,51,139
563,19.413793103448278,player,team_2,0.530234694480896,612,229,652,348,40,119
564,19.448275862068964,player,team_1,0.7754400968551636,311,281,373,442,62,161
564,19.448275862068964,player,team_4,0.7529404759407043,487,275,558,409,71,134
564,19.448275862068964,player,team_1,0.6153463125228882,708,421,767,565,59,144
564,19.448275862068964,player,team_2,0.5713399052619934,881,339,943,472,62,133
565,19.482758620689655,player,team_1,0.782252311706543,306,278,367,442,61,164
565,19.482758620689655,player,team_4,0.7063992023468018,484,275,557,410,73,135
565,19.482758620689655,player,team_2,0.5916243195533752,881,343,943,470,62,127
565,19.482758620689655,player,unknown,0.5756224989891052,709,422,770,564,61,142
566,19.517241379310345,player,team_1,0.7921498417854309,304,277,364,440,60,163
566,19.517241379310345,player,team_4,0.7525083422660828,481,276,550,410,69,134
566,19.517241379310345,player,unknown,0.6522285342216492,710,422,768,567,58,145
566,19.517241379310345,player,team_2,0.5285128951072693,881,349,946,471,65,122
566,19.517241379310345,player,team_3,0.504689633846283,616,228,662,339,46,111
567,19.551724137931036,player,team_4,0.765537679195404,479,277,547,411,68,134
567,19.551724137931036,player,team_3,0.7554226517677307,303,274,361,434,58,160
567,19.551724137931036,player,team_3,0.5366319417953491,875,355,945,472,70,117
568,19.586206896551722,player,team_4,0.780299961566925,473,278,543,414,70,136
568,19.586206896551722,player,team_1,0.7456647157669067,300,272,359,429,59,157
568,19.586206896551722,player,team_3,0.559948742389679,867,358,950,475,83,117
569,19.620689655172413,player,team_4,0.7967525720596313,471,280,541,414,70,134
569,19.620689655172413,player,team_1,0.7272928953170776,296,273,354,425,58,152
569,19.620689655172413,player,team_3,0.6231396198272705,859,360,950,475,91,115
570,19.655172413793103,player,team_1,0.7649362683296204,292,273,354,425,62,152
570,19.655172413793103,player,team_3,0.7564595341682434,465,281,540,414,75,133
570,19.655172413793103,player,team_3,0.676787793636322,854,367,949,477,95,110
571,19.689655172413794,player,team_2,0.7795118689537048,455,281,540,413,85,132
571,19.689655172413794,player,team_1,0.7567408680915833,290,270,351,425,61,155
571,19.689655172413794,player,team_3,0.694514274597168,841,372,948,477,107,105
572,19.724137931034484,player,team_3,0.766276478767395,449,280,538,414,89,134
572,19.724137931034484,player,team_1,0.7452104091644287,288,268,347,424,59,156
572,19.724137931034484,player,team_3,0.5507116913795471,830,376,946,478,116,102
573,19.75862068965517,player,team_1,0.7977137565612793,287,260,345,424,58,164
573,19.75862068965517,player,team_3,0.6996339559555054,445,280,535,411,90,131
573,19.75862068965517,player,unknown,0.5029044151306152,714,422,773,559,59,137
574,19.79310344827586,player,team_1,0.7724640369415283,287,254,341,423,54,169
574,19.79310344827586,player,team_3,0.737244188785553,441,281,529,414,88,133
575,19.82758620689655,player,team_3,0.767981767654419,442,280,520,413,78,133
575,19.82758620689655,player,team_1,0.7668214440345764,286,252,337,422,51,170
575,19.82758620689655,player,team_3,0.5196873545646667,815,376,934,486,119,110
576,19.862068965517242,player,team_3,0.7576054334640503,440,280,510,415,70,135
576,19.862068965517242,player,team_1,0.7521016597747803,283,257,333,419,50,162
576,19.862068965517242,player,team_3,0.5819922089576721,810,377,928,485,118,108
577,19.896551724137932,player,team_3,0.7599065899848938,432,279,504,419,72,140
577,19.896551724137932,player,team_1,0.703962504863739,280,255,330,416,50,161
578,19.93103448275862,player,team_1,0.7957029938697815,276,252,328,413,52,161
578,19.93103448275862,player,team_3,0.7450162172317505,432,281,488,418,56,137
578,19.93103448275862,player,team_3,0.569082498550415,797,373,861,489,64,116
579,19.96551724137931,player,team_1,0.7927672266960144,273,254,328,409,55,155
579,19.96551724137931,player,team_2,0.7782867550849915,429,281,484,422,55,141
579,19.96551724137931,player,team_3,0.5919917821884155,791,373,851,490,60,117
580,20.0,player,unknown,0.7825852036476135,270,255,327,408,57,153
580,20.0,player,team_2,0.7701126933097839,425,283,480,426,55,143
580,20.0,player,team_1,0.6265501379966736,620,379,670,544,50,165
581,20.03448275862069,player,team_3,0.7961664795875549,421,285,477,425,56,140
581,20.03448275862069,player,unknown,0.7433428764343262,266,262,326,407,60,145
582,20.06896551724138,player,team_3,0.7753596305847168,417,287,473,429,56,142
582,20.06896551724138,player,unknown,0.6956748962402344,261,263,324,404,63,141
583,20.103448275862068,player,team_3,0.7783540487289429,414,290,469,434,55,144
583,20.103448275862068,player,unknown,0.6202695965766907,258,264,320,405,62,141
584,20.137931034482758,player,team_2,0.7895124554634094,410,293,467,434,57,141
584,20.137931034482758,player,unknown,0.6762239933013916,254,266,322,405,68,139
585,20.17241379310345,player,team_2,0.7933862805366516,407,294,464,435,57,141
585,20.17241379310345,player,unknown,0.604663610458374,252,266,317,404,65,138
586,20.20689655172414,player,team_2,0.775382399559021,405,294,461,436,56,142
586,20.20689655172414,player,unknown,0.68174147605896,255,263,316,404,61,141
587,20.24137931034483,player,team_3,0.8201331496238708,402,295,457,436,55,141
587,20.24137931034483,player,team_1,0.6617748737335205,256,260,313,403,57,143
588,20.275862068965516,player,team_2,0.816074550151825,398,295,454,434,56,139
588,20.275862068965516,player,team_1,0.6590549349784851,258,256,309,401,51,145
589,20.310344827586206,player,team_2,0.8100968599319458,397,294,451,433,54,139
589,20.310344827586206,player,team_1,0.6639646887779236,259,250,309,401,50,151
590,20.344827586206897,player,team_2,0.788871705532074,394,292,447,433,53,141
590,20.344827586206897,player,team_1,0.6780444979667664,258,249,306,400,48,151
591,20.379310344827587,player,team_3,0.7899857759475708,392,289,443,433,51,144
591,20.379310344827587,player,team_1,0.71751469373703,258,247,303,398,45,151
592,20.413793103448278,player,team_3,0.7344491481781006,390,287,441,432,51,145
592,20.413793103448278,player,team_1,0.7043059468269348,257,249,302,394,45,145
593,20.448275862068964,player,team_3,0.7171749472618103,387,287,437,432,50,145
593,20.448275862068964,player,team_3,0.6999272108078003,255,249,300,392,45,143
594,20.482758620689655,player,team_3,0.7175536155700684,384,287,434,431,50,144
594,20.482758620689655,player,team_3,0.6799789667129517,252,249,299,388,47,139
594,20.482758620689655,player,team_1,0.5291193723678589,571,128,610,250,39,122
595,20.517241379310345,player,team_3,0.7642795443534851,383,287,431,433,48,146
595,20.517241379310345,player,team_3,0.673546314239502,251,248,297,388,46,140
596,20.551724137931036,player,team_1,0.6352007985115051,382,287,429,428,47,141
597,20.586206896551722,player,team_1,0.7701629996299744,477,358,518,522,41,164
597,20.586206896551722,player,team_2,0.758392333984375,379,286,426,434,47,148
597,20.586206896551722,player,team_3,0.7093595862388611,249,242,293,388,44,146
598,20.620689655172413,player,team_3,0.7306139469146729,377,284,424,434,47,150
598,20.620689655172413,player,team_3,0.690693736076355,249,239,291,388,42,149
598,20.620689655172413,player,team_1,0.68999183177948,472,359,514,520,42,161
599,20.655172413793103,player,team_3,0.7418615221977234,248,232,288,381,40,149
599,20.655172413793103,player,team_1,0.7345862984657288,464,359,509,522,45,163
599,20.655172413793103,player,team_3,0.6950380802154541,375,283,421,433,46,150
599,20.655172413793103,player,team_2,0.534846305847168,628,351,693,490,65,139
600,20.689655172413794,player,team_3,0.6985536217689514,371,282,419,435,48,153
600,20.689655172413794,player,team_1,0.6967553496360779,453,362,504,521,51,159
600,20.689655172413794,player,team_3,0.6888144016265869,246,233,290,381,44,148
601,20.724137931034484,player,team_3,0.719950795173645,370,283,415,435,45,152
601,20.724137931034484,player,team_3,0.7195799350738525,243,232,287,377,44,145
601,20.724137931034484,player,team_1,0.7138796448707581,446,363,496,521,50,158
601,20.724137931034484,player,team_1,0.5017919540405273,773,281,831,402,58,121
602,20.75862068965517,player,team_1,0.7539495229721069,435,362,493,521,58,159
602,20.75862068965517,player,team_2,0.7286531925201416,367,283,410,436,43,153
602,20.75862068965517,player,team_3,0.6770963668823242,242,234,287,376,45,142
603,20.79310344827586,player,team_1,0.7230172753334045,422,361,490,521,68,160
603,20.79310344827586,player,team_2,0.6915763020515442,365,284,408,436,43,152
603,20.79310344827586,player,team_3,0.601129412651062,240,228,286,376,46,148
603,20.79310344827586,player,team_3,0.574482262134552,618,356,673,494,55,138
604,20.82758620689655,player,team_2,0.6747980713844299,614,357,663,494,49,137
604,20.82758620689655,player,team_2,0.6565456390380859,364,285,405,437,41,152
604,20.82758620689655,player,team_3,0.651487410068512,238,236,286,378,48,142
604,20.82758620689655,player,unknown,0.6394230127334595,413,363,488,520,75,157
605,20.862068965517242,player,team_3,0.7446849346160889,235,237,285,379,50,142
605,20.862068965517242,player,team_2,0.6840246915817261,607,355,657,495,50,140
605,20.862068965517242,player,team_2,0.6547584533691406,361,286,405,436,44,150
606,20.896551724137932,player,team_3,0.7293182015419006,232,237,283,381,51,144
606,20.896551724137932,player,team_2,0.703452467918396,601,355,657,498,56,143
606,20.896551724137932,player,team_2,0.6425172090530396,358,287,402,435,44,148
607,20.93103448275862,player,team_4,0.7081925272941589,596,355,654,499,58,144
607,20.93103448275862,player,team_2,0.6981656551361084,356,288,400,431,44,143
607,20.93103448275862,player,unknown,0.682253897190094,230,237,287,384,57,147
608,20.96551724137931,player,team_2,0.7385284304618835,590,356,654,498,64,142
608,20.96551724137931,player,team_2,0.6822856664657593,354,290,396,433,42,143
608,20.96551724137931,player,unknown,0.5863663554191589,227,246,285,387,58,141
608,20.96551724137931,player,unknown,0.515317976474762,381,366,474,519,93,153
609,21.0,player,team_2,0.7075414061546326,350,291,394,435,44,144
609,21.0,player,team_2,0.6350314021110535,584,357,653,497,69,140
609,21.0,player,unknown,0.5945632457733154,226,247,283,388,57,141
609,21.0,player,unknown,0.5638018250465393,678,435,735,571,57,136
610,21.03448275862069,player,team_3,0.6992171406745911,346,292,394,435,48,143
610,21.03448275862069,player,unknown,0.6732849478721619,224,246,283,389,59,143
610,21.03448275862069,player,team_4,0.6510533094406128,570,359,648,500,78,141
610,21.03448275862069,player,team_1,0.611716628074646,838,302,889,410,51,108
610,21.03448275862069,player,unknown,0.5759100317955017,676,436,732,575,56,139
610,21.03448275862069,player,unknown,0.5312612056732178,379,368,455,525,76,157
611,21.06896551724138,player,unknown,0.6982876062393188,376,368,446,528,70,160
611,21.06896551724138,player,team_2,0.6544531583786011,346,294,388,440,42,146
611,21.06896551724138,player,unknown,0.6510430574417114,223,249,281,389,58,140
611,21.06896551724138,player,team_4,0.6173167824745178,563,359,633,500,70,141
611,21.06896551724138,player,team_1,0.5353760123252869,840,305,897,415,57,110
612,21.103448275862068,player,team_3,0.6598659753799438,222,247,279,391,57,144
612,21.103448275862068,player,team_4,0.6292731165885925,559,358,629,502,70,144
612,21.103448275862068,player,team_2,0.6155776977539062,338,296,384,440,46,144
613,21.137931034482758,player,unknown,0.6825043559074402,218,248,277,391,59,143
613,21.137931034482758,player,team_4,0.6254459023475647,554,364,626,504,72,140
614,21.17241379310345,player,team_3,0.6530670523643494,215,248,271,385,56,137
614,21.17241379310345,player,team_4,0.5365194082260132,551,365,623,503,72,138
615,21.20689655172414,player,unknown,0.6872767806053162,211,249,270,391,59,142
615,21.20689655172414,player,team_2,0.5203458666801453,553,365,620,504,67,139
616,21.24137931034483,player,unknown,0.7294447422027588,208,249,268,392,60,143
616,21.24137931034483,player,team_2,0.6523430943489075,550,364,619,505,69,141
617,21.275862068965516,player,team_2,0.6883736848831177,549,367,616,505,67,138
617,21.275862068965516,player,unknown,0.6646596193313599,205,252,258,392,53,140
618,21.310344827586206,player,team_4,0.6619903445243835,548,366,611,505,63,139
618,21.310344827586206,player,team_3,0.5821791887283325,201,246,241,391,40,145
619,21.344827586206897,player,team_3,0.7175081968307495,197,250,237,392,40,142
619,21.344827586206897,player,team_4,0.5998515486717224,545,363,606,506,61,143
619,21.344827586206897,player,team_3,0.5421230792999268,312,372,365,529,53,157
620,21.379310344827587,player,unknown,0.7159934043884277,191,248,237,390,46,142
620,21.379310344827587,player,team_4,0.6358893513679504,543,366,605,505,62,139
621,21.413793103448278,player,team_3,0.6750396490097046,188,248,237,389,49,141
621,21.413793103448278,player,team_2,0.5867198705673218,542,364,604,508,62,144
621,21.413793103448278,player,team_3,0.5652561187744141,293,306,369,527,76,221
621,21.413793103448278,player,team_4,0.5229986310005188,753,314,790,451,37,137
621,21.413793103448278,player,unknown,0.5044358968734741,645,452,693,591,48,139
622,21.448275862068964,player,unknown,0.6873043775558472,184,248,238,390,54,142
622,21.448275862068964,player,team_4,0.5519333481788635,541,363,603,507,62,144
622,21.448275862068964,player,team_3,0.5190463066101074,275,308,367,530,92,222
622,21.448275862068964,player,unknown,0.5106199979782104,641,450,689,591,48,141
623,21.482758620689655,player,team_3,0.6295209527015686,179,247,229,386,50,139
623,21.482758620689655,player,team_4,0.6015305519104004,540,364,602,507,62,143
623,21.482758620689655,player,team_2,0.5778407454490662,295,307,365,460,70,153
623,21.482758620689655,player,team_4,0.5447191596031189,755,304,797,450,42,146
623,21.482758620689655,player,unknown,0.5422723293304443,636,450,686,589,50,139
624,21.517241379310345,player,team_3,0.6384552121162415,172,250,233,387,61,137
624,21.517241379310345,player,team_2,0.6305638551712036,300,307,362,456,62,149
624,21.517241379310345,player,team_2,0.5939713716506958,537,365,602,509,65,144
624,21.517241379310345,player,unknown,0.5310552716255188,631,450,680,591,49,141
624,21.517241379310345,player,team_4,0.5301801562309265,755,304,802,452,47,148
625,21.551724137931036,player,team_3,0.7600016593933105,165,256,233,386,68,130
625,21.551724137931036,player,team_3,0.6398093104362488,299,308,359,457,60,149
625,21.551724137931036,player,team_4,0.5110366940498352,755,309,807,454,52,145
625,21.551724137931036,player,team_4,0.504555881023407,536,365,601,510,65,145
626,21.586206896551722,player,team_3,0.7142521142959595,159,257,231,386,72,129
626,21.586206896551722,player,team_3,0.6784297227859497,298,309,355,457,57,148
626,21.586206896551722,player,team_3,0.6671044230461121,249,379,349,530,100,151
626,21.586206896551722,player,team_4,0.5422713160514832,753,310,813,455,60,145
626,21.586206896551722,player,team_1,0.5240787863731384,435,189,480,294,45,105
627,21.620689655172413,player,team_3,0.7564001083374023,247,376,345,529,98,153
627,21.620689655172413,player,team_3,0.7292672395706177,156,260,231,386,75,126
627,21.620689655172413,player,team_3,0.7073028087615967,292,312,352,457,60,145
627,21.620689655172413,player,team_2,0.5904887914657593,754,310,817,455,63,145
627,21.620689655172413,player,team_1,0.5810675024986267,617,454,669,599,52,145
628,21.655172413793103,player,team_2,0.7732927203178406,287,313,352,457,65,144
628,21.655172413793103,player,team_3,0.7130756378173828,245,378,329,528,84,150
628,21.655172413793103,player,team_3,0.6775500178337097,153,259,228,389,75,130
628,21.655172413793103,player,team_3,0.6416158080101013,751,311,818,456,67,145
628,21.655172413793103,player,team_1,0.6272688508033752,613,455,666,598,53,143
629,21.689655172413794,player,team_3,0.8059495091438293,285,314,350,457,65,143
629,21.689655172413794,player,team_3,0.7325101494789124,150,260,226,389,76,129
629,21.689655172413794,player,team_3,0.709330141544342,243,376,322,529,79,153
629,21.689655172413794,player,team_2,0.5964714884757996,750,316,819,457,69,141
629,21.689655172413794,player,team_1,0.5443748235702515,609,456,667,601,58,145
630,21.724137931034484,player,team_3,0.8149476051330566,281,317,350,457,69,140
630,21.724137931034484,player,team_3,0.7490569353103638,144,262,226,393,82,131
630,21.724137931034484,player,unknown,0.6701409816741943,244,376,312,527,68,151
630,21.724137931034484,player,team_2,0.6267076134681702,750,318,817,457,67,139
630,21.724137931034484,player,team_4,0.5337456464767456,531,366,590,512,59,146
630,21.724137931034484,player,team_1,0.5099695920944214,669,253,728,402,59,149
631,21.75862068965517,player,team_3,0.8173437118530273,278,317,350,456,72,139
631,21.75862068965517,player,team_3,0.6721065640449524,136,263,225,397,89,134
631,21.75862068965517,player,team_1,0.6609442234039307,668,252,722,402,54,150
631,21.75862068965517,player,unknown,0.659173846244812,236,374,298,530,62,156
631,21.75862068965517,player,team_2,0.5550867915153503,747,316,817,457,70,141
632,21.79310344827586,player,team_3,0.7959049940109253,273,317,350,457,77,140
632,21.79310344827586,player,team_3,0.792315661907196,131,261,218,393,87,132
632,21.79310344827586,player,team_3,0.6768118739128113,229,372,284,531,55,159
632,21.79310344827586,player,team_1,0.6649110317230225,662,256,720,403,58,147
632,21.79310344827586,player,team_3,0.6431701183319092,746,315,816,457,70,142
633,21.82758620689655,player,team_3,0.7238341569900513,264,317,346,462,82,145
633,21.82758620689655,player,team_3,0.7198041677474976,126,261,208,390,82,129
633,21.82758620689655,player,team_1,0.6312187314033508,657,257,722,405,65,148
633,21.82758620689655,player,team_1,0.5957565307617188,222,370,270,528,48,158
633,21.82758620689655,player,team_2,0.5389916300773621,744,304,815,457,71,153
634,21.862068965517242,player,team_3,0.7157696485519409,120,258,197,390,77,132
634,21.862068965517242,player,team_1,0.6702743172645569,215,368,258,529,43,161
634,21.862068965517242,player,team_3,0.6601392030715942,262,318,340,461,78,143
634,21.862068965517242,player,team_1,0.6274551153182983,653,260,716,405,63,145
634,21.862068965517242,player,team_3,0.5666952729225159,741,249,815,458,74,209
635,21.896551724137932,player,team_1,0.7223678827285767,649,263,716,405,67,142
635,21.896551724137932,player,team_3,0.6998276114463806,114,254,190,390,76,136
635,21.896551724137932,player,team_3,0.6783115863800049,260,317,338,463,78,146
635,21.896551724137932,player,team_1,0.5878576040267944,209,369,248,526,39,157
636,21.93103448275862,player,team_3,0.7698546648025513,108,249,179,388,71,139
636,21.93103448275862,player,team_3,0.7347350120544434,258,316,334,464,76,148
636,21.93103448275862,player,team_1,0.7192772626876831,644,268,716,406,72,138
636,21.93103448275862,player,unknown,0.7032031416893005,199,370,240,523,41,153
636,21.93103448275862,player,team_3,0.6004274487495422,745,253,814,463,69,210
637,21.96551724137931,player,team_3,0.7800440192222595,256,314,327,463,71,149
637,21.96551724137931,player,team_3,0.7231340408325195,637,270,714,407,77,137
637,21.96551724137931,player,team_3,0.703575849533081,102,247,170,387,68,140
637,21.96551724137931,player,team_3,0.648138165473938,180,372,235,524,55,152
637,21.96551724137931,player,team_2,0.5107825398445129,752,325,813,463,61,138
638,22.0,player,team_3,0.7656239867210388,255,313,317,463,62,150
638,22.0,player,team_3,0.7229655981063843,95,246,160,388,65,142
638,22.0,player,team_3,0.7116875052452087,629,274,716,405,87,131
638,22.0,player,team_1,0.6665144562721252,185,372,230,522,45,150
638,22.0,player,team_3,0.6274686455726624,166,373,230,523,64,150
638,22.0,player,team_3,0.5207228064537048,749,246,814,466,65,220
639,22.03448275862069,player,team_3,0.7709859609603882,250,312,309,461,59,149
639,22.03448275862069,player,team_2,0.695541501045227,750,324,813,469,63,145
639,22.03448275862069,player,team_3,0.693908154964447,91,246,152,387,61,141
639,22.03448275862069,player,unknown,0.644158661365509,155,374,231,524,76,150
639,22.03448275862069,player,team_3,0.6274842023849487,621,274,718,408,97,134
640,22.06896551724138,player,unknown,0.7770603895187378,145,375,233,527,88,152
640,22.06896551724138,player,team_1,0.7019180655479431,87,249,145,389,58,140
640,22.06896551724138,player,team_3,0.6965217590332031,247,312,298,464,51,152
640,22.06896551724138,player,team_3,0.6596461534500122,611,274,716,407,105,133
640,22.06896551724138,player,team_2,0.6152147650718689,748,322,813,471,65,149
641,22.103448275862068,player,unknown,0.7924759387969971,135,376,233,529,98,153
641,22.103448275862068,player,team_1,0.7721971273422241,82,243,139,388,57,145
641,22.103448275862068,player,team_3,0.7349632382392883,607,275,714,405,107,130
641,22.103448275862068,player,team_3,0.6847840547561646,245,312,289,467,44,155
642,22.137931034482758,player,team_3,0.7987185120582581,129,376,229,529,100,153
642,22.137931034482758,player,team_1,0.7107445597648621,79,252,137,391,58,139
642,22.137931034482758,player,team_3,0.6649317741394043,242,312,284,468,42,156
642,22.137931034482758,player,team_3,0.6456183195114136,599,276,708,409,109,133
643,22.17241379310345,player,team_3,0.8212698698043823,127,376,223,530,96,154
643,22.17241379310345,player,team_1,0.7408037185668945,74,254,136,389,62,135
643,22.17241379310345,player,team_3,0.6620833277702332,236,313,282,470,46,157
643,22.17241379310345,player,team_2,0.5274455547332764,749,324,811,474,62,150
643,22.17241379310345,player,team_4,0.5016179084777832,698,212,742,347,44,135
644,22.20689655172414,player,unknown,0.8236480355262756,125,377,219,531,94,154
644,22.20689655172414,player,team_1,0.782351553440094,64,260,136,390,72,130
644,22.20689655172414,player,team_3,0.7002059817314148,234,314,281,471,47,157
644,22.20689655172414,player,team_4,0.527031421661377,700,212,742,352,42,140
644,22.20689655172414,player,team_3,0.5121686458587646,747,256,812,473,65,217
645,22.24137931034483,player,team_3,0.8233464956283569,125,376,209,530,84,154
645,22.24137931034483,player,team_4,0.7793909311294556,231,315,273,467,42,152
645,22.24137931034483,player,team_1,0.7763088345527649,55,268,136,390,81,122
645,22.24137931034483,player,team_3,0.654371976852417,579,282,641,393,62,111
645,22.24137931034483,player,team_4,0.5539597272872925,701,212,742,344,41,132
645,22.24137931034483,player,team_4,0.5501898527145386,540,364,592,489,52,125
646,22.275862068965516,player,team_3,0.7875763773918152,127,375,202,529,75,154
646,22.275862068965516,player,team_3,0.7662434577941895,228,317,283,472,55,155
646,22.275862068965516,player,team_3,0.7652879357337952,47,275,136,389,89,114
646,22.275862068965516,player,team_4,0.5742781758308411,544,359,595,482,51,123
646,22.275862068965516,player,team_2,0.569927990436554,749,323,804,475,55,152
647,22.310344827586206,player,team_3,0.7811182737350464,226,317,284,471,58,154
647,22.310344827586206,player,team_3,0.765801191329956,126,371,191,529,65,158
647,22.310344827586206,player,team_3,0.6655589938163757,41,276,137,391,96,115
647,22.310344827586206,player,team_3,0.5559766888618469,566,280,657,390,91,110
647,22.310344827586206,player,team_3,0.5266661643981934,567,280,632,386,65,106
648,22.344827586206897,player,team_3,0.7934114336967468,223,318,285,470,62,152
648,22.344827586206897,player,team_3,0.7400654554367065,123,368,178,526,55,158
648,22.344827586206897,player,team_3,0.6576940417289734,40,281,119,393,79,112
648,22.344827586206897,player,team_2,0.6534518003463745,748,324,801,473,53,149
649,22.379310344827587,player,team_3,0.7969271540641785,220,318,286,470,66,152
649,22.379310344827587,player,team_3,0.6942778825759888,118,365,163,527,45,162
649,22.379310344827587,player,team_3,0.6296210885047913,40,281,119,395,79,114
649,22.379310344827587,player,team_2,0.6101417541503906,745,322,802,473,57,151
650,22.413793103448278,player,team_3,0.7743359804153442,218,320,286,472,68,152
650,22.413793103448278,player,team_2,0.6402836441993713,749,323,803,473,54,150
650,22.413793103448278,player,team_3,0.6226983070373535,38,280,108,396,70,116
650,22.413793103448278,player,team_1,0.5675976276397705,116,362,153,528,37,166
651,22.448275862068964,player,team_2,0.7850191593170166,217,321,288,475,71,154
651,22.448275862068964,player,team_2,0.6824995875358582,748,323,806,475,58,152
651,22.448275862068964,player,unknown,0.6508362889289856,34,282,132,398,98,116
651,22.448275862068964,player,team_3,0.6393191814422607,113,362,149,529,36,167
651,22.448275862068964,player,team_3,0.5378756523132324,544,271,636,407,92,136
652,22.482758620689655,player,team_3,0.7930452823638916,216,321,289,476,73,155
652,22.482758620689655,player,team_2,0.6835602521896362,749,326,807,475,58,149
652,22.482758620689655,player,team_3,0.50997394323349,101,359,144,531,43,172
653,22.517241379310345,player,team_2,0.7511417269706726,214,321,289,477,75,156
653,22.517241379310345,player,team_1,0.6422362327575684,27,289,89,397,62,108
653,22.517241379310345,player,unknown,0.6385122537612915,93,366,142,532,49,166
653,22.517241379310345,player,team_2,0.5871347188949585,746,327,809,476,63,149
653,22.517241379310345,player,team_1,0.5333835482597351,535,270,592,406,57,136
653,22.517241379310345,player,team_4,0.5309666991233826,565,343,623,476,58,133
654,22.551724137931036,player,team_2,0.7644813656806946,213,322,287,477,74,155
654,22.551724137931036,player,team_3,0.6328160762786865,529,271,589,404,60,133
654,22.551724137931036,player,team_2,0.5724341869354248,743,330,811,478,68,148
654,22.551724137931036,player,team_1,0.5388110876083374,21,287,86,395,65,108
655,22.586206896551722,player,team_2,0.775030791759491,210,322,286,476,76,154
655,22.586206896551722,player,team_2,0.5581724047660828,740,336,811,480,71,144
656,22.620689655172413,player,team_3,0.7805261611938477,207,323,283,476,76,153
656,22.620689655172413,player,unknown,0.6266033053398132,65,373,140,532,75,159
656,22.620689655172413,player,team_2,0.5568734407424927,737,340,812,484,75,144
656,22.620689655172413,player,team_3,0.5215800404548645,517,271,575,402,58,131
657,22.655172413793103,player,team_3,0.777963399887085,205,323,280,476,75,153
657,22.655172413793103,player,unknown,0.6214185953140259,60,371,141,533,81,162
657,22.655172413793103,player,team_3,0.6028004288673401,512,271,565,399,53,128
657,22.655172413793103,player,team_2,0.5767837762832642,738,341,814,484,76,143
658,22.689655172413794,player,team_3,0.7651240825653076,203,324,276,478,73,154
658,22.689655172413794,player,team_2,0.5779402852058411,583,325,645,462,62,137
658,22.689655172413794,player,unknown,0.5483027100563049,56,370,143,533,87,163
658,22.689655172413794,player,team_3,0.5419569611549377,506,275,561,400,55,125
658,22.689655172413794,player,team_2,0.5402981042861938,731,340,815,489,84,149
659,22.724137931034484,player,team_3,0.7578800916671753,200,324,268,480,68,156
659,22.724137931034484,player,unknown,0.6986082792282104,51,368,147,530,96,162
659,22.724137931034484,player,team_3,0.508003294467926,721,342,815,490,94,148
660,22.75862068965517,player,unknown,0.8013930320739746,51,369,145,529,94,160
660,22.75862068965517,player,team_3,0.7870714068412781,197,325,263,479,66,154
660,22.75862068965517,player,team_4,0.6406397223472595,591,319,648,454,57,135
660,22.75862068965517,player,team_3,0.6318230032920837,715,341,812,489,97,148
660,22.75862068965517,player,team_1,0.5629863739013672,1,281,63,401,62,120
660,22.75862068965517,player,unknown,0.5075719952583313,470,455,527,576,57,121
661,22.79310344827586,player,team_3,0.7859435081481934,194,326,261,481,67,155
661,22.79310344827586,player,team_3,0.7114311456680298,716,342,805,490,89,148
661,22.79310344827586,player,unknown,0.7073438167572021,50,366,141,527,91,161
661,22.79310344827586,player,team_4,0.6665099859237671,593,315,650,456,57,141
661,22.79310344827586,player,team_3,0.6073965430259705,482,271,559,400,77,129
662,22.82758620689655,player,unknown,0.7892370223999023,50,366,135,526,85,160
662,22.82758620689655,player,team_3,0.752148449420929,193,327,259,483,66,156
662,22.82758620689655,player,team_3,0.7113856077194214,474,270,557,404,83,134
662,22.82758620689655,player,team_3,0.7049502730369568,718,342,778,491,60,149
662,22.82758620689655,player,team_4,0.7001197934150696,598,313,651,447,53,134
663,22.862068965517242,player,unknown,0.820921778678894,50,365,125,526,75,161
663,22.862068965517242,player,team_4,0.7608774304389954,601,311,653,444,52,133
663,22.862068965517242,player,team_3,0.70112544298172,193,328,257,486,64,158
663,22.862068965517242,player,team_3,0.6749810576438904,721,342,774,492,53,150
663,22.862068965517242,player,team_3,0.62848961353302,469,270,555,405,86,135
663,22.862068965517242,player,team_2,0.5268109440803528,214,194,283,323,69,129
664,22.896551724137932,player,team_4,0.7526243925094604,603,310,654,443,51,133
664,22.896551724137932,player,unknown,0.7097780704498291,51,361,116,523,65,162
664,22.896551724137932,player,team_3,0.6831141114234924,458,269,544,408,86,139
664,22.896551724137932,player,team_3,0.6783552169799805,193,331,256,484,63,153
665,22.93103448275862,player,team_3,0.7320047616958618,50,362,103,523,53,161
665,22.93103448275862,player,team_4,0.709803581237793,608,308,655,442,47,134
665,22.93103448275862,player,team_3,0.6292199492454529,191,328,255,485,64,157
665,22.93103448275862,player,unknown,0.5901601314544678,447,269,541,408,94,139
665,22.93103448275862,player,team_3,0.5593218803405762,446,269,508,408,62,139
665,22.93103448275862,player,unknown,0.521557629108429,448,453,495,598,47,145
666,22.96551724137931,player,team_4,0.6872682571411133,609,305,656,438,47,133
666,22.96551724137931,player,team_3,0.6264727711677551,190,337,255,487,65,150
666,22.96551724137931,player,team_1,0.5861555337905884,47,356,91,520,44,164
666,22.96551724137931,player,team_3,0.5171526670455933,440,271,495,405,55,134
667,23.0,player,team_3,0.7296724319458008,188,339,257,488,69,149
667,23.0,player,team_4,0.6831694841384888,611,303,660,436,49,133
667,23.0,player,unknown,0.6160449981689453,431,275,483,406,52,131
667,23.0,player,unknown,0.569835901260376,445,453,487,614,42,161
667,23.0,player,team_1,0.5604328513145447,43,354,87,520,44,166
668,23.03448275862069,player,team_3,0.7685388922691345,187,341,258,488,71,147
668,23.03448275862069,player,unknown,0.6867709755897522,425,276,476,406,51,130
668,23.03448275862069,player,team_4,0.6478455662727356,614,298,662,433,48,135
668,23.03448275862069,player,unknown,0.5923435091972351,440,453,484,617,44,164
669,23.06896551724138,player,team_3,0.6964823007583618,184,343,259,490,75,147
669,23.06896551724138,player,unknown,0.6961123943328857,414,276,468,410,54,134
669,23.06896551724138,player,team_4,0.6300583481788635,616,293,664,427,48,134
669,23.06896551724138,player,team_2,0.5750983953475952,718,344,782,501,64,157
669,23.06896551724138,player,team_1,0.5115270614624023,428,453,482,617,54,164
670,23.103448275862068,player,team_2,0.7471106052398682,183,349,262,491,79,142
670,23.103448275862068,player,team_3,0.6488768458366394,413,455,484,617,71,162
670,23.103448275862068,player,team_2,0.6337602734565735,710,348,783,508,73,160
670,23.103448275862068,player,team_4,0.5883380770683289,619,292,668,428,49,136
670,23.103448275862068,player,unknown,0.5084743499755859,412,277,472,403,60,126
671,23.137931034482758,player,team_2,0.646574079990387,181,353,263,492,82,139
671,23.137931034482758,player,team_3,0.6240735650062561,407,456,485,619,78,163
671,23.137931034482758,player,unknown,0.604644775390625,406,276,472,401,66,125
671,23.137931034482758,player,team_4,0.5697660446166992,624,289,670,419,46,130
671,23.137931034482758,player,team_3,0.505893349647522,714,350,786,507,72,157
672,23.17241379310345,player,team_3,0.6857603192329407,405,457,486,617,81,160
672,23.17241379310345,player,team_3,0.6479515433311462,178,354,264,494,86,140
672,23.17241379310345,player,team_4,0.5865644812583923,624,288,672,419,48,131
672,23.17241379310345,player,team_1,0.5204087495803833,12,353,72,518,60,165
673,23.20689655172414,player,team_3,0.664360761642456,178,358,264,495,86,137
673,23.20689655172414,player,team_3,0.6222280859947205,411,457,486,614,75,157
673,23.20689655172414,player,team_4,0.599461019039154,630,287,675,414,45,127
673,23.20689655172414,player,unknown,0.5670351982116699,381,270,472,407,91,137
673,23.20689655172414,player,team_4,0.500688374042511,143,208,208,335,65,127
674,23.24137931034483,player,team_3,0.6141115427017212,413,456,485,611,72,155
674,23.24137931034483,player,team_3,0.5763373374938965,176,359,263,494,87,135
674,23.24137931034483,player,unknown,0.5199477076530457,378,263,471,407,93,144
675,23.275862068965516,player,team_3,0.5722162127494812,416,456,486,614,70,158
675,23.275862068965516,player,team_3,0.5393954515457153,717,359,791,506,74,147
676,23.310344827586206,player,team_3,0.5631594657897949,415,456,483,618,68,162
677,23.344827586206897,player,team_3,0.6071985363960266,414,455,480,614,66,159
678,23.379310344827587,player,team_1,0.7194821834564209,111,198,195,345,84,147
678,23.379310344827587,player,team_3,0.6246477365493774,165,365,240,493,75,128
679,23.413793103448278,player,team_3,0.7187207341194153,161,364,237,493,76,129
679,23.413793103448278,player,team_1,0.6645231246948242,109,196,184,343,75,147
679,23.413793103448278,player,team_3,0.504873514175415,720,358,779,511,59,153
680,23.448275862068964,player,team_3,0.7266895771026611,159,362,241,492,82,130
680,23.448275862068964,player,team_2,0.5280916690826416,720,359,774,507,54,148
680,23.448275862068964,player,team_3,0.5195608139038086,345,274,391,416,46,142
680,23.448275862068964,player,team_1,0.5085587501525879,0,350,78,515,78,165
681,23.482758620689655,player,team_3,0.7757411003112793,155,362,246,495,91,133
681,23.482758620689655,player,team_2,0.667076587677002,718,359,773,510,55,151
681,23.482758620689655,player,team_2,0.5496968626976013,404,454,456,614,52,160
681,23.482758620689655,player,team_1,0.5166066884994507,0,350,79,511,79,161
681,23.482758620689655,player,team_3,0.5097569823265076,343,275,390,417,47,142
682,23.517241379310345,player,team_3,0.7931748628616333,152,362,250,500,98,138
682,23.517241379310345,player,team_2,0.6689879298210144,714,359,773,511,59,152
682,23.517241379310345,player,team_2,0.6355796456336975,609,338,703,475,94,137
683,23.551724137931036,player,team_3,0.8440533876419067,149,361,250,502,101,141
683,23.551724137931036,player,team_2,0.7231705784797668,713,359,778,511,65,152
683,23.551724137931036,player,team_1,0.6904156804084778,0,345,67,500,67,155
683,23.551724137931036,player,team_3,0.6801663041114807,323,273,377,394,54,121
683,23.551724137931036,player,team_2,0.6415591835975647,398,456,466,614,68,158
684,23.586206896551722,player,team_3,0.8738818764686584,143,362,252,504,109,142
684,23.586206896551722,player,team_3,0.7316164970397949,712,358,784,512,72,154
684,23.586206896551722,player,team_1,0.6809424161911011,0,342,65,500,65,158
684,23.586206896551722,player,unknown,0.6321141719818115,321,273,388,411,67,138
684,23.586206896551722,player,team_3,0.595723569393158,395,457,470,612,75,155
684,23.586206896551722,player,team_2,0.5499442219734192,593,344,650,481,57,137
685,23.620689655172413,player,team_3,0.8586480021476746,141,363,255,505,114,142
685,23.620689655172413,player,unknown,0.8128126859664917,314,272,394,414,80,142
685,23.620689655172413,player,team_3,0.7228801846504211,710,353,789,514,79,161
685,23.620689655172413,player,team_1,0.6183791756629944,395,457,474,618,79,161
685,23.620689655172413,player,team_2,0.5170974135398865,594,348,639,483,45,135
686,23.655172413793103,player,team_3,0.8642522692680359,139,363,253,508,114,145
686,23.655172413793103,player,unknown,0.7739253044128418,309,271,389,413,80,142
686,23.655172413793103,player,team_2,0.7253054976463318,711,359,794,514,83,155
686,23.655172413793103,player,team_3,0.514712929725647,81,219,155,341,74,122
687,23.689655172413794,player,team_3,0.7003827691078186,568,346,636,488,68,142
687,23.689655172413794,player,unknown,0.6698908805847168,304,271,389,417,85,146
687,23.689655172413794,player,team_3,0.6671203970909119,137,366,250,508,113,142
687,23.689655172413794,player,team_3,0.6655951738357544,707,365,799,517,92,152
687,23.689655172413794,player,team_3,0.5842083692550659,136,366,211,509,75,143
688,23.724137931034484,player,team_3,0.6636288166046143,706,367,805,520,99,153
688,23.724137931034484,player,team_2,0.6386838555335999,573,347,642,487,69,140
688,23.724137931034484,player,team_3,0.6219576597213745,137,368,205,507,68,139
688,23.724137931034484,player,team_3,0.5570369958877563,76,213,136,342,60,129
688,23.724137931034484,player,team_1,0.5353550910949707,298,273,350,419,52,146
688,23.724137931034484,player,team_3,0.5216524004936218,139,369,247,507,108,138
689,23.75862068965517,player,team_3,0.6923278570175171,708,370,808,523,100,153
689,23.75862068965517,player,team_2,0.6417016983032227,574,347,642,487,68,140
689,23.75862068965517,player,unknown,0.5765211582183838,78,212,127,346,49,134
689,23.75862068965517,player,unknown,0.5439563989639282,283,273,347,419,64,146
689,23.75862068965517,player,team_3,0.5166711807250977,136,369,208,508,72,139
690,23.79310344827586,player,team_3,0.6883295774459839,705,369,810,523,105,154
690,23.79310344827586,player,team_2,0.6157051920890808,565,346,644,485,79,139
690,23.79310344827586,player,unknown,0.5718721747398376,276,274,386,418,110,144
690,23.79310344827586,player,team_3,0.5103562474250793,134,371,223,505,89,134
691,23.82758620689655,player,team_3,0.6156163811683655,708,366,811,522,103,156
691,23.82758620689655,player,unknown,0.6135613918304443,275,275,334,422,59,147
691,23.82758620689655,player,team_3,0.5834957361221313,686,255,745,364,59,109
691,23.82758620689655,player,team_3,0.5189013481140137,134,372,220,506,86,134
692,23.862068965517242,player,team_3,0.666051983833313,135,371,223,507,88,136
692,23.862068965517242,player,unknown,0.5545964241027832,552,343,602,488,50,145
692,23.862068965517242,player,team_3,0.5425152778625488,283,276,329,422,46,146
692,23.862068965517242,player,team_2,0.5195712447166443,689,254,744,360,55,106
693,23.896551724137932,player,team_3,0.7162203788757324,134,371,227,514,93,143
693,23.896551724137932,player,team_3,0.6561650037765503,280,277,322,421,42,144
693,23.896551724137932,player,team_1,0.5708867907524109,393,455,446,598,53,143
693,23.896551724137932,player,team_2,0.509117066860199,712,386,776,526,64,140
693,23.896551724137932,player,team_3,0.5037792325019836,687,253,744,360,57,107
694,23.93103448275862,player,team_3,0.7740744948387146,133,371,232,520,99,149
694,23.93103448275862,player,team_2,0.603931188583374,686,252,747,359,61,107
694,23.93103448275862,player,unknown,0.5448189973831177,273,277,337,422,64,145
694,23.93103448275862,player,team_1,0.5420576930046082,393,457,453,595,60,138
694,23.93103448275862,player,unknown,0.5205693244934082,531,348,586,486,55,138
695,23.96551724137931,player,team_3,0.7351073026657104,131,372,235,511,104,139
695,23.96551724137931,player,team_3,0.5432597994804382,687,252,746,353,59,101
697,24.03448275862069,player,unknown,0.6520804166793823,258,274,339,419,81,145
697,24.03448275862069,player,team_3,0.5835589170455933,680,252,762,356,82,104
698,24.06896551724138,player,team_3,0.7220730185508728,679,249,768,356,89,107
698,24.06896551724138,player,team_3,0.5899420380592346,715,385,792,524,77,139
699,24.103448275862068,player,unknown,0.7505685687065125,254,271,345,419,91,148
699,24.103448275862068,player,team_3,0.535768985748291,716,384,795,527,79,143
699,24.103448275862068,player,team_3,0.5293861031532288,680,248,769,353,89,105
700,24.137931034482758,player,unknown,0.7939879298210144,251,272,347,417,96,145
700,24.137931034482758,player,team_2,0.6484639644622803,719,380,799,531,80,151
701,24.17241379310345,player,unknown,0.8448857069015503,248,271,348,417,100,146
701,24.17241379310345,player,team_2,0.6341774463653564,718,381,802,533,84,152
701,24.17241379310345,player,team_3,0.5365538597106934,680,244,778,347,98,103
702,24.20689655172414,player,unknown,0.7798818945884705,243,273,348,416,105,143
704,24.275862068965516,player,unknown,0.6176578998565674,243,273,340,418,97,145
705,24.310344827586206,player,unknown,0.5729407668113708,489,357,538,457,49,100
705,24.310344827586206,player,team_1,0.5060402750968933,240,274,288,423,48,149
706,24.344827586206897,player,unknown,0.5692353844642639,484,359,538,461,54,102
706,24.344827586206897,player,team_1,0.5679198503494263,241,276,283,417,42,141
707,24.379310344827587,player,team_3,0.656950831413269,693,238,761,343,68,105
707,24.379310344827587,player,team_2,0.5442869663238525,240,276,282,389,42,113
707,24.379310344827587,player,team_1,0.5054799318313599,388,452,441,579,53,127
708,24.413793103448278,player,team_3,0.6800311207771301,691,238,767,340,76,102
708,24.413793103448278,player,team_3,0.6067784428596497,235,277,282,393,47,116
708,24.413793103448278,player,team_3,0.5796730518341064,694,239,746,322,52,83
708,24.413793103448278,player,team_3,0.5702883005142212,478,366,516,506,38,140
708,24.413793103448278,player,team_1,0.5248097777366638,387,453,440,587,53,134
709,24.448275862068964,player,team_3,0.7300658226013184,694,237,773,341,79,104
709,24.448275862068964,player,team_3,0.5116305351257324,473,368,512,504,39,136
709,24.448275862068964,player,team_3,0.5020671486854553,233,276,286,395,53,119
710,24.482758620689655,player,team_3,0.5902436971664429,699,231,778,338,79,107
710,24.482758620689655,player,team_2,0.5380502939224243,730,392,794,526,64,134
710,24.482758620689655,player,team_1,0.5111036896705627,387,457,442,613,55,156
711,24.517241379310345,player,team_2,0.7497107982635498,732,389,805,543,73,154
711,24.517241379310345,player,team_1,0.7047159671783447,389,459,443,599,54,140
711,24.517241379310345,player,team_2,0.5577108263969421,1067,247,1137,383,70,136
711,24.517241379310345,player,team_1,0.5513649582862854,115,277,160,407,45,130
712,24.551724137931036,player,team_1,0.6193403005599976,390,463,450,613,60,150
712,24.551724137931036,player,team_2,0.5841358304023743,1073,245,1142,382,69,137
712,24.551724137931036,player,team_1,0.5725837349891663,123,272,168,422,45,150
712,24.551724137931036,player,team_2,0.520675539970398,732,390,809,535,77,145
713,24.586206896551722,player,team_3,0.6286336183547974,733,390,808,517,75,127
713,24.586206896551722,player,team_3,0.6032893061637878,386,466,459,616,73,150
713,24.586206896551722,player,team_2,0.5777807831764221,700,226,746,335,46,109
714,24.620689655172413,player,team_3,0.7082971334457397,388,468,470,614,82,146
714,24.620689655172413,player,team_3,0.5347996950149536,732,390,809,544,77,154
715,24.655172413793103,player,team_3,0.7473726868629456,387,469,478,615,91,146
715,24.655172413793103,player,unknown,0.5625166296958923,449,359,503,504,54,145
715,24.655172413793103,player,team_4,0.5467715859413147,916,181,976,276,60,95
715,24.655172413793103,player,team_1,0.520142674446106,148,276,189,398,41,122
716,24.689655172413794,player,team_3,0.6701979041099548,708,230,752,335,44,105
716,24.689655172413794,player,team_4,0.6103767156600952,918,189,981,277,63,88
716,24.689655172413794,player,team_2,0.5674992203712463,234,277,283,392,49,115
717,24.724137931034484,player,team_3,0.6834349036216736,710,229,760,334,50,105
717,24.724137931034484,player,team_2,0.5582069754600525,740,398,789,545,49,147
717,24.724137931034484,player,team_2,0.5062759518623352,237,279,281,390,44,111
718,24.75862068965517,player,team_3,0.7245178818702698,713,228,768,335,55,107
718,24.75862068965517,player,team_2,0.6816303133964539,741,402,789,547,48,145
718,24.75862068965517,player,team_1,0.6622081398963928,66,214,118,338,52,124
718,24.75862068965517,player,team_2,0.5454137325286865,238,281,281,395,43,114
719,24.79310344827586,player,unknown,0.7097233533859253,741,404,792,520,51,116
719,24.79310344827586,player,team_3,0.6431719064712524,715,226,777,334,62,108
719,24.79310344827586,player,team_1,0.6264550685882568,74,214,115,338,41,124
719,24.79310344827586,player,team_1,0.5900421738624573,181,270,227,389,46,119
719,24.79310344827586,player,team_2,0.5681573152542114,233,278,278,376,45,98
719,24.79310344827586,player,team_3,0.5484670400619507,448,368,489,507,41,139
720,24.82758620689655,player,unknown,0.6683048605918884,745,404,794,516,49,112
720,24.82758620689655,player,team_1,0.5384747385978699,190,265,230,383,40,118
720,24.82758620689655,player,team_3,0.5315983891487122,392,469,446,597,54,128
720,24.82758620689655,player,team_3,0.5201665163040161,445,370,487,502,42,132
720,24.82758620689655,player,team_2,0.5087012648582458,414,173,454,251,40,78
720,24.82758620689655,player,team_2,0.5060507655143738,236,275,279,380,43,105
720,24.82758620689655,player,team_3,0.5030811429023743,710,221,781,332,71,111
721,24.862068965517242,player,unknown,0.6935884952545166,738,404,795,511,57,107
721,24.862068965517242,player,team_3,0.6048222780227661,716,221,790,334,74,113
721,24.862068965517242,player,team_1,0.5282197594642639,76,219,123,336,47,117
721,24.862068965517242,player,team_1,0.5260570645332336,198,263,246,382,48,119
722,24.896551724137932,player,unknown,0.7310693264007568,740,400,799,517,59,117
722,24.896551724137932,player,team_2,0.6302992105484009,1148,243,1200,384,52,141
722,24.896551724137932,player,unknown,0.5880955457687378,444,370,485,472,41,102
722,24.896551724137932,player,team_4,0.5598132014274597,72,210,129,334,57,124
723,24.93103448275862,player,team_2,0.7344862818717957,749,399,804,527,55,128
723,24.93103448275862,player,team_2,0.723888635635376,1151,237,1210,384,59,147
723,24.93103448275862,player,unknown,0.5962743163108826,444,368,505,507,61,139
723,24.93103448275862,player,team_4,0.546616792678833,924,182,982,274,58,92
723,24.93103448275862,player,team_3,0.5315089821815491,396,462,476,601,80,139
724,24.96551724137931,player,team_2,0.7296507358551025,1156,239,1217,384,61,145
724,24.96551724137931,player,team_3,0.5443382859230042,747,396,821,557,74,161
724,24.96551724137931,player,team_3,0.5388528108596802,394,459,481,595,87,136
724,24.96551724137931,player,team_4,0.5215767621994019,80,208,150,333,70,125
725,25.0,player,team_3,0.734556257724762,1160,249,1226,383,66,134
725,25.0,player,team_3,0.6495475769042969,398,457,488,596,90,139
725,25.0,player,team_3,0.568569540977478,749,397,810,539,61,142
725,25.0,player,team_4,0.5134922862052917,83,210,159,332,76,122
726,25.03448275862069,player,team_3,0.6605613231658936,748,399,815,544,67,145
726,25.03448275862069,player,team_3,0.6347929239273071,1168,252,1243,386,75,134
726,25.03448275862069,player,team_3,0.5365069508552551,402,458,494,602,92,144
726,25.03448275862069,player,team_3,0.5226027965545654,87,204,161,334,74,130
727,25.06896551724138,player,team_3,0.617192268371582,1174,256,1255,386,81,130
727,25.06896551724138,player,team_3,0.5803318619728088,755,400,816,545,61,145
727,25.06896551724138,player,team_4,0.5619544982910156,94,207,152,334,58,127
727,25.06896551724138,player,team_3,0.5316986441612244,734,230,793,332,59,102
728,25.103448275862068,player,team_4,0.7314255237579346,104,208,157,333,53,125
728,25.103448275862068,player,team_3,0.6411908864974976,108,385,196,544,88,159
728,25.103448275862068,player,team_3,0.529410183429718,760,404,818,548,58,144
729,25.137931034482758,player,team_1,0.8015923500061035,59,308,129,475,70,167
729,25.137931034482758,player,team_1,0.7262644171714783,419,176,466,316,47,140
729,25.137931034482758,player,team_3,0.6624473929405212,612,218,700,355,88,137
729,25.137931034482758,player,team_3,0.6236202120780945,861,193,927,325,66,132
730,25.17241379310345,player,team_1,0.8139679431915283,71,307,133,474,62,167
730,25.17241379310345,player,team_1,0.7246236801147461,424,177,473,314,49,137
730,25.17241379310345,player,team_3,0.6390485167503357,866,195,929,327,63,132
730,25.17241379310345,player,team_3,0.5229350924491882,608,214,702,357,94,143
731,25.20689655172414,player,team_1,0.7787299156188965,83,308,141,474,58,166
731,25.20689655172414,player,team_1,0.7694948315620422,432,184,478,317,46,133
731,25.20689655172414,player,team_3,0.678057074546814,876,196,937,327,61,131
731,25.20689655172414,player,team_3,0.6648170948028564,630,212,703,354,73,142
732,25.24137931034483,player,team_1,0.7649145126342773,94,308,151,473,57,165
732,25.24137931034483,player,team_3,0.7416750192642212,434,185,482,315,48,130
732,25.24137931034483,player,team_3,0.7046385407447815,881,197,940,328,59,131
732,25.24137931034483,player,team_2,0.5742800235748291,295,124,350,255,55,131
732,25.24137931034483,player,team_3,0.528068482875824,536,212,604,357,68,145
733,25.275862068965516,player,team_1,0.8157957792282104,104,307,163,474,59,167
733,25.275862068965516,player,team_3,0.7226122617721558,437,182,486,313,49,131
733,25.275862068965516,player,team_3,0.6783241033554077,882,198,941,329,59,131
733,25.275862068965516,player,team_3,0.6443182229995728,542,213,611,355,69,142
734,25.310344827586206,player,team_1,0.7994986176490784,115,307,172,472,57,165
734,25.310344827586206,player,team_3,0.6454260349273682,443,185,495,315,52,130
734,25.310344827586206,player,team_3,0.6235836148262024,881,199,950,333,69,134
734,25.310344827586206,player,team_1,0.5753118991851807,313,119,370,252,57,133
734,25.310344827586206,player,unknown,0.5548313856124878,299,445,362,594,63,149
735,25.344827586206897,player,team_1,0.7621229887008667,125,306,180,473,55,167
735,25.344827586206897,player,team_3,0.682935357093811,445,186,499,318,54,132
735,25.344827586206897,player,team_3,0.6608610153198242,885,204,951,343,66,139
735,25.344827586206897,player,unknown,0.5185250043869019,305,441,366,595,61,154
736,25.379310344827587,player,team_1,0.7783677577972412,136,305,191,471,55,166
736,25.379310344827587,player,team_3,0.7235532999038696,886,209,955,346,69,137
736,25.379310344827587,player,team_3,0.6791471242904663,443,192,508,335,65,143
736,25.379310344827587,player,team_1,0.6310168504714966,328,121,383,252,55,131
736,25.379310344827587,player,unknown,0.5499119162559509,309,440,371,589,62,149
736,25.379310344827587,player,team_3,0.5485263466835022,627,210,725,358,98,148
737,25.413793103448278,player,team_1,0.8329394459724426,143,305,199,472,56,167
737,25.413793103448278,player,team_3,0.7369974851608276,882,218,957,350,75,132
737,25.413793103448278,player,team_3,0.7351206541061401,642,209,729,354,87,145
737,25.413793103448278,player,team_3,0.7314949035644531,449,193,514,339,65,146
737,25.413793103448278,player,unknown,0.6027153134346008,314,438,374,586,60,148
737,25.413793103448278,player,team_1,0.5757108330726624,338,118,389,254,51,136
737,25.413793103448278,player,team_3,0.5637755393981934,524,214,622,360,98,146
738,25.448275862068964,player,team_1,0.7910475730895996,153,304,207,470,54,166
738,25.448275862068964,player,team_3,0.736821174621582,650,205,733,356,83,151
738,25.448275862068964,player,team_3,0.7139729261398315,451,191,519,344,68,153
738,25.448275862068964,player,team_3,0.7073278427124023,879,225,959,357,80,132
738,25.448275862068964,player,team_1,0.5794108510017395,343,114,398,252,55,138
739,25.482758620689655,player,team_1,0.7674807906150818,159,304,213,471,54,167
739,25.482758620689655,player,team_3,0.7513705492019653,658,207,737,366,79,159
739,25.482758620689655,player,team_3,0.6178789734840393,459,196,523,346,64,150
739,25.482758620689655,player,unknown,0.6063261032104492,321,436,382,582,61,146
739,25.482758620689655,player,team_3,0.6011874675750732,881,229,954,362,73,133
739,25.482758620689655,player,team_3,0.5300105810165405,559,212,621,364,62,152
740,25.517241379310345,player,team_1,0.7621747851371765,167,304,223,470,56,166
740,25.517241379310345,player,team_3,0.7333082556724548,670,209,744,386,74,177
740,25.517241379310345,player,team_3,0.6925196051597595,554,212,619,361,65,149
740,25.517241379310345,player,team_3,0.6419180631637573,461,202,527,347,66,145
740,25.517241379310345,player,unknown,0.5302919149398804,322,435,387,584,65,149
740,25.517241379310345,player,team_3,0.5263781547546387,885,232,952,364,67,132
740,25.517241379310345,player,team_1,0.5211824178695679,356,114,410,249,54,135
741,25.551724137931036,player,team_1,0.7847012877464294,172,304,229,470,57,166
741,25.551724137931036,player,team_1,0.7152943015098572,556,212,621,362,65,150
741,25.551724137931036,player,team_3,0.672202467918396,470,205,529,347,59,142
741,25.551724137931036,player,team_3,0.6552610397338867,886,241,947,362,61,121
741,25.551724137931036,player,unknown,0.5783969759941101,325,434,391,587,66,153
741,25.551724137931036,player,team_1,0.5104150772094727,364,108,415,249,51,141
742,25.586206896551722,player,team_1,0.7876437306404114,178,305,236,470,58,165
742,25.586206896551722,player,team_3,0.72910076379776,556,209,627,362,71,153
742,25.586206896551722,player,team_3,0.7052369713783264,683,206,762,392,79,186
742,25.586206896551722,player,team_1,0.7041096091270447,478,208,533,347,55,139
742,25.586206896551722,player,unknown,0.6571500897407532,329,433,395,595,66,162
742,25.586206896551722,player,team_3,0.6570252776145935,888,240,944,362,56,122
742,25.586206896551722,player,team_1,0.5776903629302979,368,109,421,252,53,143
743,25.620689655172413,player,team_1,0.7603938579559326,560,208,634,363,74,155
743,25.620689655172413,player,team_1,0.7479170560836792,184,302,243,470,59,168
743,25.620689655172413,player,team_1,0.7228723764419556,482,207,538,345,56,138
743,25.620689655172413,player,team_2,0.6090313196182251,376,114,428,251,52,137
743,25.620689655172413,player,team_3,0.5837981700897217,887,243,946,363,59,120
743,25.620689655172413,player,unknown,0.5774769186973572,333,434,399,588,66,154
744,25.655172413793103,player,team_1,0.7637019753456116,187,303,249,472,62,169
744,25.655172413793103,player,team_3,0.7558692097663879,564,208,644,365,80,157
744,25.655172413793103,player,team_1,0.7212939262390137,487,207,543,346,56,139
744,25.655172413793103,player,team_3,0.6981539130210876,696,246,802,392,106,146
744,25.655172413793103,player,team_2,0.5699689984321594,379,111,431,250,52,139
744,25.655172413793103,player,team_2,0.556284487247467,881,271,949,362,68,91
745,25.689655172413794,player,team_1,0.7783787250518799,193,303,253,471,60,168
745,25.689655172413794,player,team_3,0.7448183298110962,570,210,655,359,85,149
745,25.689655172413794,player,team_1,0.7258293032646179,494,208,547,363,53,155
745,25.689655172413794,player,team_3,0.6372640132904053,874,242,952,364,78,122
746,25.724137931034484,player,team_3,0.8037129640579224,572,208,664,351,92,143
746,25.724137931034484,player,team_1,0.7929595708847046,197,302,258,471,61,169
746,25.724137931034484,player,team_1,0.7345371842384338,498,208,551,370,53,162
746,25.724137931034484,player,team_2,0.5645579695701599,391,106,444,249,53,143
747,25.75862068965517,player,team_1,0.8096758723258972,202,302,262,472,60,170
747,25.75862068965517,player,team_3,0.7151482701301575,571,211,672,354,101,143
747,25.75862068965517,player,team_3,0.6901416182518005,501,209,558,367,57,158
747,25.75862068965517,player,team_1,0.6395604014396667,727,246,791,393,64,147
747,25.75862068965517,player,team_2,0.5832034945487976,395,108,447,249,52,141
747,25.75862068965517,player,team_2,0.5386959910392761,869,229,958,361,89,132
748,25.79310344827586,player,team_1,0.8456863164901733,207,303,267,471,60,168
748,25.79310344827586,player,team_3,0.7187113761901855,575,213,680,356,105,143
748,25.79310344827586,player,team_2,0.6755497455596924,856,226,961,360,105,134
748,25.79310344827586,player,team_1,0.6689902544021606,510,214,563,350,53,136
748,25.79310344827586,player,team_3,0.5817163586616516,731,238,794,393,63,155
749,25.82758620689655,player,team_1,0.8413774371147156,209,303,270,471,61,168
749,25.82758620689655,player,team_1,0.6587184071540833,512,216,568,381,56,165
749,25.82758620689655,player,team_3,0.6540579199790955,579,214,684,358,105,144
749,25.82758620689655,player,team_3,0.5753602385520935,737,234,799,392,62,158
749,25.82758620689655,player,team_3,0.5370516777038574,860,226,961,359,101,133
749,25.82758620689655,player,team_3,0.5031747221946716,403,108,459,248,56,140
750,25.862068965517242,player,team_1,0.79752516746521,214,303,273,471,59,168
750,25.862068965517242,player,team_3,0.7131692171096802,583,214,686,354,103,140
750,25.862068965517242,player,team_3,0.615202009677887,513,220,571,362,58,142
750,25.862068965517242,player,team_1,0.5513461232185364,411,108,459,249,48,141
751,25.896551724137932,player,team_1,0.7827439308166504,218,303,278,471,60,168
751,25.896551724137932,player,team_3,0.7108909487724304,584,212,685,358,101,146
751,25.896551724137932,player,unknown,0.548347532749176,353,434,417,585,64,151
751,25.896551724137932,player,team_3,0.5272977352142334,865,221,951,349,86,128
751,25.896551724137932,player,team_3,0.5193560123443604,740,230,808,390,68,160
751,25.896551724137932,player,team_3,0.5146414041519165,529,225,573,346,44,121
752,25.93103448275862,player,team_1,0.8008885383605957,220,304,281,471,61,167
752,25.93103448275862,player,team_4,0.6113161444664001,892,220,942,345,50,125
752,25.93103448275862,player,team_3,0.6006718277931213,587,211,683,345,96,134
752,25.93103448275862,player,team_3,0.5724430680274963,534,225,578,338,44,113
752,25.93103448275862,player,team_2,0.568177342414856,420,112,473,249,53,137
752,25.93103448275862,player,unknown,0.5632635354995728,354,434,420,592,66,158
752,25.93103448275862,player,team_3,0.5580510497093201,745,223,811,386,66,163
753,25.96551724137931,player,team_1,0.8158050179481506,224,306,286,471,62,165
753,25.96551724137931,player,team_3,0.7037141919136047,716,222,816,384,100,162
753,25.96551724137931,player,team_3,0.6557852625846863,591,211,680,349,89,138
753,25.96551724137931,player,unknown,0.5841609835624695,356,435,423,599,67,164
753,25.96551724137931,player,team_3,0.5780860185623169,870,211,938,341,68,130
753,25.96551724137931,player,team_3,0.5625187158584595,540,227,583,357,43,130
754,26.0,player,team_3,0.8439041376113892,720,220,824,384,104,164
754,26.0,player,team_1,0.8250621557235718,226,306,289,471,63,165
754,26.0,player,team_3,0.7144463062286377,873,216,937,343,64,127
754,26.0,player,unknown,0.5891759991645813,356,436,426,600,70,164
755,26.03448275862069,player,team_1,0.807748019695282,230,306,294,473,64,167
755,26.03448275862069,player,team_3,0.7965370416641235,716,223,835,385,119,162
755,26.03448275862069,player,team_3,0.7472107410430908,872,216,938,345,66,129
755,26.03448275862069,player,unknown,0.5637019872665405,357,438,428,580,71,142
755,26.03448275862069,player,team_2,0.5300418734550476,431,110,491,251,60,141
755,26.03448275862069,player,unknown,0.5167672634124756,1189,125,1256,260,67,135
755,26.03448275862069,player,team_3,0.5109352469444275,545,234,603,394,58,160
756,26.06896551724138,player,team_3,0.8402712941169739,234,308,298,472,64,164
756,26.06896551724138,player,team_3,0.7586666941642761,868,212,939,343,71,131
756,26.06896551724138,player,team_3,0.630411684513092,739,227,843,386,104,159
756,26.06896551724138,player,team_2,0.6034689545631409,437,116,497,253,60,137
757,26.103448275862068,player,team_1,0.8314090371131897,236,308,300,473,64,165
757,26.103448275862068,player,team_2,0.7531101703643799,855,214,942,344,87,130
757,26.103448275862068,player,team_3,0.6326517462730408,720,230,845,388,125,158
758,26.137931034482758,player,team_1,0.8311789035797119,240,307,301,474,61,167
758,26.137931034482758,player,team_3,0.7808640599250793,857,219,939,341,82,122
758,26.137931034482758,player,team_3,0.7036201357841492,722,227,847,386,125,159
759,26.17241379310345,player,team_1,0.7795777916908264,246,308,302,473,56,165
759,26.17241379310345,class_32,,0.6949794888496399,488,243,512,259,24,16
759,26.17241379310345,player,team_3,0.678718626499176,726,226,850,383,124,157
759,26.17241379310345,player,team_3,0.6768080592155457,858,218,937,337,79,119
760,26.20689655172414,player,team_1,0.7627640962600708,250,308,303,472,53,164
760,26.20689655172414,player,team_3,0.7093449831008911,733,227,856,384,123,157
760,26.20689655172414,player,team_3,0.6593526601791382,856,214,932,338,76,124
760,26.20689655172414,class_32,,0.6335605978965759,492,244,517,260,25,16
760,26.20689655172414,player,team_2,0.5770424604415894,453,114,517,260,64,146
760,26.20689655172414,player,unknown,0.5647743940353394,365,438,437,584,72,146
761,26.24137931034483,player,team_1,0.7324992418289185,253,308,305,472,52,164
761,26.24137931034483,player,team_3,0.6141826510429382,850,213,927,334,77,121
761,26.24137931034483,class_32,,0.6045231819152832,497,245,520,260,23,15
761,26.24137931034483,player,team_3,0.5628600120544434,735,224,856,382,121,158
761,26.24137931034483,player,unknown,0.5566117763519287,880,577,943,641,63,64
761,26.24137931034483,player,unknown,0.5352225303649902,368,438,438,584,70,146
762,26.275862068965516,player,team_1,0.7265922427177429,256,307,304,473,48,166
762,26.275862068965516,player,team_3,0.6340252757072449,857,212,925,336,68,124
762,26.275862068965516,player,team_3,0.6133114099502563,736,226,861,382,125,156
763,26.310344827586206,player,team_3,0.8234984278678894,740,227,863,383,123,156
763,26.310344827586206,player,team_1,0.68683922290802,258,306,305,474,47,168
763,26.310344827586206,player,team_3,0.6821142435073853,850,199,923,330,73,131
763,26.310344827586206,player,team_3,0.6082201600074768,590,211,713,410,123,199
763,26.310344827586206,player,team_4,0.5942469239234924,46,410,113,562,67,152
763,26.310344827586206,class_32,,0.5755197405815125,504,244,526,259,22,15
763,26.310344827586206,player,team_2,0.5314583778381348,887,578,949,641,62,63
763,26.310344827586206,player,unknown,0.5283132195472717,373,440,440,579,67,139
764,26.344827586206897,class_32,,0.8232572674751282,509,245,531,259,22,14
764,26.344827586206897,player,team_3,0.7564667463302612,740,227,866,381,126,154
764,26.344827586206897,player,team_3,0.6389658451080322,592,211,717,410,125,199
764,26.344827586206897,player,team_1,0.6373370885848999,263,307,306,473,43,166
764,26.344827586206897,player,unknown,0.5518363118171692,376,440,442,581,66,141
764,26.344827586206897,player,team_3,0.5197427868843079,869,196,923,326,54,130
765,26.379310344827587,player,team_3,0.7364972829818726,750,223,865,382,115,159
765,26.379310344827587,player,team_3,0.683305025100708,595,208,719,411,124,203
765,26.379310344827587,player,team_1,0.6452496647834778,267,306,306,472,39,166
765,26.379310344827587,player,unknown,0.6027331352233887,893,578,956,641,63,63
765,26.379310344827587,player,team_3,0.5948964953422546,861,195,922,327,61,132
765,26.379310344827587,player,team_4,0.5607653856277466,1201,334,1279,520,78,186
765,26.379310344827587,player,unknown,0.5069335103034973,380,440,447,583,67,143
766,26.413793103448278,player,team_3,0.6997957229614258,763,223,859,380,96,157
766,26.413793103448278,player,team_1,0.6551387906074524,269,306,310,472,41,166
766,26.413793103448278,player,team_2,0.5957528352737427,61,417,126,569,65,152
766,26.413793103448278,player,team_3,0.5396990180015564,876,194,923,325,47,131
766,26.413793103448278,player,team_2,0.5176030993461609,1177,339,1279,522,102,183
767,26.448275862068964,player,team_1,0.7590871453285217,274,305,313,473,39,168
767,26.448275862068964,player,team_3,0.6781585216522217,866,187,925,321,59,134
767,26.448275862068964,player,team_3,0.6634705662727356,761,223,863,377,102,154
767,26.448275862068964,player,team_2,0.65961092710495,1161,339,1279,521,118,182
767,26.448275862068964,player,team_2,0.6462798118591309,64,419,132,576,68,157
767,26.448275862068964,player,unknown,0.6264913082122803,387,438,453,582,66,144
767,26.448275862068964,player,team_3,0.6186275482177734,600,249,654,410,54,161
768,26.482758620689655,player,team_1,0.7008838057518005,761,221,830,385,69,164
768,26.482758620689655,player,team_1,0.6905430555343628,277,305,317,472,40,167
768,26.482758620689655,player,team_3,0.6496240496635437,601,246,652,411,51,165
768,26.482758620689655,player,team_3,0.6179635524749756,69,422,135,571,66,149
768,26.482758620689655,player,team_3,0.562781572341919,878,191,926,316,48,125
768,26.482758620689655,player,unknown,0.5405125021934509,389,439,455,582,66,143
768,26.482758620689655,player,team_3,0.5038412809371948,1154,340,1258,517,104,177
769,26.517241379310345,player,team_3,0.7348677515983582,281,305,321,472,40,167
769,26.517241379310345,player,team_2,0.7148363590240479,1159,342,1241,518,82,176
769,26.517241379310345,player,team_1,0.6546281576156616,762,219,828,382,66,163
769,26.517241379310345,player,team_2,0.620674729347229,878,183,927,312,49,129
769,26.517241379310345,player,team_1,0.5447335243225098,602,244,649,415,47,171
769,26.517241379310345,player,unknown,0.5342313647270203,393,440,458,581,65,141
770,26.551724137931036,player,team_3,0.7486568093299866,284,305,323,472,39,167
770,26.551724137931036,player,team_1,0.616631269454956,604,243,652,415,48,172
770,26.551724137931036,player,unknown,0.5800382494926453,397,440,462,581,65,141
770,26.551724137931036,player,team_1,0.5674887895584106,762,218,825,386,63,168
770,26.551724137931036,player,team_3,0.5341674089431763,77,430,145,572,68,142
770,26.551724137931036,player,team_4,0.5189022421836853,883,189,928,308,45,119
770,26.551724137931036,player,unknown,0.513088583946228,909,577,975,642,66,65
771,26.586206896551722,player,team_3,0.7428136467933655,286,305,326,470,40,165
771,26.586206896551722,player,team_1,0.6850074529647827,606,243,651,400,45,157
771,26.586206896551722,player,team_4,0.5393779873847961,881,186,931,305,50,119
771,26.586206896551722,player,team_1,0.5205876231193542,764,217,819,393,55,176
772,26.620689655172413,player,team_3,0.7535474300384521,288,304,330,471,42,167
772,26.620689655172413,player,team_1,0.6914710998535156,605,243,652,405,47,162
772,26.620689655172413,player,team_4,0.5534234046936035,880,184,931,303,51,119
772,26.620689655172413,player,team_1,0.549356997013092,765,259,811,378,46,119
773,26.655172413793103,player,team_3,0.7607694864273071,290,303,333,470,43,167
773,26.655172413793103,player,team_1,0.7132622003555298,603,243,654,403,51,160
773,26.655172413793103,player,team_3,0.6679890155792236,1132,336,1206,519,74,183
773,26.655172413793103,player,team_1,0.5299225449562073,756,239,807,378,51,139
773,26.655172413793103,player,team_4,0.5242676734924316,883,182,930,304,47,122
774,26.689655172413794,player,team_3,0.7482479214668274,1118,334,1205,516,87,182
774,26.689655172413794,player,team_3,0.744672417640686,293,302,335,469,42,167
774,26.689655172413794,player,team_3,0.6664139628410339,602,244,658,408,56,164
774,26.689655172413794,player,team_2,0.5339478254318237,814,585,876,639,62,54
774,26.689655172413794,player,team_3,0.5328676104545593,877,180,929,305,52,125
775,26.724137931034484,player,team_3,0.8084227442741394,1096,332,1205,518,109,186
775,26.724137931034484,player,team_3,0.7460910677909851,295,300,337,465,42,165
775,26.724137931034484,player,team_3,0.6782912015914917,602,246,660,407,58,161
775,26.724137931034484,player,team_2,0.5534563064575195,877,179,928,304,51,125
776,26.75862068965517,player,team_3,0.7011557817459106,599,249,665,407,66,158
776,26.75862068965517,player,team_3,0.6760605573654175,297,300,338,465,41,165
776,26.75862068965517,player,team_3,0.5622232556343079,1069,331,1201,517,132,186
776,26.75862068965517,player,unknown,0.536081850528717,877,181,925,301,48,120
776,26.75862068965517,player,team_3,0.5030202865600586,1070,389,1201,517,131,128
777,26.79310344827586,player,team_3,0.6947025656700134,599,251,665,404,66,153
777,26.79310344827586,player,team_3,0.6900033950805664,1050,329,1195,510,145,181
777,26.79310344827586,player,team_3,0.6642696261405945,298,299,339,467,41,168
777,26.79310344827586,player,team_2,0.5162994861602783,875,177,925,300,50,123
778,26.82758620689655,player,team_3,0.673233151435852,598,253,667,401,69,148
778,26.82758620689655,player,team_3,0.6537946462631226,299,299,340,467,41,168
778,26.82758620689655,player,team_3,0.6113163232803345,1039,331,1187,509,148,178
778,26.82758620689655,player,team_3,0.5283108353614807,875,178,922,297,47,119
778,26.82758620689655,player,unknown,0.5140800476074219,415,441,481,576,66,135
779,26.862068965517242,player,team_3,0.694115161895752,598,253,673,401,75,148
779,26.862068965517242,player,team_3,0.6528337001800537,300,297,341,464,41,167
779,26.862068965517242,player,unknown,0.5801383256912231,417,440,482,574,65,134
779,26.862068965517242,player,team_2,0.5648610591888428,874,175,922,293,48,118
780,26.896551724137932,player,team_3,0.7427618503570557,598,251,677,405,79,154
780,26.896551724137932,player,team_3,0.6828776001930237,301,297,342,463,41,166
780,26.896551724137932,player,unknown,0.6551763415336609,418,439,483,574,65,135
780,26.896551724137932,player,team_4,0.6550244092941284,871,175,921,288,50,113
780,26.896551724137932,player,team_3,0.617857813835144,708,207,820,370,112,163
781,26.93103448275862,player,team_3,0.7530180811882019,600,250,679,406,79,156
781,26.93103448275862,player,team_3,0.721754789352417,301,297,343,461,42,164
781,26.93103448275862,player,team_4,0.6349957585334778,870,175,922,286,52,111
781,26.93103448275862,player,team_3,0.5627138614654541,1027,337,1102,511,75,174
781,26.93103448275862,player,unknown,0.5000700354576111,420,439,483,578,63,139
782,26.96551724137931,player,team_3,0.7493133544921875,603,250,675,405,72,155
782,26.96551724137931,player,team_3,0.745236873626709,302,297,343,461,41,164
782,26.96551724137931,player,team_3,0.6970129609107971,1023,335,1105,511,82,176
782,26.96551724137931,player,team_4,0.6585384011268616,873,174,922,285,49,111
782,26.96551724137931,player,team_3,0.5476595163345337,830,585,892,638,62,53
783,27.0,player,team_3,0.7649508118629456,302,296,344,461,42,165
783,27.0,player,team_3,0.7106015682220459,606,249,680,408,74,159
783,27.0,player,team_3,0.6810940504074097,1013,335,1103,510,90,175
783,27.0,player,team_3,0.5662744045257568,831,586,893,639,62,53
783,27.0,player,unknown,0.5293912887573242,878,171,923,284,45,113
784,27.03448275862069,player,team_3,0.7895002365112305,1006,333,1089,510,83,177
784,27.03448275862069,player,team_3,0.763236939907074,303,296,345,462,42,166
784,27.03448275862069,player,team_3,0.6673272252082825,610,251,685,409,75,158
784,27.03448275862069,player,team_3,0.5468199849128723,833,586,894,639,61,53
784,27.03448275862069,player,team_1,0.5101135969161987,698,215,790,368,92,153
785,27.06896551724138,player,team_3,0.8017869591712952,1001,329,1073,510,72,181
785,27.06896551724138,player,team_3,0.7459898591041565,306,296,346,462,40,166
785,27.06896551724138,player,team_1,0.7159411311149597,690,215,772,374,82,159
785,27.06896551724138,player,team_3,0.6463754773139954,612,253,690,413,78,160
785,27.06896551724138,player,team_3,0.5393595695495605,835,586,895,639,60,53
786,27.103448275862068,player,team_2,0.8202943205833435,992,329,1067,509,75,180
786,27.103448275862068,player,team_3,0.733048677444458,308,295,348,462,40,167
786,27.103448275862068,player,team_3,0.605523407459259,618,258,692,418,74,160
786,27.103448275862068,player,team_4,0.5479796528816223,111,424,177,576,66,152
786,27.103448275862068,player,team_1,0.5259091258049011,687,233,759,374,72,141
786,27.103448275862068,player,unknown,0.506440281867981,880,164,922,283,42,119
786,27.103448275862068,player,unknown,0.5043247938156128,426,441,489,580,63,139
787,27.137931034482758,player,team_3,0.8569332361221313,980,325,1064,507,84,182
787,27.137931034482758,player,team_3,0.7471494674682617,310,295,350,463,40,168
787,27.137931034482758,player,team_4,0.5837625861167908,113,425,177,570,64,145
787,27.137931034482758,player,team_3,0.5619909167289734,614,258,690,410,76,152
787,27.137931034482758,player,unknown,0.5150796175003052,427,442,491,578,64,136
788,27.17241379310345,player,team_3,0.8453137278556824,952,327,1059,507,107,180
788,27.17241379310345,player,team_3,0.6915460228919983,310,297,350,462,40,165
788,27.17241379310345,player,team_4,0.6008504033088684,114,417,177,577,63,160
789,27.20689655172414,player,team_3,0.8616940379142761,931,325,1055,509,124,184
789,27.20689655172414,player,team_3,0.7018368244171143,312,298,351,464,39,166
789,27.20689655172414,player,team_3,0.5230768918991089,618,256,717,411,99,155
790,27.24137931034483,player,team_3,0.8570582866668701,916,330,1050,512,134,182
790,27.24137931034483,player,team_3,0.7224641442298889,313,299,353,465,40,166
791,27.275862068965516,player,team_3,0.7372356057167053,904,334,1043,511,139,177
791,27.275862068965516,player,team_3,0.6813985109329224,314,302,354,467,40,165
791,27.275862068965516,player,team_3,0.5235008597373962,620,253,698,417,78,164
792,27.310344827586206,player,team_3,0.7950260043144226,895,337,1029,509,134,172
792,27.310344827586206,player,team_3,0.6690215468406677,313,304,357,468,44,164
792,27.310344827586206,player,team_4,0.5854756236076355,120,407,184,576,64,169
793,27.344827586206897,player,team_3,0.8371305465698242,895,343,1017,510,122,167
793,27.344827586206897,player,team_2,0.6859081387519836,123,406,186,575,63,169
793,27.344827586206897,player,team_3,0.6654120087623596,314,305,354,469,40,164
793,27.344827586206897,player,unknown,0.5084105134010315,437,450,501,585,64,135
794,27.379310344827587,player,team_3,0.7803007364273071,895,343,997,509,102,166
794,27.379310344827587,player,team_3,0.6901151537895203,314,306,354,470,40,164
794,27.379310344827587,player,team_4,0.65082848072052,125,408,188,569,63,161
795,27.413793103448278,player,team_2,0.7856585383415222,900,345,984,511,84,166
795,27.413793103448278,player,team_3,0.710165798664093,316,307,355,471,39,164
795,27.413793103448278,player,team_4,0.6789533495903015,126,406,190,569,64,163
796,27.448275862068964,player,team_3,0.7888133525848389,896,345,970,519,74,174
796,27.448275862068964,player,team_3,0.6940961480140686,316,307,357,471,41,164
796,27.448275862068964,player,team_4,0.6595932245254517,128,405,192,571,64,166
797,27.482758620689655,player,team_3,0.8617895841598511,879,344,957,519,78,175
797,27.482758620689655,player,team_3,0.7020713090896606,317,307,360,470,43,163
797,27.482758620689655,player,team_1,0.6167894005775452,630,265,700,421,70,156
797,27.482758620689655,player,team_4,0.591275691986084,130,404,195,571,65,167
797,27.482758620689655,player,team_4,0.5201308131217957,805,582,861,637,56,55
798,27.517241379310345,player,team_3,0.7863354682922363,870,344,952,521,82,177
798,27.517241379310345,player,team_3,0.7526599764823914,317,306,361,470,44,164
798,27.517241379310345,player,team_1,0.561684787273407,632,267,700,419,68,152
798,27.517241379310345,player,team_4,0.553568959236145,804,582,861,637,57,55
799,27.551724137931036,player,team_3,0.8405588865280151,863,344,945,518,82,174
799,27.551724137931036,player,team_3,0.7269044518470764,318,306,362,471,44,165
799,27.551724137931036,player,team_1,0.6024470925331116,629,267,703,423,74,156
799,27.551724137931036,player,team_4,0.5823496580123901,804,582,862,637,58,55
799,27.551724137931036,player,team_2,0.5213339328765869,605,566,670,637,65,71
800,27.586206896551722,player,team_3,0.870937705039978,850,343,940,522,90,179
800,27.586206896551722,player,team_3,0.6764117479324341,318,306,361,470,43,164
800,27.586206896551722,player,team_1,0.6250447034835815,819,190,901,324,82,134
800,27.586206896551722,player,team_1,0.6120933294296265,631,268,706,422,75,154
800,27.586206896551722,player,team_4,0.5918257236480713,803,582,863,637,60,55
801,27.620689655172413,player,team_3,0.8637491464614868,835,342,935,518,100,176
801,27.620689655172413,player,team_3,0.6993195414543152,629,267,699,419,70,152
801,27.620689655172413,player,team_3,0.5927553176879883,318,306,362,470,44,164
801,27.620689655172413,player,team_1,0.5810924172401428,819,188,903,323,84,135
801,27.620689655172413,player,team_4,0.5550345778465271,803,582,864,637,61,55
802,27.655172413793103,player,team_3,0.8541264533996582,828,341,933,513,105,172
802,27.655172413793103,player,team_3,0.7207646369934082,631,267,697,418,66,151
802,27.655172413793103,player,team_3,0.6717163920402527,318,307,362,469,44,162
802,27.655172413793103,player,team_1,0.6512318849563599,819,195,903,323,84,128
802,27.655172413793103,player,team_4,0.5516275763511658,802,582,865,638,63,56
803,27.689655172413794,player,team_3,0.8452680110931396,818,340,934,512,116,172
803,27.689655172413794,player,team_3,0.7455434799194336,631,265,694,418,63,153
803,27.689655172413794,player,team_3,0.625787615776062,318,306,362,468,44,162
803,27.689655172413794,player,team_1,0.5336112976074219,821,194,903,323,82,129
803,27.689655172413794,player,team_1,0.5094924569129944,566,225,639,373,73,148
804,27.724137931034484,player,team_2,0.8292722702026367,817,340,935,514,118,174
804,27.724137931034484,player,team_3,0.7492915987968445,632,263,694,421,62,158
804,27.724137931034484,player,team_3,0.6167133450508118,319,306,362,468,43,162
805,27.75862068965517,player,team_3,0.8288147449493408,820,339,935,516,115,177
805,27.75862068965517,player,team_3,0.7190419435501099,633,261,692,422,59,161
805,27.75862068965517,player,team_1,0.6453614234924316,559,225,623,385,64,160
805,27.75862068965517,player,team_3,0.5973230004310608,321,306,362,468,41,162
805,27.75862068965517,player,unknown,0.5083391070365906,448,454,512,592,64,138
806,27.79310344827586,player,team_3,0.8597245812416077,815,341,933,518,118,177
806,27.79310344827586,player,team_3,0.7403771877288818,631,259,690,425,59,166
806,27.79310344827586,player,team_2,0.645463228225708,828,198,940,318,112,120
806,27.79310344827586,player,unknown,0.5741041898727417,449,455,514,595,65,140
806,27.79310344827586,player,team_3,0.5652672052383423,322,306,362,468,40,162
806,27.79310344827586,player,team_1,0.5375824570655823,553,225,614,384,61,159
807,27.82758620689655,player,team_3,0.8609259724617004,814,342,932,520,118,178
807,27.82758620689655,player,team_1,0.7518288493156433,630,258,685,426,55,168
807,27.82758620689655,player,team_1,0.5902206897735596,554,221,611,375,57,154
807,27.82758620689655,player,team_3,0.5126132965087891,323,307,361,469,38,162
808,27.862068965517242,player,team_3,0.8460270166397095,813,344,929,521,116,177
808,27.862068965517242,player,team_1,0.7936499714851379,631,258,683,427,52,169
808,27.862068965517242,player,team_1,0.652826189994812,546,221,606,377,60,156
808,27.862068965517242,player,unknown,0.5030748248100281,450,455,516,597,66,142
809,27.896551724137932,player,team_3,0.8631550669670105,811,344,926,521,115,177
809,27.896551724137932,player,team_1,0.816051721572876,630,258,682,428,52,170
809,27.896551724137932,player,team_1,0.629962682723999,540,223,593,375,53,152
809,27.896551724137932,player,team_3,0.5055282115936279,326,307,361,469,35,162
809,27.896551724137932,player,team_4,0.501015841960907,799,584,870,638,71,54
810,27.93103448275862,player,team_3,0.8824701905250549,812,344,916,520,104,176
810,27.93103448275862,player,team_1,0.8074210286140442,627,259,681,428,54,169
810,27.93103448275862,player,team_3,0.7255456447601318,532,220,591,372,59,152
810,27.93103448275862,player,team_2,0.5521270036697388,842,206,952,325,110,119
810,27.93103448275862,player,team_3,0.5520378947257996,326,307,361,470,35,163
810,27.93103448275862,player,team_4,0.5373439192771912,806,584,871,638,65,54
811,27.96551724137931,player,team_3,0.8724363446235657,813,341,912,522,99,181
811,27.96551724137931,player,team_1,0.7869248390197754,623,260,681,429,58,169
811,27.96551724137931,player,team_1,0.7030403017997742,531,219,588,380,57,161
811,27.96551724137931,player,team_2,0.6436548233032227,845,206,957,331,112,125
811,27.96551724137931,player,team_3,0.6215792894363403,325,308,362,470,37,162
811,27.96551724137931,player,team_4,0.5388562679290771,804,584,873,638,69,54
812,28.0,player,team_2,0.8627581596374512,813,340,896,521,83,181
812,28.0,player,team_1,0.8052653074264526,618,261,680,429,62,168
812,28.0,player,team_1,0.7542791962623596,525,221,584,381,59,160
812,28.0,player,team_3,0.6351019144058228,325,308,362,470,37,162
812,28.0,player,team_4,0.5739319920539856,805,584,873,638,68,54
813,28.03448275862069,player,team_2,0.8502168655395508,811,338,885,522,74,184
813,28.03448275862069,player,team_3,0.7811705470085144,615,261,680,429,65,168
813,28.03448275862069,player,team_3,0.6972669363021851,324,308,362,471,38,163
813,28.03448275862069,player,team_1,0.6895005106925964,519,223,579,382,60,159
813,28.03448275862069,player,team_4,0.5847635865211487,807,584,874,638,67,54
814,28.06896551724138,player,team_4,0.8407047390937805,804,336,872,521,68,185
814,28.06896551724138,player,team_1,0.7708953022956848,513,224,574,384,61,160
814,28.06896551724138,player,team_3,0.7619705200195312,611,262,679,428,68,166
814,28.06896551724138,player,team_3,0.7478579878807068,324,308,363,471,39,163
814,28.06896551724138,player,team_4,0.5648786425590515,810,584,873,638,63,54
815,28.103448275862068,player,team_3,0.7947708368301392,798,335,863,523,65,188
815,28.103448275862068,player,team_3,0.76520836353302,609,262,681,432,72,170
815,28.103448275862068,player,team_1,0.7005429267883301,323,308,363,471,40,163
815,28.103448275862068,player,team_1,0.6998862028121948,504,225,568,384,64,159
815,28.103448275862068,player,team_4,0.565194308757782,810,585,874,638,64,53
815,28.103448275862068,player,team_2,0.5003791451454163,182,396,243,568,61,172
816,28.137931034482758,player,team_2,0.8263332843780518,791,335,860,524,69,189
816,28.137931034482758,player,team_3,0.775851309299469,609,262,681,434,72,172
816,28.137931034482758,player,team_1,0.7049551606178284,495,225,562,384,67,159
816,28.137931034482758,player,team_1,0.6453274488449097,323,309,363,472,40,163
816,28.137931034482758,player,team_4,0.5695580244064331,810,585,875,638,65,53
817,28.17241379310345,player,team_3,0.8471019864082336,785,335,858,525,73,190
817,28.17241379310345,player,team_3,0.7856006026268005,610,261,681,436,71,175
817,28.17241379310345,player,team_3,0.7157686948776245,479,223,557,387,78,164
817,28.17241379310345,player,team_3,0.6680378913879395,323,309,363,472,40,163
817,28.17241379310345,player,team_4,0.5811209678649902,810,586,876,638,66,52
818,28.20689655172414,player,team_3,0.8079636096954346,777,336,860,528,83,192
818,28.20689655172414,player,team_3,0.775284469127655,610,261,678,434,68,173
818,28.20689655172414,player,team_3,0.755254328250885,462,227,550,388,88,161
818,28.20689655172414,player,team_1,0.6124995946884155,323,308,363,472,40,164
818,28.20689655172414,player,team_4,0.5762474536895752,810,586,875,639,65,53
819,28.24137931034483,player,team_2,0.8097409605979919,772,338,859,529,87,191
819,28.24137931034483,player,team_1,0.7812011241912842,611,261,676,433,65,172
819,28.24137931034483,player,team_3,0.7249696850776672,454,226,545,391,91,165
819,28.24137931034483,player,team_1,0.6260876655578613,323,308,364,472,41,164
819,28.24137931034483,player,team_4,0.5965242385864258,811,586,875,638,64,52
820,28.275862068965516,player,team_3,0.827897846698761,449,223,546,392,97,169
820,28.275862068965516,player,team_1,0.7939435243606567,612,260,677,431,65,171
820,28.275862068965516,player,team_3,0.7829424142837524,766,343,858,531,92,188
820,28.275862068965516,player,team_1,0.6270859837532043,324,308,364,472,40,164
820,28.275862068965516,player,team_2,0.6236793994903564,812,586,876,638,64,52
821,28.310344827586206,player,team_3,0.786453902721405,447,224,544,394,97,170
821,28.310344827586206,player,team_3,0.784295380115509,613,260,679,431,66,171
821,28.310344827586206,player,team_3,0.7591670155525208,761,346,840,533,79,187
821,28.310344827586206,player,team_2,0.657436192035675,812,586,876,638,64,52
821,28.310344827586206,player,team_1,0.6259632110595703,324,308,365,472,41,164
822,28.344827586206897,player,team_3,0.7938624620437622,756,349,833,536,77,187
822,28.344827586206897,player,team_3,0.793428361415863,613,260,678,431,65,171
822,28.344827586206897,player,team_2,0.675966203212738,814,586,876,638,62,52
822,28.344827586206897,player,team_1,0.6501170992851257,325,308,366,471,41,163
822,28.344827586206897,player,team_3,0.6224898099899292,448,241,540,394,92,153
822,28.344827586206897,player,team_2,0.5831761360168457,197,400,254,559,57,159
823,28.379310344827587,player,team_3,0.8233228921890259,751,352,831,536,80,184
823,28.379310344827587,player,team_3,0.7958489060401917,613,261,680,432,67,171
823,28.379310344827587,player,team_2,0.6678103804588318,814,586,877,637,63,51
823,28.379310344827587,player,team_1,0.5842881798744202,450,276,539,394,89,118
823,28.379310344827587,player,team_1,0.5558619499206543,326,308,367,471,41,163
823,28.379310344827587,player,team_1,0.5479851961135864,532,148,611,265,79,117
823,28.379310344827587,player,team_2,0.5275852680206299,200,397,255,558,55,161
824,28.413793103448278,player,team_3,0.8723717331886292,745,355,832,537,87,182
824,28.413793103448278,player,team_1,0.7984066009521484,614,261,679,433,65,172
824,28.413793103448278,player,team_3,0.6781134605407715,449,224,538,394,89,170
824,28.413793103448278,player,team_4,0.6622111201286316,815,585,878,637,63,52
824,28.413793103448278,player,team_1,0.618958055973053,528,151,592,264,64,113
824,28.413793103448278,player,team_1,0.5620080232620239,326,307,367,471,41,164
824,28.413793103448278,player,team_2,0.5485432744026184,201,395,259,550,58,155
825,28.448275862068964,player,team_3,0.8652227520942688,741,358,830,540,89,182
825,28.448275862068964,player,team_1,0.8029505014419556,615,261,679,434,64,173
825,28.448275862068964,player,team_1,0.7276829481124878,451,225,533,394,82,169
825,28.448275862068964,player,team_2,0.6419126391410828,815,585,878,637,63,52
825,28.448275862068964,player,team_3,0.6278616786003113,326,307,371,471,45,164
825,28.448275862068964,player,team_2,0.5926203727722168,203,395,263,550,60,155
825,28.448275862068964,player,team_1,0.5656605362892151,523,144,581,264,58,120
826,28.482758620689655,player,team_2,0.8706315159797668,742,361,827,543,85,182
826,28.482758620689655,player,team_1,0.7935197949409485,616,262,679,435,63,173
826,28.482758620689655,player,team_1,0.7499825954437256,452,228,533,393,81,165
826,28.482758620689655,player,team_2,0.6149843335151672,206,396,266,550,60,154
826,28.482758620689655,player,team_2,0.5584017634391785,816,585,881,637,65,52
826,28.482758620689655,player,team_1,0.5339130759239197,327,307,369,471,42,164
827,28.517241379310345,player,team_2,0.8696943521499634,742,363,827,546,85,183
827,28.517241379310345,player,team_3,0.7860661149024963,618,262,680,433,62,171
827,28.517241379310345,player,team_1,0.6421497464179993,452,230,532,391,80,161
827,28.517241379310345,player,team_2,0.629860520362854,209,396,270,555,61,159
827,28.517241379310345,player,team_2,0.5649102926254272,817,585,883,637,66,52
827,28.517241379310345,player,team_1,0.5278322100639343,329,307,373,471,44,164
828,28.551724137931036,player,team_2,0.8630046248435974,744,364,827,547,83,183
828,28.551724137931036,player,team_3,0.8105189204216003,622,262,681,433,59,171
828,28.551724137931036,player,team_1,0.7745397090911865,451,229,530,392,79,163
828,28.551724137931036,player,team_1,0.6654367446899414,331,308,373,472,42,164
828,28.551724137931036,player,team_2,0.6183235049247742,213,396,273,563,60,167
828,28.551724137931036,player,team_4,0.5490478873252869,818,585,883,637,65,52
829,28.586206896551722,player,team_4,0.853438138961792,746,365,827,545,81,180
829,28.586206896551722,player,team_1,0.8021584153175354,621,263,681,431,60,168
829,28.586206896551722,player,team_1,0.7896971702575684,449,228,531,391,82,163
829,28.586206896551722,player,team_2,0.6765224933624268,214,395,274,559,60,164
829,28.586206896551722,player,team_1,0.6495186686515808,331,308,374,471,43,163
829,28.586206896551722,player,team_4,0.534020721912384,863,200,939,302,76,102
829,28.586206896551722,player,team_4,0.5118054151535034,819,586,884,637,65,51
830,28.620689655172413,player,team_2,0.8204618096351624,746,364,828,545,82,181
830,28.620689655172413,player,team_1,0.7838543653488159,620,263,682,430,62,167
830,28.620689655172413,player,team_1,0.6882030963897705,331,309,376,472,45,163
830,28.620689655172413,player,team_1,0.635405421257019,450,230,536,390,86,160
830,28.620689655172413,player,team_3,0.6317924857139587,214,395,276,567,62,172
830,28.620689655172413,player,team_4,0.5683476328849792,862,197,940,302,78,105
830,28.620689655172413,player,team_2,0.5288775563240051,782,193,894,320,112,127
831,28.655172413793103,player,team_4,0.810502290725708,747,364,829,545,82,181
831,28.655172413793103,player,team_1,0.7757996320724487,620,264,683,430,63,166
831,28.655172413793103,player,team_1,0.7345010042190552,330,310,378,472,48,162
831,28.655172413793103,player,team_2,0.6556729078292847,214,395,282,567,68,172
832,28.689655172413794,player,team_4,0.8123152852058411,747,363,831,545,84,182
832,28.689655172413794,player,team_1,0.7646510601043701,330,310,381,472,51,162
832,28.689655172413794,player,team_1,0.7458915114402771,619,264,686,431,67,167
832,28.689655172413794,player,team_2,0.5633541345596313,215,397,286,561,71,164
832,28.689655172413794,player,team_2,0.500690221786499,821,586,884,637,63,51
833,28.724137931034484,player,team_4,0.8370575308799744,749,362,831,544,82,182
833,28.724137931034484,player,team_1,0.792352020740509,330,311,382,471,52,160
833,28.724137931034484,player,team_1,0.7398796677589417,620,265,687,431,67,166
833,28.724137931034484,player,unknown,0.6281698942184448,872,184,945,305,73,121
833,28.724137931034484,player,team_2,0.5642719864845276,216,399,290,561,74,162
834,28.75862068965517,player,team_4,0.8379439115524292,751,361,831,545,80,184
834,28.75862068965517,player,team_1,0.7749227285385132,330,311,384,471,54,160
834,28.75862068965517,player,team_3,0.7128404974937439,615,266,688,431,73,165
834,28.75862068965517,player,team_4,0.686424732208252,880,173,946,299,66,126
835,28.79310344827586,player,team_4,0.8450784087181091,752,361,831,546,79,185
835,28.79310344827586,player,team_1,0.7990453243255615,330,311,385,471,55,160
835,28.79310344827586,player,team_3,0.6669066548347473,615,267,689,433,74,166
835,28.79310344827586,player,team_4,0.613985538482666,888,176,949,300,61,124
835,28.79310344827586,player,team_2,0.5109953880310059,823,586,888,638,65,52
836,28.82758620689655,player,team_1,0.8115582466125488,330,311,384,472,54,161
836,28.82758620689655,player,team_4,0.8021735548973083,753,360,830,546,77,186
836,28.82758620689655,player,team_1,0.6634023785591125,612,267,689,433,77,166
836,28.82758620689655,player,team_2,0.5909585356712341,225,401,294,565,69,164
836,28.82758620689655,player,team_2,0.5128962397575378,420,222,498,391,78,169
836,28.82758620689655,player,team_4,0.5027835369110107,894,183,950,296,56,113
837,28.862068965517242,player,team_1,0.813291072845459,330,312,385,473,55,161
837,28.862068965517242,player,team_4,0.7805261015892029,753,360,831,546,78,186
837,28.862068965517242,player,team_3,0.6802526116371155,612,267,690,433,78,166
837,28.862068965517242,player,team_4,0.6470663547515869,899,179,951,299,52,120
837,28.862068965517242,player,team_1,0.6321230530738831,767,185,858,314,91,129
837,28.862068965517242,player,team_2,0.5368262529373169,228,401,297,563,69,162
838,28.896551724137932,player,team_1,0.8056821823120117,329,311,386,473,57,162
838,28.896551724137932,player,team_4,0.7869847416877747,755,361,832,546,77,185
838,28.896551724137932,player,team_3,0.7289021015167236,611,266,692,433,81,167
838,28.896551724137932,player,team_4,0.6476118564605713,903,181,952,298,49,117
838,28.896551724137932,player,team_1,0.5145307779312134,767,182,853,315,86,133
839,28.93103448275862,player,team_1,0.7944934368133545,330,311,384,474,54,163
839,28.93103448275862,player,team_3,0.7511937022209167,606,265,693,432,87,167
839,28.93103448275862,player,team_4,0.742252767086029,756,361,833,547,77,186
839,28.93103448275862,player,team_1,0.6992543339729309,762,184,843,315,81,131
839,28.93103448275862,player,team_4,0.5866485834121704,906,180,954,298,48,118
839,28.93103448275862,player,team_2,0.5299146771430969,831,586,892,637,61,51
839,28.93103448275862,player,team_2,0.5230734944343567,232,402,300,565,68,163
840,28.96551724137931,player,team_3,0.7963222861289978,604,265,695,434,91,169
840,28.96551724137931,player,team_1,0.7929949760437012,329,311,388,474,59,163
840,28.96551724137931,player,team_4,0.7693036198616028,757,361,834,546,77,185
840,28.96551724137931,player,team_2,0.5748006701469421,830,587,894,637,64,50
840,28.96551724137931,player,team_4,0.5602287650108337,908,182,956,288,48,106
841,29.0,player,team_4,0.821778416633606,757,362,836,547,79,185
841,29.0,player,team_3,0.8168478012084961,603,263,695,435,92,172
841,29.0,player,team_1,0.8001427054405212,328,311,390,474,62,163
841,29.0,player,team_4,0.6113481521606445,236,402,302,572,66,170
841,29.0,player,team_4,0.5714000463485718,908,182,958,296,50,114
841,29.0,player,team_4,0.5675026178359985,832,588,894,637,62,49
841,29.0,player,team_1,0.5537933707237244,781,183,826,316,45,133
842,29.03448275862069,player,team_3,0.8429986834526062,605,262,694,434,89,172
842,29.03448275862069,player,team_4,0.8276202082633972,757,362,838,548,81,186
842,29.03448275862069,player,team_1,0.7812765836715698,327,310,392,473,65,163
842,29.03448275862069,player,team_4,0.6546745896339417,236,401,303,573,67,172
842,29.03448275862069,player,team_4,0.5771486759185791,832,588,895,637,63,49
843,29.06896551724138,player,team_3,0.838041365146637,603,262,690,433,87,171
843,29.06896551724138,player,team_4,0.8135162591934204,757,364,840,548,83,184
843,29.06896551724138,player,team_1,0.7795417308807373,324,310,393,474,69,164
843,29.06896551724138,player,team_4,0.6310375928878784,236,402,304,574,68,172
843,29.06896551724138,player,team_4,0.5373827219009399,833,588,895,637,62,49
844,29.103448275862068,player,team_3,0.8292444944381714,597,260,683,431,86,171
844,29.103448275862068,player,team_4,0.7939812541007996,759,364,841,548,82,184
844,29.103448275862068,player,team_1,0.7711676955223083,322,310,390,473,68,163
844,29.103448275862068,player,team_4,0.6260862350463867,235,402,304,573,69,171
844,29.103448275862068,player,team_4,0.5210027694702148,832,588,897,637,65,49
845,29.137931034482758,player,team_3,0.8087054491043091,597,258,676,429,79,171
845,29.137931034482758,player,team_4,0.798122227191925,761,366,843,547,82,181
845,29.137931034482758,player,team_1,0.7821899652481079,320,311,389,472,69,161
845,29.137931034482758,player,team_4,0.6012005805969238,234,403,303,572,69,169
845,29.137931034482758,player,team_1,0.5395424962043762,768,177,820,317,52,140
846,29.17241379310345,player,team_4,0.801701009273529,762,366,844,547,82,181
846,29.17241379310345,player,team_1,0.7934119701385498,320,314,390,471,70,157
846,29.17241379310345,player,team_1,0.74434894323349,596,255,670,427,74,172
846,29.17241379310345,player,team_1,0.6116640567779541,764,178,818,318,54,140
846,29.17241379310345,player,team_4,0.5612645149230957,234,403,304,571,70,168
847,29.20689655172414,player,team_4,0.8604993224143982,763,368,849,548,86,180
847,29.20689655172414,player,team_1,0.8076224327087402,318,315,388,468,70,153
847,29.20689655172414,player,team_1,0.6844685077667236,599,254,657,425,58,171
847,29.20689655172414,player,team_1,0.6636813879013062,757,175,817,319,60,144
848,29.24137931034483,player,team_3,0.8338422179222107,762,371,856,549,94,178
848,29.24137931034483,player,team_1,0.8244573473930359,313,319,392,468,79,149
848,29.24137931034483,player,team_1,0.7172872424125671,597,253,653,426,56,173
848,29.24137931034483,player,team_1,0.7093268632888794,755,177,816,319,61,142
849,29.275862068965516,player,unknown,0.8278780579566956,767,372,863,551,96,179
849,29.275862068965516,player,team_1,0.7494005560874939,593,251,657,424,64,173
849,29.275862068965516,player,unknown,0.665617823600769,242,406,306,561,64,155
849,29.275862068965516,player,team_1,0.5908348560333252,319,320,388,415,69,95
850,29.310344827586206,player,team_3,0.8798568248748779,767,374,871,550,104,176
850,29.310344827586206,player,team_1,0.7874864935874939,590,253,650,422,60,169
850,29.310344827586206,player,team_1,0.7811931371688843,305,324,401,470,96,146
850,29.310344827586206,player,team_1,0.7022225260734558,749,173,818,320,69,147
850,29.310344827586206,player,team_4,0.5386673808097839,231,407,309,566,78,159
851,29.344827586206897,player,team_3,0.8833446502685547,770,377,879,550,109,173
851,29.344827586206897,player,team_1,0.8017428517341614,589,254,648,424,59,170
851,29.344827586206897,player,team_1,0.7215040922164917,749,170,818,321,69,151
851,29.344827586206897,player,team_1,0.5677648782730103,302,326,400,470,98,144
851,29.344827586206897,player,team_4,0.5103474259376526,231,409,312,567,81,158
852,29.379310344827587,player,team_3,0.9003663659095764,771,376,886,550,115,174
852,29.379310344827587,player,team_1,0.8169726133346558,586,256,648,425,62,169
852,29.379310344827587,player,team_1,0.7518419623374939,749,175,816,323,67,148
852,29.379310344827587,player,team_1,0.5880842804908752,300,332,401,471,101,139
852,29.379310344827587,player,team_4,0.5644015073776245,231,411,311,570,80,159
852,29.379310344827587,player,team_3,0.515179455280304,453,264,522,393,69,129
853,29.413793103448278,player,team_3,0.8954740762710571,772,374,888,550,116,176
853,29.413793103448278,player,team_1,0.7993189096450806,583,259,648,425,65,166
853,29.413793103448278,player,team_1,0.704660177230835,751,173,815,322,64,149
853,29.413793103448278,player,team_4,0.6165652871131897,231,412,312,573,81,161
854,29.448275862068964,player,team_2,0.8990325927734375,772,371,895,548,123,177
854,29.448275862068964,player,team_3,0.7732515931129456,571,260,649,427,78,167
854,29.448275862068964,player,team_1,0.6838867664337158,754,173,815,322,61,149
854,29.448275862068964,player,team_4,0.6245542168617249,231,413,312,574,81,161
854,29.448275862068964,player,team_3,0.6016761064529419,442,264,520,395,78,131
855,29.482758620689655,player,team_3,0.9059692025184631,775,367,899,545,124,178
855,29.482758620689655,player,team_3,0.817139208316803,563,260,651,429,88,169
855,29.482758620689655,player,team_1,0.6910661458969116,755,170,816,318,61,148
855,29.482758620689655,player,team_4,0.6303810477256775,233,416,313,574,80,158
855,29.482758620689655,player,team_3,0.609103262424469,438,260,521,396,83,136
856,29.517241379310345,player,team_3,0.891051173210144,781,363,905,540,124,177
856,29.517241379310345,player,team_3,0.8404098153114319,558,259,654,431,96,172
856,29.517241379310345,player,team_1,0.7158612608909607,756,169,815,316,59,147
856,29.517241379310345,player,team_3,0.6197870969772339,434,284,521,398,87,114
856,29.517241379310345,player,team_4,0.5152656435966492,236,419,318,577,82,158
857,29.551724137931036,player,team_2,0.889243483543396,792,359,909,540,117,181
857,29.551724137931036,player,team_3,0.7935754656791687,559,257,652,426,93,169
857,29.551724137931036,player,team_3,0.7290170788764954,759,176,813,314,54,138
857,29.551724137931036,player,team_3,0.5514141917228699,431,255,522,403,91,148
858,29.586206896551722,player,team_3,0.8619752526283264,810,355,914,538,104,183
858,29.586206896551722,player,team_3,0.7965339422225952,558,257,651,425,93,168
858,29.586206896551722,player,team_1,0.6912990212440491,760,170,813,316,53,146
858,29.586206896551722,player,team_1,0.5599510073661804,428,253,523,403,95,150
859,29.620689655172413,player,team_3,0.8815104961395264,822,350,918,539,96,189
859,29.620689655172413,player,team_3,0.8071457147598267,559,255,650,424,91,169
859,29.620689655172413,player,team_1,0.6615931987762451,760,170,812,317,52,147
859,29.620689655172413,player,team_3,0.6167541146278381,427,250,524,408,97,158
859,29.620689655172413,player,team_4,0.5364457368850708,241,427,331,582,90,155
860,29.655172413793103,player,team_2,0.8472425937652588,835,348,922,537,87,189
860,29.655172413793103,player,team_3,0.6634398698806763,559,254,627,425,68,171
860,29.655172413793103,player,team_1,0.5992584228515625,759,164,810,320,51,156
860,29.655172413793103,player,team_3,0.5960314273834229,425,248,524,410,99,162
861,29.689655172413794,player,team_3,0.8196078538894653,848,344,927,531,79,187
861,29.689655172413794,player,team_1,0.6994713544845581,559,253,624,425,65,172
861,29.689655172413794,player,team_1,0.5915936231613159,758,164,810,319,52,155
861,29.689655172413794,player,team_3,0.5449445843696594,425,247,524,417,99,170
862,29.724137931034484,player,team_3,0.8089849948883057,855,341,930,530,75,189
862,29.724137931034484,player,team_1,0.7085347771644592,559,250,625,426,66,176
862,29.724137931034484,player,team_1,0.6359427571296692,758,162,809,320,51,158
863,29.75862068965517,player,team_2,0.824689507484436,861,338,935,526,74,188
863,29.75862068965517,player,team_1,0.6683042049407959,556,249,612,425,56,176
863,29.75862068965517,player,team_1,0.6410077214241028,757,163,810,321,53,158
864,29.79310344827586,player,team_4,0.8161741495132446,866,337,937,523,71,186
864,29.79310344827586,player,team_1,0.7155594229698181,750,165,809,321,59,156
864,29.79310344827586,player,team_1,0.662520170211792,558,247,608,424,50,177
865,29.82758620689655,player,team_3,0.8550212383270264,873,337,942,520,69,183
865,29.82758620689655,player,team_1,0.7149322032928467,751,164,810,320,59,156
865,29.82758620689655,player,team_3,0.7057462930679321,545,247,606,423,61,176
866,29.862068965517242,player,team_3,0.8514314889907837,877,338,951,520,74,182
866,29.862068965517242,player,team_1,0.7332987785339355,538,248,602,420,64,172
866,29.862068965517242,player,team_1,0.6951193809509277,757,164,812,319,55,155
866,29.862068965517242,player,team_1,0.5715746283531189,420,291,502,420,82,129
867,29.896551724137932,player,team_2,0.8226041793823242,883,340,964,522,81,182
867,29.896551724137932,player,team_1,0.7429273128509521,534,249,599,420,65,171
867,29.896551724137932,player,team_1,0.7017343640327454,762,167,814,317,52,150
867,29.896551724137932,player,team_1,0.5932032465934753,421,290,492,423,71,133
868,29.93103448275862,player,team_3,0.8319950103759766,891,343,977,522,86,179
868,29.93103448275862,player,team_1,0.769245982170105,535,251,597,423,62,172
868,29.93103448275862,player,team_1,0.6936195492744446,763,167,815,315,52,148
869,29.96551724137931,player,team_2,0.8293851613998413,894,345,986,525,92,180
869,29.96551724137931,player,team_3,0.7237744331359863,537,253,596,422,59,169
869,29.96551724137931,player,team_1,0.648758590221405,764,169,817,312,53,143
870,30.0,player,team_3,0.8428323864936829,900,349,995,524,95,175
870,30.0,player,team_1,0.7134650349617004,540,257,596,423,56,166
870,30.0,player,team_1,0.6337862014770508,765,170,819,309,54,139
870,30.0,player,team_1,0.5969288945198059,427,253,487,420,60,167
871,30.03448275862069,player,team_3,0.8371645212173462,904,352,1001,526,97,174
871,30.03448275862069,player,team_1,0.616732656955719,765,168,821,309,56,141
871,30.03448275862069,player,team_1,0.6166762709617615,427,257,489,420,62,163
871,30.03448275862069,player,team_1,0.6084094047546387,542,257,594,419,52,162
871,30.03448275862069,player,unknown,0.5067535638809204,1135,136,1183,275,48,139
872,30.06896551724138,player,team_2,0.8241788148880005,910,353,1004,526,94,173
872,30.06896551724138,player,team_1,0.6876488924026489,765,172,823,309,58,137
872,30.06896551724138,player,team_1,0.5845733880996704,539,259,593,401,54,142
872,30.06896551724138,player,team_3,0.5706759095191956,349,424,450,559,101,135
872,30.06896551724138,player,team_1,0.5704230070114136,428,284,490,418,62,134
873,30.103448275862068,player,team_2,0.8322038054466248,918,354,1006,527,88,173
873,30.103448275862068,player,team_1,0.7008562088012695,765,168,825,313,60,145
873,30.103448275862068,player,team_3,0.6952913999557495,278,344,364,510,86,166
873,30.103448275862068,player,team_2,0.6816227436065674,361,420,448,553,87,133
873,30.103448275862068,player,team_3,0.6062741279602051,529,256,591,404,62,148
873,30.103448275862068,player,team_1,0.599971354007721,429,269,493,417,64,148
874,30.137931034482758,player,team_3,0.8386400938034058,924,352,1008,527,84,175
874,30.137931034482758,player,team_3,0.7220409512519836,286,337,369,515,83,178
874,30.137931034482758,player,team_1,0.6929372549057007,761,162,826,314,65,152
874,30.137931034482758,player,team_3,0.6679795980453491,533,250,589,414,56,164
874,30.137931034482758,player,team_1,0.5272969007492065,428,267,491,415,63,148
875,30.17241379310345,player,team_3,0.826408326625824,930,351,1010,528,80,177
875,30.17241379310345,player,team_1,0.7993044853210449,291,340,372,514,81,174
875,30.17241379310345,player,team_1,0.6823079586029053,759,177,828,313,69,136
875,30.17241379310345,player,team_1,0.679499089717865,544,248,591,422,47,174
875,30.17241379310345,player,team_2,0.6258209347724915,380,415,456,541,76,126
875,30.17241379310345,player,team_1,0.5314413905143738,428,273,490,412,62,139
875,30.17241379310345,player,unknown,0.5228562355041504,514,466,582,628,68,162
876,30.20689655172414,player,team_2,0.8324479460716248,936,350,1011,531,75,181
876,30.20689655172414,player,team_1,0.7919089794158936,294,344,373,515,79,171
876,30.20689655172414,player,team_1,0.7272816896438599,759,178,829,314,70,136
876,30.20689655172414,player,team_1,0.7270253896713257,549,247,594,416,45,169
876,30.20689655172414,player,unknown,0.5609806180000305,515,467,584,628,69,161
877,30.24137931034483,player,team_2,0.7747048735618591,942,349,1013,528,71,179
877,30.24137931034483,player,team_1,0.7561089992523193,297,344,373,518,76,174
877,30.24137931034483,player,team_1,0.7100180983543396,760,166,831,315,71,149
877,30.24137931034483,player,team_3,0.6964455842971802,549,245,597,415,48,170
877,30.24137931034483,player,unknown,0.5658508539199829,516,468,582,627,66,159
878,30.275862068965516,player,team_1,0.8359502553939819,301,346,375,520,74,174
878,30.275862068965516,player,team_2,0.7726470828056335,945,348,1017,527,72,179
878,30.275862068965516,player,team_3,0.6848286986351013,546,243,597,414,51,171
878,30.275862068965516,player,team_1,0.6805218458175659,761,167,832,317,71,150
878,30.275862068965516,player,team_1,0.6783984899520874,430,288,492,419,62,131
878,30.275862068965516,player,unknown,0.5645666718482971,517,470,582,626,65,156
879,30.310344827586206,player,team_1,0.8330759406089783,303,347,376,520,73,173
879,30.310344827586206,player,team_2,0.827633798122406,952,345,1022,532,70,187
879,30.310344827586206,player,team_3,0.7302729487419128,545,243,596,410,51,167
879,30.310344827586206,player,team_1,0.7249119281768799,762,169,834,319,72,150
879,30.310344827586206,player,unknown,0.6461392045021057,518,471,582,626,64,155
879,30.310344827586206,player,team_2,0.5245068669319153,422,416,493,543,71,127
879,30.310344827586206,player,team_1,0.5203320980072021,432,291,492,423,60,132
880,30.344827586206897,player,team_3,0.8512805700302124,956,344,1025,535,69,191
880,30.344827586206897,player,team_1,0.810960054397583,305,347,378,521,73,174
880,30.344827586206897,player,team_1,0.7218515872955322,764,171,834,320,70,149
880,30.344827586206897,player,team_3,0.7076734304428101,547,241,596,408,49,167
880,30.344827586206897,player,unknown,0.6089447140693665,520,473,584,626,64,153
880,30.344827586206897,player,team_1,0.5262768864631653,433,291,492,420,59,129
881,30.379310344827587,player,team_1,0.8347018361091614,305,347,379,523,74,176
881,30.379310344827587,player,team_3,0.7821640968322754,965,341,1028,535,63,194
881,30.379310344827587,player,team_1,0.7052422165870667,766,168,834,321,68,153
881,30.379310344827587,player,unknown,0.6326062679290771,520,476,585,629,65,153
881,30.379310344827587,player,team_3,0.6251935362815857,549,241,597,407,48,166
881,30.379310344827587,player,team_1,0.5820414423942566,431,266,500,434,69,168
882,30.413793103448278,player,team_1,0.8254228234291077,307,346,378,524,71,178
882,30.413793103448278,player,team_3,0.7834369540214539,973,340,1035,532,62,192
882,30.413793103448278,player,team_1,0.6775259971618652,431,261,502,437,71,176
882,30.413793103448278,player,team_1,0.6619964241981506,769,169,833,323,64,154
882,30.413793103448278,player,team_3,0.6403077840805054,548,246,600,410,52,164
882,30.413793103448278,player,unknown,0.606934130191803,523,478,588,634,65,156
882,30.413793103448278,player,team_1,0.5625863671302795,376,253,433,429,57,176
882,30.413793103448278,player,team_2,0.54474937915802,466,426,525,567,59,141
883,30.448275862068964,player,team_1,0.8054903745651245,311,348,379,526,68,178
883,30.448275862068964,player,team_2,0.7752573490142822,980,341,1039,536,59,195
883,30.448275862068964,player,team_3,0.7587552070617676,434,259,506,437,72,178
883,30.448275862068964,player,team_3,0.6849274635314941,547,245,603,410,56,165
883,30.448275862068964,player,unknown,0.6396429538726807,523,478,590,635,67,157
883,30.448275862068964,player,team_1,0.6333513855934143,770,169,833,324,63,155
883,30.448275862068964,player,team_2,0.5313556790351868,482,426,534,578,52,152
884,30.482758620689655,player,team_3,0.8039774298667908,987,340,1044,537,57,197
884,30.482758620689655,player,team_1,0.794578492641449,312,350,382,528,70,178
884,30.482758620689655,player,team_1,0.7320626378059387,441,255,509,435,68,180
884,30.482758620689655,player,unknown,0.6701003313064575,524,479,591,636,67,157
884,30.482758620689655,player,team_3,0.5689371228218079,545,248,607,411,62,163
884,30.482758620689655,player,team_1,0.5625209212303162,772,168,833,326,61,158
885,30.517241379310345,player,team_3,0.8535011410713196,992,340,1049,537,57,197
885,30.517241379310345,player,team_1,0.6573567986488342,313,343,383,529,70,186
885,30.517241379310345,player,team_1,0.5949035882949829,442,266,511,437,69,171
885,30.517241379310345,player,team_3,0.5699599385261536,543,247,610,413,67,166
886,30.551724137931036,player,team_3,0.861608624458313,997,340,1055,536,58,196
886,30.551724137931036,player,team_1,0.6786164045333862,444,262,512,438,68,176
886,30.551724137931036,player,team_1,0.5898685455322266,313,337,384,531,71,194
886,30.551724137931036,player,team_1,0.5751168131828308,379,258,430,418,51,160
886,30.551724137931036,player,team_3,0.5678189992904663,543,248,612,415,69,167
886,30.551724137931036,player,team_1,0.5412601828575134,772,141,825,327,53,186
886,30.551724137931036,player,team_4,0.522077202796936,1040,151,1099,294,59,143
887,30.586206896551722,player,team_3,0.8303263783454895,1005,339,1064,534,59,195
887,30.586206896551722,player,team_1,0.5568602681159973,448,270,513,436,65,166
887,30.586206896551722,player,team_2,0.5302125215530396,771,138,821,327,50,189
888,30.620689655172413,player,team_3,0.8449331521987915,1009,340,1077,533,68,193
888,30.620689655172413,player,team_1,0.6993540525436401,450,255,517,435,67,180
888,30.620689655172413,player,team_1,0.6812525987625122,315,363,386,533,71,170
888,30.620689655172413,player,team_3,0.5721242427825928,539,247,613,414,74,167
888,30.620689655172413,player,team_1,0.5535993576049805,379,258,430,430,51,172
888,30.620689655172413,player,team_2,0.5510131120681763,771,148,819,327,48,179
888,30.620689655172413,player,team_4,0.5386013388633728,1045,146,1105,296,60,150
888,30.620689655172413,player,unknown,0.5300276875495911,532,486,600,636,68,150
888,30.620689655172413,player,unknown,0.5159520506858826,1195,144,1253,287,58,143
889,30.655172413793103,player,team_3,0.8449723720550537,1012,337,1089,533,77,196
889,30.655172413793103,player,team_4,0.73580002784729,308,298,389,534,81,236
889,30.655172413793103,player,team_3,0.6490640640258789,540,245,610,411,70,166
889,30.655172413793103,player,team_1,0.6052907109260559,782,154,821,327,39,173
889,30.655172413793103,player,team_1,0.5906884670257568,456,272,516,432,60,160
889,30.655172413793103,player,unknown,0.517715334892273,1197,144,1257,287,60,143
890,30.689655172413794,player,team_3,0.8554487824440002,1013,339,1101,535,88,196
890,30.689655172413794,player,team_3,0.7808962464332581,300,300,389,536,89,236
890,30.689655172413794,player,team_3,0.6886040568351746,541,242,608,412,67,170
890,30.689655172413794,player,team_1,0.6419646143913269,458,272,523,432,65,160
890,30.689655172413794,player,team_2,0.5929577946662903,777,140,824,329,47,189
890,30.689655172413794,class_32,,0.5706656575202942,379,407,400,440,21,33
890,30.689655172413794,player,team_2,0.5196667909622192,564,422,625,611,61,189
890,30.689655172413794,player,unknown,0.5097869634628296,1201,143,1265,285,64,142
891,30.724137931034484,player,team_2,0.8649712800979614,1020,342,1110,535,90,193
891,30.724137931034484,class_32,,0.845146656036377,371,410,399,440,28,30
891,30.724137931034484,player,team_3,0.7899698615074158,305,314,392,536,87,222
891,30.724137931034484,player,team_2,0.6592116951942444,764,134,825,331,61,197
891,30.724137931034484,player,team_1,0.6130096316337585,460,253,525,427,65,174
891,30.724137931034484,player,team_3,0.6064181923866272,539,239,605,411,66,172
891,30.724137931034484,player,team_2,0.5471498966217041,578,424,637,603,59,179
891,30.724137931034484,player,unknown,0.5362873673439026,539,486,607,642,68,156
891,30.724137931034484,player,team_2,0.5314591526985168,1055,150,1117,300,62,150
892,30.75862068965517,player,team_3,0.8515012264251709,1024,342,1120,536,96,194
892,30.75862068965517,player,team_1,0.7983638644218445,306,361,393,537,87,176
892,30.75862068965517,player,team_2,0.6678920388221741,769,134,827,331,58,197
892,30.75862068965517,player,team_1,0.6492176055908203,463,247,526,429,63,182
892,30.75862068965517,player,unknown,0.6401180624961853,540,485,611,646,71,161
892,30.75862068965517,player,team_3,0.5007923245429993,536,231,599,414,63,183
893,30.79310344827586,player,team_1,0.8636519908905029,303,370,394,537,91,167
893,30.79310344827586,player,team_3,0.805429220199585,1026,344,1129,536,103,192
893,30.79310344827586,player,team_1,0.6737748980522156,777,173,828,329,51,156
893,30.79310344827586,player,unknown,0.6646678447723389,543,488,613,644,70,156
893,30.79310344827586,player,team_1,0.6574776768684387,465,246,529,430,64,184
893,30.79310344827586,player,team_2,0.6131755113601685,601,428,669,613,68,185
894,30.82758620689655,player,team_3,0.8877708315849304,298,370,395,539,97,169
894,30.82758620689655,player,team_3,0.8466569781303406,1029,345,1139,538,110,193
894,30.82758620689655,player,team_1,0.7486756443977356,779,170,833,329,54,159
894,30.82758620689655,player,team_3,0.7240815162658691,609,430,688,616,79,186
894,30.82758620689655,player,team_1,0.7204349637031555,466,245,533,430,67,185
894,30.82758620689655,player,unknown,0.6850969195365906,545,487,616,649,71,162
895,30.862068965517242,player,team_3,0.8611822128295898,295,370,396,540,101,170
895,30.862068965517242,player,team_3,0.7997286915779114,1037,347,1146,541,109,194
895,30.862068965517242,player,team_1,0.764419674873352,780,154,837,330,57,176
895,30.862068965517242,player,team_1,0.7404133677482605,467,244,541,430,74,186
895,30.862068965517242,player,unknown,0.7334228157997131,548,488,617,642,69,154
895,30.862068965517242,player,team_2,0.6072664260864258,613,429,673,619,60,190
896,30.896551724137932,player,team_3,0.8605864644050598,1038,347,1151,540,113,193
896,30.896551724137932,player,team_3,0.8506401181221008,292,371,397,543,105,172
896,30.896551724137932,player,team_1,0.7792358994483948,782,163,842,329,60,166
896,30.896551724137932,player,team_1,0.7290225028991699,470,244,544,430,74,186
896,30.896551724137932,player,unknown,0.7077905535697937,549,489,619,646,70,157
896,30.896551724137932,player,team_2,0.5872241258621216,625,432,683,614,58,182
897,30.93103448275862,player,team_3,0.8588215112686157,1039,347,1156,541,117,194
897,30.93103448275862,player,team_3,0.8550614714622498,290,370,399,543,109,173
897,30.93103448275862,player,team_1,0.772838294506073,787,163,844,330,57,167
897,30.93103448275862,player,team_2,0.7491734027862549,629,424,699,615,70,191
897,30.93103448275862,player,team_1,0.6856749653816223,473,244,550,431,77,187
897,30.93103448275862,player,unknown,0.6079981327056885,550,491,621,642,71,151
897,30.93103448275862,player,team_3,0.5263362526893616,517,220,586,411,69,191
898,30.96551724137931,player,team_3,0.8673226237297058,1042,348,1162,541,120,193
898,30.96551724137931,player,team_3,0.8323256373405457,290,369,398,546,108,177
898,30.96551724137931,player,team_1,0.755407452583313,789,161,849,328,60,167
898,30.96551724137931,player,team_1,0.6712905168533325,474,244,553,431,79,187
898,30.96551724137931,player,unknown,0.6213871836662292,553,491,623,643,70,152
898,30.96551724137931,player,team_2,0.5586869120597839,635,434,713,610,78,176
899,31.0,player,team_3,0.8636033535003662,1048,350,1166,542,118,192
899,31.0,player,team_1,0.8266622424125671,290,369,395,547,105,178
899,31.0,player,team_1,0.7437021732330322,475,242,555,430,80,188
899,31.0,player,team_1,0.7100340723991394,791,152,853,323,62,171
899,31.0,player,unknown,0.6991004347801208,556,493,625,655,69,162
899,31.0,player,team_2,0.6289408206939697,1086,169,1146,313,60,144
899,31.0,player,team_4,0.6106612682342529,350,267,423,534,73,267
899,31.0,player,team_3,0.553351104259491,644,422,733,598,89,176
900,31.03448275862069,player,team_3,0.8710888028144836,1056,350,1168,542,112,192
900,31.03448275862069,player,team_1,0.8142005205154419,292,369,395,548,103,179
900,31.03448275862069,player,team_1,0.737878680229187,794,152,859,320,65,168
900,31.03448275862069,player,team_1,0.7230592966079712,476,242,556,431,80,189
900,31.03448275862069,player,unknown,0.7038609981536865,560,493,628,653,68,160
900,31.03448275862069,player,team_2,0.6847145557403564,357,339,426,536,69,197
900,31.03448275862069,player,team_2,0.6548378467559814,1089,162,1150,308,61,146
901,31.06896551724138,player,team_3,0.8477386832237244,1066,352,1172,543,106,191
901,31.06896551724138,player,team_1,0.8106284737586975,293,366,392,550,99,184
901,31.06896551724138,player,team_1,0.7123141884803772,797,150,861,320,64,170
901,31.06896551724138,player,unknown,0.6422370672225952,562,495,631,647,69,152
901,31.06896551724138,player,team_1,0.6376680135726929,477,245,558,431,81,186
901,31.06896551724138,player,team_2,0.5564389228820801,359,353,431,536,72,183
901,31.06896551724138,player,team_2,0.5338225364685059,1090,173,1155,314,65,141
902,31.103448275862068,player,team_3,0.8773726224899292,1071,352,1178,544,107,192
902,31.103448275862068,player,team_1,0.8394418358802795,294,366,389,550,95,184
902,31.103448275862068,player,team_1,0.7364517450332642,799,148,865,318,66,170
902,31.103448275862068,player,team_1,0.6375001072883606,479,246,559,431,80,185
902,31.103448275862068,player,unknown,0.5104925036430359,564,494,634,641,70,147
903,31.137931034482758,player,team_1,0.8731558322906494,294,366,384,550,90,184
903,31.137931034482758,player,team_3,0.8581578731536865,1078,353,1189,545,111,192
903,31.137931034482758,player,team_1,0.7351652979850769,801,150,867,314,66,164
903,31.137931034482758,player,team_4,0.7043680548667908,374,335,449,521,75,186
903,31.137931034482758,player,unknown,0.6041117906570435,568,494,637,640,69,146
903,31.137931034482758,player,team_2,0.5390768051147461,703,422,772,611,69,189
903,31.137931034482758,player,team_1,0.525848388671875,477,259,558,431,81,172
903,31.137931034482758,player,unknown,0.5223735570907593,1131,659,1205,720,74,61
904,31.17241379310345,player,team_1,0.8301176428794861,295,364,381,552,86,188
904,31.17241379310345,player,team_3,0.7943397164344788,1093,351,1200,545,107,194
904,31.17241379310345,player,team_1,0.714747965335846,806,151,874,312,68,161
904,31.17241379310345,player,team_4,0.714135468006134,374,338,454,519,80,181
904,31.17241379310345,player,unknown,0.6334521770477295,571,496,640,640,69,144
904,31.17241379310345,player,team_1,0.592059850692749,474,240,558,429,84,189
905,31.20689655172414,player,team_3,0.8367801308631897,1115,351,1213,545,98,194
905,31.20689655172414,player,team_1,0.8347423672676086,295,364,372,552,77,188
905,31.20689655172414,player,unknown,0.783313512802124,577,495,645,641,68,146
905,31.20689655172414,player,team_4,0.7430905699729919,380,340,456,520,76,180
905,31.20689655172414,player,team_2,0.720374584197998,729,449,801,613,72,164
905,31.20689655172414,player,team_2,0.719820499420166,472,233,559,429,87,196
905,31.20689655172414,player,team_1,0.6984375715255737,806,151,880,311,74,160
906,31.24137931034483,player,team_3,0.8568640947341919,1129,348,1225,545,96,197
906,31.24137931034483,player,team_1,0.8182185888290405,295,364,364,552,69,188
906,31.24137931034483,player,unknown,0.7701510190963745,580,496,649,638,69,142
906,31.24137931034483,player,team_3,0.72214275598526,385,344,461,529,76,185
906,31.24137931034483,player,team_1,0.6840495467185974,807,148,886,312,79,164
906,31.24137931034483,player,team_2,0.5669296979904175,1107,175,1179,314,72,139
906,31.24137931034483,player,team_3,0.5265147089958191,472,273,559,430,87,157
907,31.275862068965516,player,team_2,0.8383710980415344,1150,347,1237,546,87,199
907,31.275862068965516,player,team_1,0.7792509198188782,295,365,361,553,66,188
907,31.275862068965516,player,team_1,0.747840940952301,807,154,892,311,85,157
907,31.275862068965516,player,unknown,0.6828320622444153,582,495,652,636,70,141
907,31.275862068965516,player,team_2,0.6582321524620056,752,423,815,608,63,185
907,31.275862068965516,player,team_2,0.6500355005264282,389,349,474,538,85,189
907,31.275862068965516,player,team_2,0.5926116704940796,1111,180,1186,314,75,134
907,31.275862068965516,player,team_1,0.5217646360397339,472,286,560,429,88,143
908,31.310344827586206,player,team_2,0.8392758965492249,1161,344,1247,547,86,203
908,31.310344827586206,player,team_1,0.8013620972633362,809,155,899,311,90,156
908,31.310344827586206,player,team_2,0.7993021607398987,750,420,827,618,77,198
908,31.310344827586206,player,team_1,0.780884325504303,295,365,360,555,65,190
908,31.310344827586206,player,team_2,0.7157361507415771,392,354,481,548,89,194
908,31.310344827586206,player,unknown,0.6028396487236023,585,497,657,639,72,142
908,31.310344827586206,player,team_2,0.5818685293197632,1113,182,1196,315,83,133
909,31.344827586206897,player,team_2,0.8330937623977661,751,418,839,615,88,197
909,31.344827586206897,player,team_3,0.8139122724533081,1161,342,1257,547,96,205
909,31.344827586206897,player,team_1,0.7736072540283203,295,364,360,555,65,191
909,31.344827586206897,player,team_2,0.7196667790412903,811,157,904,310,93,153
909,31.344827586206897,player,team_2,0.7152829170227051,395,364,484,553,89,189
909,31.344827586206897,player,team_2,0.7065138220787048,1115,179,1206,318,91,139
909,31.344827586206897,player,unknown,0.6867702603340149,590,498,663,638,73,140
909,31.344827586206897,player,team_1,0.5383554100990295,472,256,563,431,91,175
910,31.379310344827587,player,team_2,0.8504638671875,754,418,851,613,97,195
910,31.379310344827587,player,team_2,0.8124709129333496,812,160,907,310,95,150
910,31.379310344827587,player,team_3,0.8064194321632385,1167,340,1264,548,97,208
910,31.379310344827587,player,team_2,0.8048922419548035,395,372,497,555,102,183
910,31.379310344827587,player,team_1,0.801009476184845,294,364,361,556,67,192
910,31.379310344827587,player,unknown,0.7219045162200928,594,496,671,638,77,142
910,31.379310344827587,player,team_2,0.6797817945480347,1117,180,1210,322,93,142
910,31.379310344827587,player,team_4,0.5202416181564331,342,276,439,459,97,183
911,31.413793103448278,player,team_1,0.8411086797714233,293,364,364,556,71,192
911,31.413793103448278,player,team_3,0.8392197489738464,759,413,870,611,111,198
911,31.413793103448278,player,team_2,0.8167099952697754,394,378,503,557,109,179
911,31.413793103448278,player,team_3,0.8008906245231628,1175,339,1274,549,99,210
911,31.413793103448278,player,team_2,0.7645697593688965,813,160,910,310,97,150
911,31.413793103448278,player,team_3,0.7430580258369446,1119,186,1217,322,98,136
911,31.413793103448278,player,unknown,0.7079299688339233,597,496,678,636,81,140
911,31.413793103448278,player,team_4,0.6095328330993652,343,282,439,461,96,179
912,31.448275862068964,player,team_1,0.857112467288971,292,365,365,557,73,192
912,31.448275862068964,player,team_3,0.8210928440093994,1187,340,1278,547,91,207
912,31.448275862068964,player,team_3,0.8021568059921265,765,415,887,611,122,196
912,31.448275862068964,player,unknown,0.7749887108802795,603,496,687,639,84,143
912,31.448275862068964,player,team_2,0.7711305618286133,396,386,512,559,116,173
912,31.448275862068964,player,team_1,0.742703378200531,814,160,917,311,103,151
912,31.448275862068964,player,team_2,0.6408907175064087,1120,184,1224,319,104,135
912,31.448275862068964,player,team_4,0.6291091442108154,341,285,442,463,101,178
913,31.482758620689655,player,team_1,0.850460946559906,291,364,365,557,74,193
913,31.482758620689655,player,team_2,0.8321204781532288,771,415,885,608,114,193
913,31.482758620689655,player,team_3,0.8203091621398926,1201,342,1279,552,78,210
913,31.482758620689655,player,team_4,0.8031206727027893,815,164,927,311,112,147
913,31.482758620689655,player,unknown,0.7080605030059814,607,501,693,638,86,137
913,31.482758620689655,player,team_4,0.6522024273872375,345,286,438,459,93,173
913,31.482758620689655,player,team_2,0.6051958203315735,1122,189,1227,322,105,133
913,31.482758620689655,player,team_3,0.5680584907531738,398,393,526,564,128,171
914,31.517241379310345,player,team_3,0.861802339553833,781,410,917,615,136,205
914,31.517241379310345,player,team_1,0.8535335659980774,289,365,365,557,76,192
914,31.517241379310345,player,team_3,0.8402419686317444,403,385,548,575,145,190
914,31.517241379310345,player,team_3,0.7590805888175964,1218,345,1279,552,61,207
914,31.517241379310345,player,unknown,0.7428802251815796,611,506,697,638,86,132
914,31.517241379310345,player,team_4,0.740409255027771,818,157,940,311,122,154
914,31.517241379310345,player,team_4,0.5580347776412964,342,266,457,458,115,192
914,31.517241379310345,player,team_2,0.5129203796386719,1126,188,1244,322,118,134
915,31.551724137931036,player,team_1,0.8628767132759094,286,364,365,556,79,192
915,31.551724137931036,player,team_3,0.7944288849830627,797,414,919,616,122,202
915,31.551724137931036,player,team_3,0.7419951558113098,1234,344,1279,552,45,208
915,31.551724137931036,player,unknown,0.7012518048286438,613,511,707,638,94,127
915,31.551724137931036,player,team_3,0.6465553641319275,413,394,545,581,132,187
915,31.551724137931036,player,team_4,0.6122029423713684,825,157,945,310,120,153
915,31.551724137931036,player,team_2,0.5767251253128052,1133,188,1251,320,118,132
915,31.551724137931036,player,team_2,0.5034626126289368,539,226,595,394,56,168
916,31.586206896551722,player,team_1,0.8483017086982727,284,365,364,554,80,189
916,31.586206896551722,player,team_3,0.7329575419425964,425,395,566,584,141,189
916,31.586206896551722,player,team_3,0.71438068151474,822,419,936,616,114,197
916,31.586206896551722,player,unknown,0.6219955682754517,624,510,711,636,87,126
916,31.586206896551722,player,team_3,0.5916454195976257,1241,343,1279,546,38,203
916,31.586206896551722,player,team_2,0.5722883939743042,538,225,599,390,61,165
916,31.586206896551722,player,team_1,0.5380762219429016,462,255,544,436,82,181
917,31.620689655172413,player,team_1,0.8490160703659058,285,365,364,556,79,191
917,31.620689655172413,player,team_3,0.7462108135223389,441,394,604,584,163,190
917,31.620689655172413,player,unknown,0.715010404586792,634,507,718,637,84,130
917,31.620689655172413,player,team_3,0.6966870427131653,848,418,951,615,103,197
917,31.620689655172413,player,team_2,0.6911569833755493,542,225,609,417,67,192
917,31.620689655172413,player,team_1,0.6676478385925293,463,248,540,431,77,183
917,31.620689655172413,player,team_3,0.5802397727966309,1241,351,1279,543,38,192
918,31.655172413793103,player,team_1,0.8572425842285156,285,366,364,556,79,190
918,31.655172413793103,player,team_2,0.770413339138031,460,421,580,582,120,161
918,31.655172413793103,player,team_2,0.7398605346679688,858,419,931,613,73,194
918,31.655172413793103,player,unknown,0.7123463749885559,642,503,725,636,83,133
918,31.655172413793103,player,team_1,0.6718713641166687,463,243,544,428,81,185
918,31.655172413793103,player,team_2,0.6384859085083008,544,233,612,411,68,178
918,31.655172413793103,player,team_3,0.6293999552726746,1242,415,1279,543,37,128
918,31.655172413793103,player,team_4,0.5995436906814575,863,166,966,304,103,138
919,31.689655172413794,player,team_1,0.8563414812088013,285,366,365,554,80,188
919,31.689655172413794,player,team_4,0.7629873752593994,882,136,973,303,91,167
919,31.689655172413794,player,team_3,0.7488837838172913,869,415,975,616,106,201
919,31.689655172413794,player,unknown,0.697973370552063,652,505,730,637,78,132
919,31.689655172413794,player,team_4,0.6298540830612183,348,225,449,405,101,180
919,31.689655172413794,player,team_1,0.5643550157546997,464,246,543,418,79,172
919,31.689655172413794,player,team_2,0.5199447274208069,548,241,618,403,70,162
919,31.689655172413794,player,unknown,0.5105687975883484,1192,231,1279,540,87,309
920,31.724137931034484,player,team_1,0.849745512008667,286,366,365,554,79,188
920,31.724137931034484,player,team_3,0.8280726075172424,873,412,983,615,110,203
920,31.724137931034484,player,unknown,0.6678000688552856,659,498,735,637,76,139
920,31.724137931034484,player,team_1,0.588596761226654,462,243,544,423,82,180
920,31.724137931034484,player,team_2,0.550868809223175,1196,188,1279,323,83,135
920,31.724137931034484,player,team_4,0.541650652885437,890,163,984,305,94,142
920,31.724137931034484,player,team_4,0.5247490406036377,343,232,443,410,100,178
921,31.75862068965517,player,team_1,0.8522292971611023,285,365,366,553,81,188
921,31.75862068965517,player,team_3,0.8066971302032471,874,409,978,615,104,206
921,31.75862068965517,player,unknown,0.6427844762802124,669,498,742,640,73,142
921,31.75862068965517,player,team_3,0.6172676086425781,460,251,546,423,86,172
921,31.75862068965517,player,team_4,0.5987927317619324,896,166,991,310,95,144
921,31.75862068965517,player,team_2,0.5849098563194275,1198,186,1279,324,81,138
922,31.79310344827586,player,team_1,0.8546259999275208,284,364,367,553,83,189
922,31.79310344827586,player,team_2,0.8505879640579224,878,405,987,612,109,207
922,31.79310344827586,player,team_3,0.7977426648139954,520,383,636,582,116,199
922,31.79310344827586,player,unknown,0.7207954525947571,675,497,746,659,71,162
922,31.79310344827586,player,team_4,0.6118073463439941,898,161,999,306,101,145
922,31.79310344827586,player,team_4,0.5846949815750122,347,233,426,377,79,144
922,31.79310344827586,player,team_2,0.5318067073822021,1201,187,1279,327,78,140
923,31.82758620689655,player,team_1,0.8305233716964722,290,363,368,552,78,189
923,31.82758620689655,player,team_3,0.7901573777198792,528,382,652,581,124,199
923,31.82758620689655,player,team_3,0.751659631729126,888,404,1007,607,119,203
923,31.82758620689655,player,team_4,0.6335278749465942,346,238,420,378,74,140
923,31.82758620689655,player,unknown,0.619631826877594,684,511,750,662,66,151
924,31.862068965517242,player,team_1,0.8284406065940857,292,363,370,551,78,188
924,31.862068965517242,player,team_3,0.8090308904647827,898,403,1016,605,118,202
924,31.862068965517242,player,team_3,0.7617774605751038,534,385,664,580,130,195
924,31.862068965517242,player,unknown,0.7127112150192261,693,500,757,662,64,162
924,31.862068965517242,player,team_4,0.6391790509223938,347,235,413,379,66,144
925,31.896551724137932,player,team_1,0.803573489189148,293,364,372,551,79,187
925,31.896551724137932,player,team_3,0.7626723051071167,543,382,675,585,132,203
925,31.896551724137932,player,team_2,0.7553235292434692,909,405,1023,603,114,198
925,31.896551724137932,player,unknown,0.6542692184448242,702,507,762,656,60,149
925,31.896551724137932,player,unknown,0.5122988224029541,349,234,412,379,63,145
926,31.93103448275862,player,team_1,0.7258477807044983,293,366,374,551,81,185
926,31.93103448275862,player,team_3,0.6692990660667419,555,391,699,584,144,193
926,31.93103448275862,player,team_3,0.6046461462974548,944,401,1037,603,93,202
926,31.93103448275862,player,unknown,0.5363976359367371,710,510,767,637,57,127
927,31.96551724137931,player,team_3,0.7949737310409546,959,403,1040,603,81,200
927,31.96551724137931,player,team_1,0.7740368843078613,294,366,374,551,80,185
927,31.96551724137931,player,team_3,0.7307470440864563,567,386,736,588,169,202
927,31.96551724137931,player,team_3,0.5991184115409851,609,246,681,351,72,105
927,31.96551724137931,player,unknown,0.5181175470352173,718,516,776,637,58,121
928,32.0,player,team_1,0.8242794871330261,295,368,375,552,80,184
928,32.0,player,team_2,0.8047965168952942,971,402,1047,603,76,201
928,32.0,player,team_3,0.6853755116462708,609,247,692,350,83,103
928,32.0,player,team_3,0.5445112586021423,977,174,1050,315,73,141
928,32.0,player,unknown,0.5246575474739075,723,520,787,636,64,116
929,32.03448275862069,player,team_1,0.809395432472229,294,368,377,551,83,183
929,32.03448275862069,player,team_2,0.7880089282989502,986,405,1054,602,68,197
929,32.03448275862069,player,team_4,0.6959612369537354,978,177,1056,315,78,138
929,32.03448275862069,player,team_3,0.672529399394989,618,244,706,350,88,106
929,32.03448275862069,player,team_2,0.5846540331840515,669,391,732,591,63,200
929,32.03448275862069,player,team_2,0.5846268534660339,731,519,802,637,71,118
929,32.03448275862069,player,team_4,0.5189956426620483,339,210,403,375,64,165
930,32.06896551724138,player,team_1,0.8517834544181824,292,371,379,552,87,181
930,32.06896551724138,player,team_2,0.8198704123497009,991,403,1066,601,75,198
930,32.06896551724138,player,team_2,0.5760707259178162,681,394,751,594,70,200
930,32.06896551724138,player,unknown,0.5614461302757263,734,520,808,639,74,119
930,32.06896551724138,player,team_4,0.5047628283500671,342,206,399,380,57,174
931,32.10344827586207,player,team_3,0.8610393404960632,991,399,1079,601,88,202
931,32.10344827586207,player,team_1,0.8506338000297546,291,374,380,553,89,179
931,32.10344827586207,player,team_3,0.6876441836357117,643,239,730,341,87,102
931,32.10344827586207,player,team_2,0.6449881792068481,683,392,761,592,78,200
931,32.10344827586207,player,team_3,0.5886455178260803,736,520,819,638,83,118
931,32.10344827586207,player,team_3,0.559536337852478,977,167,1087,313,110,146
932,32.13793103448276,player,team_3,0.8868566751480103,988,395,1090,599,102,204
932,32.13793103448276,player,team_1,0.8410377502441406,290,376,380,552,90,176
932,32.13793103448276,player,team_3,0.7879484295845032,478,249,579,461,101,212
932,32.13793103448276,player,team_2,0.6717844605445862,685,385,770,591,85,206
932,32.13793103448276,player,team_4,0.6571500897407532,980,159,1095,315,115,156
932,32.13793103448276,player,team_3,0.605381190776825,747,519,828,638,81,119
932,32.13793103448276,player,team_3,0.5430229306221008,652,237,739,334,87,97
933,32.172413793103445,player,team_3,0.8663111925125122,991,392,1104,598,113,206
933,32.172413793103445,player,team_3,0.8599534630775452,289,377,387,553,98,176
933,32.172413793103445,player,team_3,0.759857177734375,474,247,586,464,112,217
933,32.172413793103445,player,team_2,0.579710066318512,687,384,788,590,101,206
934,32.206896551724135,player,team_3,0.8485742807388306,287,378,393,553,106,175
934,32.206896551724135,player,team_3,0.7829324007034302,1001,387,1122,589,121,202
934,32.206896551724135,player,team_3,0.7170326709747314,483,245,593,463,110,218
934,32.206896551724135,player,team_2,0.5039786100387573,672,232,750,391,78,159
934,32.206896551724135,player,team_2,0.5037800669670105,691,382,799,587,108,205
935,32.241379310344826,player,team_3,0.8670796751976013,287,380,402,552,115,172
935,32.241379310344826,player,team_3,0.6458244323730469,1006,387,1132,584,126,197
935,32.241379310344826,player,team_2,0.5748494863510132,684,230,751,399,67,169
935,32.241379310344826,player,unknown,0.5499297976493835,789,521,857,637,68,116
935,32.241379310344826,player,team_3,0.5373983979225159,499,241,600,424,101,183
936,32.275862068965516,player,team_3,0.8700803518295288,288,378,407,552,119,174
936,32.275862068965516,player,team_3,0.7396737933158875,696,231,757,409,61,178
936,32.275862068965516,player,team_1,0.6771932244300842,1066,161,1141,312,75,151
936,32.275862068965516,player,team_3,0.6286954283714294,1059,386,1137,583,78,197
936,32.275862068965516,player,unknown,0.575950562953949,789,522,869,636,80,114
937,32.310344827586206,player,team_3,0.8668041229248047,291,377,405,551,114,174
937,32.310344827586206,player,team_3,0.7556185126304626,701,231,764,410,63,179
937,32.310344827586206,player,team_3,0.7534881234169006,1068,384,1144,581,76,197
937,32.310344827586206,player,team_3,0.6866568326950073,1035,383,1143,581,108,198
937,32.310344827586206,player,team_3,0.594959557056427,503,233,611,428,108,195
937,32.310344827586206,player,team_2,0.5670535564422607,713,370,833,562,120,192
938,32.3448275862069,player,team_3,0.843286395072937,302,373,408,551,106,178
938,32.3448275862069,player,team_2,0.797485888004303,1079,385,1147,579,68,194
938,32.3448275862069,player,team_3,0.702144205570221,505,230,617,440,112,210
939,32.37931034482759,player,team_3,0.8096330761909485,313,371,408,551,95,180
939,32.37931034482759,player,team_2,0.789871335029602,1085,386,1159,576,74,190
939,32.37931034482759,player,team_2,0.7556086778640747,737,377,852,551,115,174
939,32.37931034482759,class_32,,0.6725744009017944,568,443,599,476,31,33
939,32.37931034482759,player,unknown,0.605592668056488,821,518,898,639,77,121
939,32.37931034482759,player,unknown,0.5235339999198914,1145,656,1217,720,72,64
940,32.41379310344828,player,team_3,0.7864001393318176,1080,384,1178,575,98,191
940,32.41379310344828,player,team_3,0.785041332244873,321,367,411,551,90,184
940,32.41379310344828,player,team_3,0.7284996509552002,512,220,628,475,116,255
940,32.41379310344828,player,team_2,0.6880142688751221,755,382,860,552,105,170
940,32.41379310344828,player,team_4,0.5983304977416992,263,198,389,351,126,153
941,32.44827586206897,player,team_3,0.8019005656242371,1083,379,1192,572,109,193
941,32.44827586206897,player,team_3,0.7230724692344666,540,218,634,465,94,247
941,32.44827586206897,player,team_3,0.6919057965278625,324,362,405,547,81,185
942,32.48275862068966,player,team_3,0.8123541474342346,1078,374,1200,570,122,196
942,32.48275862068966,player,team_3,0.7163593173027039,556,218,639,426,83,208
942,32.48275862068966,player,team_3,0.7072989344596863,697,228,822,395,125,167
942,32.48275862068966,player,team_3,0.6976263523101807,325,342,405,542,80,200
942,32.48275862068966,player,unknown,0.6225765943527222,838,514,924,639,86,125
942,32.48275862068966,player,team_4,0.5236300826072693,248,201,367,349,119,148
943,32.51724137931034,player,team_3,0.8159835338592529,1079,370,1207,566,128,196
943,32.51724137931034,player,team_3,0.7532758116722107,325,354,407,540,82,186
943,32.51724137931034,player,team_1,0.6800007820129395,562,217,644,472,82,255
943,32.51724137931034,player,team_3,0.6412568688392639,690,223,821,391,131,168
944,32.55172413793103,player,team_3,0.8377348184585571,1080,367,1213,563,133,196
944,32.55172413793103,player,team_3,0.7406457662582397,325,354,408,539,83,185
944,32.55172413793103,player,team_3,0.7156215906143188,815,362,897,563,82,201
944,32.55172413793103,player,unknown,0.6032207012176514,860,512,938,639,78,127
944,32.55172413793103,player,team_3,0.5734177231788635,674,220,823,396,149,176
945,32.58620689655172,player,team_3,0.8393287062644958,1089,364,1221,555,132,191
945,32.58620689655172,player,team_3,0.777951180934906,813,356,907,561,94,205
945,32.58620689655172,player,team_3,0.7740728855133057,325,352,412,539,87,187
945,32.58620689655172,player,unknown,0.6293925642967224,880,509,954,640,74,131
945,32.58620689655172,player,team_1,0.5090343356132507,1147,142,1216,293,69,151
946,32.62068965517241,player,team_3,0.8627408742904663,1100,362,1227,545,127,183
946,32.62068965517241,player,team_3,0.822726309299469,814,354,917,554,103,200
946,32.62068965517241,player,team_3,0.7513344287872314,331,352,415,540,84,188
946,32.62068965517241,player,team_1,0.5791493654251099,571,309,671,436,100,127
947,32.6551724137931,player,team_3,0.8428522944450378,811,352,930,550,119,198
947,32.6551724137931,player,team_3,0.8193592429161072,1118,360,1232,540,114,180
947,32.6551724137931,player,team_3,0.8107795119285583,337,355,421,540,84,185
947,32.6551724137931,player,team_3,0.6714131236076355,552,202,669,356,117,154
947,32.6551724137931,player,team_3,0.5720613598823547,567,305,685,456,118,151
948,32.689655172413794,player,team_3,0.8407714366912842,829,352,943,546,114,194
948,32.689655172413794,player,team_3,0.8135448098182678,1129,358,1237,539,108,181
948,32.689655172413794,player,team_3,0.772354006767273,345,358,420,542,75,184
949,32.724137931034484,player,team_3,0.8227134943008423,1138,357,1242,531,104,174
949,32.724137931034484,player,team_3,0.8157017827033997,338,362,421,541,83,179
949,32.724137931034484,player,team_3,0.8072088360786438,855,351,947,548,92,197
949,32.724137931034484,player,team_2,0.5213207006454468,789,214,855,322,66,108
950,32.758620689655174,player,team_3,0.8675618171691895,1146,355,1248,532,102,177
950,32.758620689655174,player,team_3,0.7918781638145447,331,368,422,540,91,172
950,32.758620689655174,player,team_3,0.7325366139411926,867,352,955,553,88,201
950,32.758620689655174,player,team_3,0.6291570663452148,576,301,703,468,127,167
951,32.793103448275865,player,team_3,0.8789622187614441,1139,351,1254,530,115,179
951,32.793103448275865,player,team_3,0.8562105298042297,322,371,424,540,102,169
951,32.793103448275865,player,team_3,0.743475615978241,878,352,957,526,79,174
951,32.793103448275865,player,team_2,0.6635246872901917,634,303,709,471,75,168
951,32.793103448275865,player,team_3,0.5471351742744446,796,213,865,316,69,103
952,32.827586206896555,player,team_3,0.8659185171127319,1135,344,1257,526,122,182
952,32.827586206896555,player,unknown,0.8360270261764526,314,372,429,538,115,166
952,32.827586206896555,player,team_2,0.7572099566459656,640,304,714,467,74,163
952,32.827586206896555,player,team_3,0.7449836730957031,754,210,882,380,128,170
952,32.827586206896555,player,team_2,0.7239671349525452,886,350,963,521,77,171
952,32.827586206896555,player,team_3,0.6204476952552795,622,193,686,341,64,148
952,32.827586206896555,player,team_3,0.5719321966171265,883,497,1008,660,125,163
953,32.86206896551724,player,team_3,0.8774953484535217,1129,339,1264,524,135,185
953,32.86206896551724,player,unknown,0.8150986433029175,306,372,440,537,134,165
953,32.86206896551724,player,team_2,0.6241277456283569,897,344,968,529,71,185
953,32.86206896551724,player,team_2,0.5910991430282593,635,301,719,459,84,158
954,32.89655172413793,player,team_3,0.8795931935310364,1129,334,1275,519,146,185
954,32.89655172413793,player,unknown,0.7768783569335938,299,371,446,538,147,167
954,32.89655172413793,player,team_2,0.7384501099586487,889,339,969,528,80,189
954,32.89655172413793,player,team_2,0.5103598833084106,644,581,701,636,57,55
955,32.93103448275862,player,team_3,0.8838709592819214,1128,330,1279,518,151,188
955,32.93103448275862,player,unknown,0.7994579672813416,298,372,452,539,154,167
955,32.93103448275862,player,team_3,0.727282702922821,879,336,974,523,95,187
956,32.96551724137931,player,team_3,0.8783833980560303,1137,330,1279,517,142,187
956,32.96551724137931,player,unknown,0.78781658411026,298,372,451,538,153,166
956,32.96551724137931,player,team_3,0.7225655317306519,591,178,700,320,109,142
956,32.96551724137931,player,team_2,0.6378116011619568,635,296,733,460,98,164
956,32.96551724137931,player,team_3,0.5992593169212341,874,335,979,521,105,186
956,32.96551724137931,player,unknown,0.5088054537773132,298,175,373,314,75,139
957,33.0,player,team_3,0.6829511523246765,1155,328,1272,514,117,186
957,33.0,player,team_2,0.6515783071517944,628,297,755,466,127,169
957,33.0,player,team_3,0.6485950350761414,584,179,697,328,113,149
957,33.0,player,team_3,0.568147599697113,358,374,446,535,88,161
957,33.0,player,team_2,0.511361837387085,921,335,975,472,54,137
958,33.03448275862069,player,team_3,0.7525631785392761,1168,328,1278,515,110,187
958,33.03448275862069,player,team_3,0.6499015092849731,358,373,469,534,111,161
958,33.03448275862069,player,team_2,0.6295387148857117,624,295,751,468,127,173
958,33.03448275862069,player,team_2,0.6252610087394714,921,335,978,503,57,168
958,33.03448275862069,player,team_3,0.6185506582260132,577,177,699,322,122,145
958,33.03448275862069,player,team_2,0.5957311987876892,835,201,904,364,69,163
959,33.06896551724138,player,team_3,0.7970790266990662,1175,326,1279,519,104,193
959,33.06896551724138,player,team_3,0.7834551930427551,909,331,975,528,66,197
959,33.06896551724138,player,team_3,0.6889531016349792,574,162,695,312,121,150
959,33.06896551724138,player,team_3,0.6783847212791443,664,296,746,470,82,174
959,33.06896551724138,player,team_2,0.674621045589447,835,197,907,307,72,110
959,33.06896551724138,player,team_4,0.5093982219696045,334,104,422,226,88,122
960,33.10344827586207,player,team_3,0.8102003931999207,1181,323,1279,513,98,190
960,33.10344827586207,player,team_3,0.7294524312019348,816,198,916,361,100,163
960,33.10344827586207,player,team_3,0.7132295370101929,656,298,745,473,89,175
960,33.10344827586207,player,team_3,0.6899906396865845,918,327,972,520,54,193
960,33.10344827586207,player,team_3,0.5527471899986267,336,371,461,531,125,160
960,33.10344827586207,player,team_3,0.5305596590042114,919,479,1039,641,120,162
960,33.10344827586207,player,unknown,0.5249677300453186,330,100,420,221,90,121
961,33.13793103448276,player,team_3,0.8289899230003357,1173,317,1279,508,106,191
961,33.13793103448276,player,team_3,0.7511221766471863,917,325,973,519,56,194
961,33.13793103448276,player,team_3,0.7186079621315002,638,150,699,309,61,159
961,33.13793103448276,player,team_3,0.6718679666519165,321,366,476,528,155,162
961,33.13793103448276,player,team_3,0.5645574331283569,906,480,1045,659,139,179
961,33.13793103448276,player,team_3,0.5630375742912292,658,301,745,473,87,172
962,33.172413793103445,player,unknown,0.739009439945221,683,303,744,474,61,171
962,33.172413793103445,player,unknown,0.7360539436340332,309,363,451,526,142,163
962,33.172413793103445,player,team_3,0.735005259513855,1185,312,1278,487,93,175
962,33.172413793103445,player,team_3,0.6111268997192383,912,319,974,513,62,194
962,33.172413793103445,player,team_3,0.5982469916343689,636,152,695,304,59,152
963,33.206896551724135,player,team_3,0.782678484916687,887,316,985,515,98,199
963,33.206896551724135,player,team_3,0.7692054510116577,300,356,448,522,148,166
963,33.206896551724135,player,team_3,0.646973729133606,1148,309,1267,494,119,185
963,33.206896551724135,player,team_1,0.5817277431488037,674,303,748,469,74,166
963,33.206896551724135,class_32,,0.5132767558097839,674,450,707,474,33,24
964,33.241379310344826,player,team_3,0.7604494690895081,881,315,989,514,108,199
964,33.241379310344826,player,team_3,0.7499058246612549,292,354,443,519,151,165
964,33.241379310344826,player,team_3,0.6874890327453613,1144,305,1260,494,116,189
964,33.241379310344826,player,team_3,0.6057481169700623,617,161,688,293,71,132
965,33.275862068965516,player,team_3,0.8261869549751282,880,314,988,514,108,200
965,33.275862068965516,player,team_3,0.7066450715065002,1152,305,1253,495,101,190
965,33.275862068965516,player,unknown,0.6810410618782043,667,296,766,459,99,163
965,33.275862068965516,player,team_3,0.6342559456825256,288,353,437,519,149,166
965,33.275862068965516,player,team_3,0.512736976146698,977,479,1036,624,59,145
966,33.310344827586206,player,team_3,0.8389159440994263,883,315,984,517,101,202
966,33.310344827586206,player,unknown,0.7810640335083008,641,294,758,461,117,167
966,33.310344827586206,player,team_2,0.6796560287475586,1160,306,1247,495,87,189
966,33.310344827586206,player,team_3,0.6244399547576904,975,480,1038,636,63,156
966,33.310344827586206,player,team_3,0.5413658022880554,588,159,684,293,96,134
966,33.310344827586206,player,team_3,0.5272940993309021,343,352,441,520,98,168
967,33.3448275862069,player,team_3,0.7793341875076294,891,316,975,521,84,205
967,33.3448275862069,player,team_3,0.6079459190368652,577,149,690,296,113,147
967,33.3448275862069,player,unknown,0.599305272102356,654,293,762,464,108,171
967,33.3448275862069,player,team_3,0.5951643586158752,349,354,429,522,80,168
967,33.3448275862069,player,team_3,0.5474929809570312,854,587,918,639,64,52
967,33.3448275862069,player,team_3,0.5439876914024353,852,181,925,346,73,165
967,33.3448275862069,player,team_3,0.536626398563385,211,159,316,281,105,122
968,33.37931034482759,player,team_3,0.7859997749328613,896,316,960,519,64,203
968,33.37931034482759,player,team_3,0.7492183446884155,954,473,1043,645,89,172
968,33.37931034482759,player,team_3,0.575115978717804,835,585,899,637,64,52
968,33.37931034482759,player,team_2,0.5178543329238892,1172,307,1226,440,54,133
968,33.37931034482759,player,team_3,0.5158822536468506,305,356,425,523,120,167
969,33.41379310344828,player,team_3,0.7713886499404907,894,316,950,515,56,199
969,33.41379310344828,player,team_3,0.7495216131210327,944,469,1044,651,100,182
969,33.41379310344828,player,team_3,0.6720601916313171,849,182,918,290,69,108
969,33.41379310344828,player,team_3,0.6536434888839722,816,583,883,637,67,54
969,33.41379310344828,player,team_3,0.6350926160812378,560,144,697,295,137,151
970,33.44827586206897,player,team_3,0.7961722016334534,885,315,956,518,71,203
970,33.44827586206897,player,unknown,0.7030444741249084,688,299,755,477,67,178
970,33.44827586206897,player,team_3,0.6759994029998779,800,581,865,637,65,56
970,33.44827586206897,player,team_3,0.6487643718719482,931,467,1044,642,113,175
970,33.44827586206897,player,team_2,0.5966981649398804,823,180,917,345,94,165
970,33.44827586206897,player,team_3,0.5887051224708557,558,145,686,294,128,149
970,33.44827586206897,player,team_3,0.5741274356842041,327,355,415,522,88,167
970,33.44827586206897,player,team_3,0.5407366752624512,236,154,295,257,59,103
971,33.48275862068966,player,team_3,0.8105542063713074,869,312,966,516,97,204
971,33.48275862068966,player,team_3,0.7975630760192871,921,467,1043,651,122,184
971,33.48275862068966,player,team_3,0.7409964203834534,307,355,413,520,106,165
971,33.48275862068966,player,unknown,0.7021231055259705,688,303,753,484,65,181
971,33.48275862068966,player,team_2,0.6826027035713196,783,580,846,638,63,58
971,33.48275862068966,player,team_2,0.6319881677627563,846,177,922,283,76,106
971,33.48275862068966,player,team_3,0.5823485851287842,227,139,295,262,68,123
971,33.48275862068966,player,team_3,0.552579402923584,562,144,669,298,107,154
972,33.51724137931034,player,team_3,0.8344638347625732,854,309,969,513,115,204
972,33.51724137931034,player,team_3,0.8093305826187134,907,468,1042,650,135,182
972,33.51724137931034,player,team_3,0.7807672023773193,294,350,425,518,131,168
972,33.51724137931034,player,team_3,0.732064425945282,693,304,760,481,67,177
972,33.51724137931034,player,team_2,0.6987528204917908,764,579,829,639,65,60
972,33.51724137931034,player,team_3,0.5782539248466492,611,145,664,295,53,150
972,33.51724137931034,player,team_3,0.5549326539039612,793,174,925,341,132,167
973,33.55172413793103,player,team_3,0.783653199672699,846,309,969,510,123,201
973,33.55172413793103,player,unknown,0.7441851496696472,684,307,751,467,67,160
973,33.55172413793103,player,team_3,0.7258274555206299,899,469,1038,649,139,180
973,33.55172413793103,player,team_3,0.686314046382904,583,146,664,294,81,148
973,33.55172413793103,player,team_3,0.662649393081665,747,578,811,638,64,60
973,33.55172413793103,player,team_3,0.6537648439407349,283,351,412,516,129,165
974,33.58620689655172,player,team_3,0.808758020401001,837,307,968,511,131,204
974,33.58620689655172,player,team_3,0.7531668543815613,586,135,665,294,79,159
974,33.58620689655172,player,team_3,0.7443613409996033,278,351,416,512,138,161
974,33.58620689655172,player,unknown,0.6103134751319885,677,305,750,436,73,131
974,33.58620689655172,player,team_3,0.6092544198036194,730,578,794,637,64,59
974,33.58620689655172,player,team_3,0.5340456962585449,911,470,1035,634,124,164
975,33.62068965517241,player,team_3,0.8622362017631531,838,309,957,510,119,201
975,33.62068965517241,player,team_3,0.7135347127914429,572,140,665,291,93,151
975,33.62068965517241,player,team_3,0.7054909467697144,273,351,416,516,143,165
975,33.62068965517241,player,team_3,0.6609044671058655,673,304,751,459,78,155
975,33.62068965517241,player,team_2,0.5236501693725586,1132,298,1212,484,80,186
976,33.6551724137931,player,team_3,0.780397355556488,845,309,941,510,96,201
976,33.6551724137931,player,team_3,0.6676770448684692,271,351,422,522,151,171
976,33.6551724137931,player,team_3,0.6037535071372986,194,136,284,292,90,156
976,33.6551724137931,player,team_2,0.5809427499771118,1130,298,1199,466,69,168
976,33.6551724137931,player,team_2,0.5211015343666077,261,67,315,198,54,131
976,33.6551724137931,player,team_3,0.5002343058586121,558,140,661,291,103,151
977,33.689655172413794,player,team_3,0.8279523849487305,852,309,924,510,72,201
977,33.689655172413794,player,team_3,0.7869858145713806,276,347,420,520,144,173
977,33.689655172413794,player,team_3,0.7692911028862,545,134,657,288,112,154
977,33.689655172413794,player,team_3,0.7597277164459229,648,304,755,487,107,183
977,33.689655172413794,player,team_2,0.525764524936676,253,72,315,200,62,128
977,33.689655172413794,player,team_3,0.5254330039024353,1130,299,1190,461,60,162
977,33.689655172413794,player,team_3,0.520855724811554,199,140,276,293,77,153
978,33.724137931034484,player,team_3,0.8346230983734131,850,308,915,509,65,201
978,33.724137931034484,player,team_3,0.8074615001678467,632,306,764,493,132,187
978,33.724137931034484,player,team_3,0.7654677629470825,283,344,420,522,137,178
978,33.724137931034484,player,team_3,0.7340799570083618,535,128,662,281,127,153
978,33.724137931034484,player,team_3,0.5759605765342712,901,473,1041,693,140,220
978,33.724137931034484,player,team_2,0.5467284917831421,248,75,307,202,59,127
979,33.758620689655174,player,team_3,0.8284525275230408,844,302,912,506,68,204
979,33.758620689655174,player,team_3,0.729834794998169,533,132,664,277,131,145
979,33.758620689655174,player,team_3,0.6792553663253784,157,145,244,294,87,149
979,33.758620689655174,player,unknown,0.6711231470108032,328,347,430,524,102,177
979,33.758620689655174,player,team_3,0.5964324474334717,672,308,755,488,83,180
979,33.758620689655174,player,team_3,0.5249166488647461,635,309,756,490,121,181
980,33.793103448275865,player,team_3,0.8460259437561035,830,303,913,508,83,205
980,33.793103448275865,player,unknown,0.743705689907074,311,345,387,524,76,179
980,33.793103448275865,player,team_3,0.7435566782951355,680,314,754,491,74,177
980,33.793103448275865,player,team_3,0.6560944318771362,921,462,1036,640,115,178
980,33.793103448275865,class_32,,0.622445821762085,738,481,772,504,34,23
981,33.827586206896555,player,team_3,0.7405344247817993,683,320,753,482,70,162
981,33.827586206896555,player,team_3,0.726732611656189,915,459,1036,640,121,181
981,33.827586206896555,player,unknown,0.7235660552978516,301,342,395,523,94,181
981,33.827586206896555,player,team_2,0.6747807860374451,586,113,649,281,63,168
981,33.827586206896555,player,team_3,0.5854246020317078,827,303,914,499,87,196
981,33.827586206896555,class_32,,0.5074934363365173,724,484,759,508,35,24
982,33.86206896551724,player,unknown,0.7984367609024048,282,339,409,524,127,185
982,33.86206896551724,player,team_3,0.7976177334785461,686,323,753,506,67,183
982,33.86206896551724,player,team_3,0.7087316513061523,817,303,906,501,89,198
982,33.86206896551724,player,team_3,0.6838081479072571,912,463,1032,633,120,170
982,33.86206896551724,player,team_3,0.5592109560966492,146,153,239,293,93,140
983,33.89655172413793,player,team_3,0.8049058318138123,812,304,899,507,87,203
983,33.89655172413793,player,unknown,0.7934659123420715,270,336,401,523,131,187
983,33.89655172413793,player,team_3,0.7541738152503967,129,139,241,290,112,151
983,33.89655172413793,player,team_2,0.7070854902267456,560,116,638,281,78,165
983,33.89655172413793,player,team_3,0.6561746001243591,682,324,751,507,69,183
984,33.93103448275862,player,team_3,0.8150832056999207,668,326,754,508,86,182
984,33.93103448275862,player,team_3,0.7720025777816772,815,307,890,514,75,207
984,33.93103448275862,player,team_3,0.7563799619674683,118,144,238,293,120,149
984,33.93103448275862,player,unknown,0.6873828768730164,279,336,399,520,120,184
984,33.93103448275862,player,team_3,0.6130821704864502,541,575,610,636,69,61
984,33.93103448275862,player,team_2,0.5060487985610962,1093,343,1151,465,58,122
985,33.96551724137931,player,team_3,0.7903262376785278,107,143,242,292,135,149
985,33.96551724137931,player,unknown,0.7605920433998108,253,338,405,520,152,182
985,33.96551724137931,player,team_3,0.7244439125061035,538,131,627,279,89,148
985,33.96551724137931,player,team_3,0.7197218537330627,671,324,756,481,85,157
985,33.96551724137931,player,team_2,0.6438570022583008,1089,307,1149,483,60,176
985,33.96551724137931,player,unknown,0.5579406023025513,968,473,1025,647,57,174
985,33.96551724137931,player,team_4,0.5544952154159546,858,144,926,258,68,114
985,33.96551724137931,player,team_3,0.5482944250106812,519,575,591,636,72,61
986,34.0,player,unknown,0.7252950072288513,308,337,408,522,100,185
986,34.0,player,unknown,0.7199069857597351,659,325,758,496,99,171
986,34.0,player,team_2,0.6850060820579529,525,117,629,277,104,160
986,34.0,player,team_3,0.6616864204406738,99,145,246,291,147,146
986,34.0,player,team_4,0.6280724406242371,1082,312,1143,480,61,168
986,34.0,player,unknown,0.6062667965888977,966,476,1020,648,54,172
986,34.0,player,team_2,0.5657615661621094,502,577,571,635,69,58
987,34.03448275862069,player,unknown,0.7479119300842285,658,323,761,502,103,179
987,34.03448275862069,player,team_4,0.7229946851730347,509,115,629,274,120,159
987,34.03448275862069,player,team_2,0.6640686392784119,1068,312,1150,480,82,168
987,34.03448275862069,player,unknown,0.6548409461975098,311,340,392,527,81,187
987,34.03448275862069,player,unknown,0.6061121821403503,962,473,1021,647,59,174
987,34.03448275862069,player,unknown,0.6031669974327087,482,577,552,635,70,58
987,34.03448275862069,player,team_3,0.5530140995979309,808,311,865,501,57,190
988,34.06896551724138,player,team_3,0.766141414642334,1070,311,1155,483,85,172
988,34.06896551724138,player,team_4,0.69206303358078,865,145,925,313,60,168
988,34.06896551724138,player,unknown,0.6527537703514099,463,577,534,635,71,58
988,34.06896551724138,player,unknown,0.6270765662193298,312,343,382,533,70,190
988,34.06896551724138,player,unknown,0.621391236782074,649,323,764,505,115,182
988,34.06896551724138,player,team_2,0.6113960146903992,942,473,1020,636,78,163
988,34.06896551724138,player,team_4,0.5186798572540283,499,113,640,267,141,154
989,34.10344827586207,player,team_2,0.7547003626823425,927,473,1026,656,99,183
989,34.10344827586207,player,team_3,0.7521798610687256,1065,308,1162,488,97,180
989,34.10344827586207,player,unknown,0.6656817197799683,448,577,516,634,68,57
989,34.10344827586207,player,team_3,0.5946282744407654,798,308,858,479,60,171
989,34.10344827586207,player,unknown,0.5913451910018921,686,325,769,459,83,134
989,34.10344827586207,player,team_4,0.5414019227027893,501,111,637,265,136,154
990,34.13793103448276,player,team_3,0.7163498401641846,431,578,497,634,66,56
990,34.13793103448276,player,team_2,0.6825551390647888,917,469,1030,658,113,189
990,34.13793103448276,player,team_3,0.6520833969116211,692,328,762,454,70,126
990,34.13793103448276,player,team_3,0.6399762630462646,1058,307,1163,493,105,186
990,34.13793103448276,player,team_4,0.6223538517951965,535,108,629,270,94,162
990,34.13793103448276,player,unknown,0.543720006942749,292,345,390,488,98,143
990,34.13793103448276,player,team_4,0.5165757536888123,870,142,925,261,55,119
990,34.13793103448276,class_32,,0.5135581493377686,621,431,655,464,34,33
991,34.172413793103445,player,team_3,0.6802040934562683,414,580,479,634,65,54
991,34.172413793103445,player,team_3,0.66739821434021,1050,304,1160,501,110,197
991,34.172413793103445,player,unknown,0.6131963729858398,293,343,402,535,109,192
991,34.172413793103445,player,team_4,0.5838358402252197,837,143,930,311,93,168
991,34.172413793103445,player,team_3,0.5025169849395752,689,334,769,528,80,194
992,34.206896551724135,player,unknown,0.8471938967704773,280,340,396,535,116,195
992,34.206896551724135,player,team_3,0.7690608501434326,1033,307,1156,505,123,198
992,34.206896551724135,player,team_3,0.7362020015716553,126,143,191,271,65,128
992,34.206896551724135,player,unknown,0.7107833027839661,397,580,462,635,65,55
992,34.206896551724135,player,team_3,0.6291033625602722,556,109,607,270,51,161
992,34.206896551724135,player,unknown,0.5138062834739685,52,577,144,716,92,139
993,34.241379310344826,player,team_3,0.8553673624992371,1035,307,1149,508,114,201
993,34.241379310344826,player,unknown,0.847964346408844,272,339,386,531,114,192
993,34.241379310344826,player,team_3,0.6964846253395081,1172,69,1279,433,107,364
993,34.241379310344826,player,unknown,0.658561110496521,380,581,446,636,66,55
993,34.241379310344826,player,team_2,0.6083071827888489,113,66,194,273,81,207
993,34.241379310344826,player,team_2,0.5695562958717346,897,482,1050,704,153,222
993,34.241379310344826,player,team_2,0.5421374440193176,546,95,606,268,60,173
994,34.275862068965516,player,unknown,0.8772899508476257,265,339,383,529,118,190
994,34.275862068965516,player,team_3,0.8422955274581909,1047,309,1140,508,93,199
994,34.275862068965516,player,unknown,0.6081156134605408,14,579,111,717,97,138
994,34.275862068965516,player,unknown,0.586728572845459,365,582,428,637,63,55
994,34.275862068965516,player,team_3,0.5577763915061951,101,146,196,268,95,122
994,34.275862068965516,class_32,,0.530698299407959,667,446,705,480,38,34
995,34.310344827586206,player,unknown,0.8848826885223389,258,337,396,530,138,193
995,34.310344827586206,player,team_3,0.8240390419960022,1045,313,1126,509,81,196
995,34.310344827586206,player,team_4,0.7058528661727905,519,98,606,270,87,172
995,34.310344827586206,player,team_3,0.6881657838821411,1204,214,1279,424,75,210
995,34.310344827586206,player,unknown,0.5638919472694397,0,581,95,718,95,137
996,34.3448275862069,player,team_2,0.7482908964157104,510,102,608,266,98,164
996,34.3448275862069,player,team_2,0.7379090785980225,1050,315,1110,509,60,194
996,34.3448275862069,player,team_2,0.675988495349884,1191,212,1279,414,88,202
996,34.3448275862069,player,unknown,0.6753906607627869,256,339,407,533,151,194
996,34.3448275862069,player,unknown,0.6325255036354065,311,339,405,533,94,194
996,34.3448275862069,player,team_3,0.6166770458221436,81,145,220,315,139,170
996,34.3448275862069,player,unknown,0.5837014317512512,0,583,78,718,78,135
996,34.3448275862069,player,team_4,0.5492953658103943,891,139,949,308,58,169
996,34.3448275862069,player,team_3,0.5165162682533264,769,315,832,491,63,176
997,34.37931034482759,player,team_2,0.7087758183479309,1179,214,1279,416,100,202
997,34.37931034482759,player,team_3,0.6971333026885986,1050,314,1124,511,74,197
997,34.37931034482759,player,unknown,0.6298691034317017,264,341,408,535,144,194
997,34.37931034482759,player,team_3,0.6041896939277649,499,109,612,262,113,153
997,34.37931034482759,player,unknown,0.6009737253189087,318,341,406,534,88,193
997,34.37931034482759,player,team_3,0.5759981274604797,671,333,798,523,127,190
997,34.37931034482759,player,team_3,0.5187942385673523,88,146,222,316,134,170
997,34.37931034482759,player,team_1,0.5057109594345093,1085,53,1139,169,54,116
998,34.41379310344828,player,unknown,0.748737096786499,267,344,401,538,134,194
998,34.41379310344828,player,team_4,0.6307402849197388,501,102,634,259,133,157
998,34.41379310344828,player,team_3,0.630100429058075,1149,134,1279,416,130,282
998,34.41379310344828,player,unknown,0.5873833894729614,968,474,1032,631,64,157
998,34.41379310344828,player,team_2,0.5303740501403809,1046,312,1105,497,59,185
998,34.41379310344828,player,unknown,0.5278381109237671,315,342,401,536,86,194
998,34.41379310344828,player,team_1,0.5016183853149414,1069,57,1122,167,53,110
999,34.44827586206897,player,team_3,0.7682816386222839,1171,225,1277,413,106,188
999,34.44827586206897,player,team_1,0.6851583123207092,964,470,1040,636,76,166
999,34.44827586206897,player,team_4,0.6442959308624268,904,138,952,255,48,117
999,34.44827586206897,player,team_1,0.5662813186645508,1051,52,1104,169,53,117
999,34.44827586206897,player,team_3,0.5383400321006775,1040,309,1119,492,79,183
999,34.44827586206897,player,team_3,0.5373576283454895,320,348,388,537,68,189
999,34.44827586206897,player,team_3,0.53507399559021,298,348,383,539,85,191
999,34.44827586206897,player,team_3,0.5192244648933411,695,332,803,509,108,177
1000,34.48275862068966,player,team_1,0.7894768118858337,955,470,1047,642,92,172
1000,34.48275862068966,player,team_3,0.7278561592102051,308,348,383,539,75,191
1000,34.48275862068966,player,team_3,0.6943874955177307,1150,133,1265,412,115,279
1000,34.48275862068966,player,team_3,0.6808733940124512,1029,309,1133,510,104,201
1000,34.48275862068966,player,team_1,0.5734788775444031,1035,55,1088,167,53,112
1001,34.51724137931034,player,team_3,0.8271083235740662,312,348,385,540,73,192
1001,34.51724137931034,player,team_1,0.8165144920349121,951,469,1045,651,94,182
1001,34.51724137931034,player,team_3,0.7498496770858765,1142,154,1266,411,124,257
1001,34.51724137931034,player,team_3,0.6648999452590942,1028,309,1131,513,103,204
1001,34.51724137931034,player,team_1,0.5952765345573425,1019,50,1072,169,53,119
1001,34.51724137931034,player,team_4,0.5697917342185974,550,93,620,258,70,165
1002,34.55172413793103,player,team_3,0.7946221232414246,1137,147,1268,411,131,264
1002,34.55172413793103,player,team_3,0.7747088670730591,309,345,396,540,87,195
1002,34.55172413793103,player,team_3,0.762416660785675,124,159,183,328,59,169
1002,34.55172413793103,player,team_1,0.7190245985984802,961,469,1053,647,92,178
1002,34.55172413793103,player,team_2,0.6092254519462585,234,589,310,710,76,121
1002,34.55172413793103,player,team_3,0.6044542193412781,1031,310,1121,516,90,206
1002,34.55172413793103,player,team_1,0.5680002570152283,1003,50,1056,169,53,119
1002,34.55172413793103,player,team_1,0.5611234307289124,18,588,123,720,105,132
1003,34.58620689655172,player,team_3,0.869026243686676,293,342,408,540,115,198
1003,34.58620689655172,player,team_3,0.8032686114311218,1032,313,1124,523,92,210
1003,34.58620689655172,player,team_3,0.8001115322113037,1134,150,1266,411,132,261
1003,34.58620689655172,player,team_1,0.7723715305328369,963,471,1053,656,90,185
1003,34.58620689655172,player,team_2,0.6413983106613159,214,591,293,715,79,124
1003,34.58620689655172,player,team_3,0.5501618385314941,110,158,187,327,77,169
1003,34.58620689655172,player,team_1,0.5278065800666809,988,53,1040,169,52,116
1003,34.58620689655172,player,team_3,0.5092114806175232,864,129,991,293,127,164
1004,34.62068965517241,player,unknown,0.8829571604728699,289,340,407,539,118,199
1004,34.62068965517241,player,team_3,0.8408644795417786,1035,316,1118,524,83,208
1004,34.62068965517241,player,team_3,0.7457931637763977,1127,151,1263,412,136,261
1004,34.62068965517241,player,team_3,0.6858667135238647,100,156,191,345,91,189
1004,34.62068965517241,player,team_4,0.678081750869751,923,122,1010,293,87,171
1004,34.62068965517241,player,team_3,0.6623595952987671,738,321,829,535,91,214
1004,34.62068965517241,player,team_1,0.6297349333763123,976,475,1050,641,74,166
1004,34.62068965517241,player,team_2,0.5991828441619873,201,592,278,711,77,119
1005,34.6551724137931,player,unknown,0.8622196912765503,280,340,414,537,134,197
1005,34.6551724137931,player,team_2,0.7884870171546936,1036,321,1104,525,68,204
1005,34.6551724137931,player,team_3,0.7439687848091125,1116,154,1236,410,120,256
1005,34.6551724137931,player,team_3,0.7138062119483948,744,320,827,524,83,204
1005,34.6551724137931,player,team_3,0.7008455991744995,90,156,196,325,106,169
1005,34.6551724137931,player,unknown,0.6444907784461975,987,480,1050,644,63,164
1005,34.6551724137931,player,team_4,0.6316051483154297,931,51,1019,297,88,246
1005,34.6551724137931,player,team_2,0.6066626310348511,183,593,263,710,80,117
1006,34.689655172413794,player,unknown,0.8504913449287415,282,341,428,535,146,194
1006,34.689655172413794,player,team_1,0.7229381203651428,531,94,615,251,84,157
1006,34.689655172413794,player,team_3,0.6735172271728516,83,158,201,320,118,162
1006,34.689655172413794,player,team_3,0.6301206946372986,743,335,844,523,101,188
1006,34.689655172413794,player,team_3,0.6134316325187683,1036,324,1098,516,62,192
1006,34.689655172413794,player,team_1,0.5530068874359131,245,624,315,719,70,95
1006,34.689655172413794,player,team_3,0.5419699549674988,1110,155,1244,410,134,255
1006,34.689655172413794,player,team_3,0.5022799968719482,981,507,1051,646,70,139
1007,34.724137931034484,player,unknown,0.8103731274604797,285,344,429,536,144,192
1007,34.724137931034484,player,team_1,0.6533051133155823,229,623,309,718,80,95
1007,34.724137931034484,player,team_2,0.6513729691505432,152,595,232,713,80,118
1007,34.724137931034484,player,team_1,0.5768206715583801,747,366,843,528,96,162
1007,34.724137931034484,player,team_3,0.5710728168487549,1096,210,1254,408,158,198
1007,34.724137931034484,player,team_3,0.5628036260604858,1030,326,1113,511,83,185
1008,34.758620689655174,player,team_3,0.7861053943634033,1020,324,1121,518,101,194
1008,34.758620689655174,player,team_3,0.7610177397727966,1086,212,1247,403,161,191
1008,34.758620689655174,player,team_2,0.7287353873252869,734,324,853,540,119,216
1008,34.758620689655174,player,unknown,0.6344172358512878,295,347,423,542,128,195
1008,34.758620689655174,player,team_1,0.5778697729110718,216,626,289,719,73,93
1008,34.758620689655174,player,team_2,0.5750892162322998,137,596,218,714,81,118
1008,34.758620689655174,player,team_1,0.5150545239448547,1231,93,1279,252,48,159
1009,34.793103448275865,player,team_3,0.7910513281822205,1017,322,1124,514,107,192
1009,34.793103448275865,player,team_3,0.7154701948165894,348,350,417,542,69,192
1009,34.793103448275865,player,team_3,0.6382803916931152,1079,213,1244,399,165,186
1009,34.793103448275865,player,team_3,0.560179591178894,125,159,218,335,93,176
1009,34.793103448275865,player,team_2,0.5527254939079285,721,318,865,548,144,230
1009,34.793103448275865,player,team_1,0.5443975925445557,559,104,620,195,61,91
1010,34.827586206896555,player,team_3,0.7991083264350891,1013,320,1127,520,114,200
1010,34.827586206896555,player,team_3,0.6618373990058899,1073,212,1195,395,122,183
1010,34.827586206896555,player,unknown,0.5954858660697937,327,350,397,542,70,192
1010,34.827586206896555,player,team_1,0.5688702464103699,185,627,264,718,79,91
1010,34.827586206896555,player,team_1,0.5495521426200867,565,103,618,198,53,95
1011,34.86206896551724,player,team_3,0.7145103812217712,340,349,423,543,83,194
1011,34.86206896551724,player,team_3,0.6742213368415833,1064,211,1179,392,115,181
1011,34.86206896551724,player,team_3,0.6556764841079712,969,318,1126,662,157,344
1011,34.86206896551724,player,team_1,0.5946415662765503,570,105,622,200,52,95
1011,34.86206896551724,player,team_1,0.5917786359786987,168,626,249,718,81,92
1011,34.86206896551724,player,team_2,0.5201992392539978,90,600,173,716,83,116
1011,34.86206896551724,player,unknown,0.5191143155097961,868,62,917,171,49,109
1012,34.89655172413793,player,unknown,0.7724824547767639,329,345,417,541,88,196
1012,34.89655172413793,player,team_3,0.6584988832473755,1064,207,1169,389,105,182
1012,34.89655172413793,player,team_3,0.6485980749130249,802,359,872,537,70,178
1012,34.89655172413793,player,team_3,0.60691899061203,692,319,805,499,113,180
1012,34.89655172413793,player,team_1,0.6041322946548462,154,628,234,718,80,90
1012,34.89655172413793,player,team_3,0.6038646697998047,138,166,188,341,50,175
1012,34.89655172413793,class_32,,0.5954984426498413,856,535,886,571,30,36
1012,34.89655172413793,player,team_2,0.5717995166778564,920,134,1036,294,116,160
1012,34.89655172413793,player,team_3,0.5462183356285095,1012,320,1123,525,111,205
1012,34.89655172413793,player,team_1,0.5450435876846313,852,55,901,171,49,116
1013,34.93103448275862,player,unknown,0.8336045145988464,320,342,421,540,101,198
1013,34.93103448275862,player,team_3,0.8109450936317444,1019,321,1116,527,97,206
1013,34.93103448275862,player,team_4,0.6419865489006042,916,131,1042,289,126,158
1013,34.93103448275862,player,team_3,0.6187085509300232,721,320,798,482,77,162
1013,34.93103448275862,player,team_1,0.5878049731254578,837,58,886,171,49,113
1013,34.93103448275862,player,team_3,0.5753527879714966,1154,162,1212,307,58,145
1013,34.93103448275862,player,team_3,0.5622493624687195,1058,206,1198,391,140,185
1013,34.93103448275862,player,unknown,0.536812424659729,801,365,875,555,74,190
1014,34.96551724137931,player,team_3,0.811651349067688,1018,324,1108,528,90,204
1014,34.96551724137931,player,unknown,0.7087728381156921,313,340,427,541,114,201
1014,34.96551724137931,player,unknown,0.6929842233657837,811,368,873,569,62,201
1014,34.96551724137931,player,team_3,0.5772512555122375,1055,204,1161,391,106,187
1014,34.96551724137931,player,team_1,0.5607967972755432,822,53,870,172,48,119
1014,34.96551724137931,player,team_3,0.5338588953018188,141,164,192,295,51,131
1014,34.96551724137931,player,team_1,0.5154033899307251,123,629,204,718,81,89
1015,35.0,player,team_3,0.7688506245613098,1056,202,1143,393,87,191
1015,35.0,class_32,,0.7384653091430664,785,472,822,508,37,36
1015,35.0,player,unknown,0.5983089804649353,823,368,877,485,54,117
1015,35.0,player,team_3,0.5930714011192322,113,162,201,339,88,177
1015,35.0,player,team_3,0.5890612602233887,708,323,808,482,100,159
1015,35.0,player,team_1,0.5492547750473022,806,70,854,171,48,101
1015,35.0,player,team_3,0.5165262818336487,309,341,440,534,131,193
1016,35.03448275862069,player,team_3,0.8275430798530579,700,324,807,497,107,173
1016,35.03448275862069,player,team_3,0.8060120344161987,309,340,450,534,141,194
1016,35.03448275862069,player,team_3,0.7251352071762085,1054,200,1136,387,82,187
1016,35.03448275862069,player,unknown,0.6506902575492859,807,367,883,540,76,173
1016,35.03448275862069,player,team_3,0.5537874698638916,830,371,884,531,54,160
1016,35.03448275862069,player,team_1,0.5101124048233032,790,53,839,173,49,120
1017,35.06896551724138,player,team_3,0.8320295810699463,685,321,796,499,111,178
1017,35.06896551724138,player,team_3,0.7422153949737549,313,343,450,535,137,192
1017,35.06896551724138,player,team_2,0.7075811624526978,1053,201,1134,385,81,184
1017,35.06896551724138,player,unknown,0.687554657459259,814,366,898,540,84,174
1017,35.06896551724138,player,team_1,0.5314983129501343,774,68,823,171,49,103
1017,35.06896551724138,player,team_3,0.5220491886138916,1137,170,1203,315,66,145
1018,35.10344827586207,player,team_3,0.8499494194984436,688,321,781,496,93,175
1018,35.10344827586207,player,unknown,0.7717559933662415,798,364,903,551,105,187
1018,35.10344827586207,player,team_3,0.7288665771484375,1123,174,1213,319,90,145
1018,35.10344827586207,player,team_3,0.6463139057159424,1034,202,1132,384,98,182
1018,35.10344827586207,player,team_3,0.5633609294891357,93,163,223,347,130,184
1018,35.10344827586207,player,unknown,0.5125994682312012,371,347,428,489,57,142
1019,35.13793103448276,player,team_3,0.8794720768928528,688,320,771,499,83,179
1019,35.13793103448276,player,unknown,0.7396374940872192,792,364,912,550,120,186
1019,35.13793103448276,player,team_3,0.7062903642654419,1036,203,1132,382,96,179
1019,35.13793103448276,player,team_3,0.6794809699058533,369,346,430,533,61,187
1019,35.13793103448276,player,team_3,0.6668820381164551,1128,183,1218,320,90,137
1019,35.13793103448276,player,team_3,0.563788652420044,142,166,231,350,89,184
1019,35.13793103448276,player,unknown,0.5087493658065796,744,74,791,175,47,101
1020,35.172413793103445,player,team_3,0.8513540625572205,682,319,766,496,84,177
1020,35.172413793103445,player,unknown,0.7562800049781799,781,365,917,545,136,180
1020,35.172413793103445,player,unknown,0.7074570059776306,353,343,422,535,69,192
1020,35.172413793103445,player,team_3,0.6431520581245422,979,319,1075,524,96,205
1020,35.172413793103445,player,team_3,0.6278699040412903,1130,181,1219,327,89,146
1020,35.172413793103445,player,team_1,0.5403557419776917,728,66,777,177,49,111
1020,35.172413793103445,player,team_1,0.5058574676513672,985,458,1079,630,94,172
1021,35.206896551724135,player,team_3,0.8578609824180603,676,320,760,498,84,178
1021,35.206896551724135,player,team_1,0.7338224053382874,363,340,417,531,54,191
1021,35.206896551724135,player,unknown,0.732971727848053,786,366,923,548,137,182
1021,35.206896551724135,player,team_3,0.6304519772529602,977,315,1072,523,95,208
1021,35.206896551724135,player,team_1,0.5155538320541382,14,639,89,720,75,81
1022,35.241379310344826,player,team_3,0.7763405442237854,673,319,765,495,92,176
1022,35.241379310344826,class_32,,0.6918274760246277,792,480,824,504,32,24
1022,35.241379310344826,player,team_3,0.6206554174423218,850,370,917,502,67,132
1022,35.241379310344826,class_32,,0.6038492321968079,923,547,955,571,32,24
1022,35.241379310344826,player,team_2,0.5775833129882812,1125,194,1211,332,86,138
1022,35.241379310344826,player,team_1,0.562469482421875,583,98,641,242,58,144
1022,35.241379310344826,player,team_1,0.5169864296913147,698,69,748,176,50,107
1023,35.275862068965516,player,team_3,0.8055766820907593,668,318,771,497,103,179
1023,35.275862068965516,player,team_3,0.6484487652778625,995,458,1094,663,99,205
1023,35.275862068965516,player,team_1,0.5820195078849792,581,98,629,241,48,143
1023,35.275862068965516,player,team_1,0.5687755346298218,683,70,732,176,49,106
1023,35.275862068965516,player,team_2,0.5622773766517639,1116,200,1196,331,80,131
1023,35.275862068965516,player,team_3,0.549898624420166,141,175,193,353,52,178
1023,35.275862068965516,player,team_3,0.541952908039093,856,372,924,529,68,157
1024,35.310344827586206,player,team_3,0.8439701795578003,665,319,777,496,112,177
1024,35.310344827586206,player,team_2,0.773654580116272,1112,206,1193,331,81,125
1024,35.310344827586206,player,team_3,0.6832553148269653,868,379,927,520,59,141
1024,35.310344827586206,player,team_3,0.6824402809143066,144,170,197,352,53,182
1024,35.310344827586206,player,team_3,0.6301757097244263,961,211,1087,372,126,161
1024,35.310344827586206,player,team_1,0.6017635464668274,668,70,717,178,49,108
1024,35.310344827586206,player,unknown,0.5589198470115662,997,462,1101,666,104,204
1025,35.3448275862069,player,team_3,0.8745846152305603,661,321,782,496,121,175
1025,35.3448275862069,player,unknown,0.7230212092399597,996,464,1094,668,98,204
1025,35.3448275862069,player,team_3,0.7072301506996155,877,382,930,547,53,165
1025,35.3448275862069,player,team_3,0.683341383934021,1108,211,1200,330,92,119
1025,35.3448275862069,class_32,,0.6267488598823547,839,478,872,501,33,23
1025,35.3448275862069,player,unknown,0.5862305760383606,133,171,207,353,74,182
1025,35.3448275862069,player,team_2,0.5102254152297974,1189,585,1247,675,58,90
1025,35.3448275862069,player,team_1,0.507768452167511,569,91,629,242,60,151
1025,35.3448275862069,player,team_1,0.5006028413772583,654,62,704,178,50,116
1026,35.37931034482759,player,team_3,0.8619219660758972,658,322,782,497,124,175
1026,35.37931034482759,player,unknown,0.7367319464683533,998,467,1088,667,90,200
1026,35.37931034482759,player,team_3,0.7062922120094299,951,210,1057,373,106,163
1026,35.37931034482759,player,team_2,0.6194924712181091,1006,339,1062,477,56,138
1026,35.37931034482759,player,team_2,0.540550708770752,1032,141,1083,255,51,114
1026,35.37931034482759,player,unknown,0.530569851398468,887,380,938,495,51,115
1027,35.41379310344828,player,team_3,0.8643083572387695,651,324,778,495,127,171
1027,35.41379310344828,player,team_3,0.7968512773513794,945,207,1040,372,95,165
1027,35.41379310344828,player,team_3,0.6126930117607117,998,468,1078,665,80,197
1027,35.41379310344828,player,team_2,0.5657169222831726,1036,144,1086,254,50,110
1027,35.41379310344828,player,team_3,0.5299196243286133,1005,334,1058,486,53,152
1028,35.44827586206897,player,team_3,0.8500191569328308,641,324,766,494,125,170
1028,35.44827586206897,player,team_3,0.7682633996009827,948,203,1040,370,92,167
1028,35.44827586206897,player,unknown,0.7531349658966064,877,374,964,554,87,180
1028,35.44827586206897,player,team_1,0.6248257160186768,1228,112,1279,270,51,158
1028,35.44827586206897,player,unknown,0.5625723004341125,998,460,1083,665,85,205
1029,35.48275862068966,player,team_3,0.8607579469680786,634,323,756,494,122,171
1029,35.48275862068966,player,team_3,0.7340753078460693,949,198,1031,368,82,170
1029,35.48275862068966,player,unknown,0.704929530620575,880,371,967,547,87,176
1029,35.48275862068966,class_32,,0.661686360836029,856,541,888,575,32,34
1029,35.48275862068966,player,unknown,0.5541852116584778,997,462,1084,667,87,205
1029,35.48275862068966,player,team_1,0.5422658920288086,1231,113,1279,266,48,153
1029,35.48275862068966,player,team_3,0.5297650694847107,1040,149,1171,340,131,191
1030,35.51724137931034,player,team_3,0.8596521615982056,635,319,743,491,108,172
1030,35.51724137931034,player,team_2,0.8129753470420837,939,198,1012,365,73,167
1030,35.51724137931034,player,team_3,0.5644837021827698,977,328,1064,526,87,198
1030,35.51724137931034,player,team_2,0.5483753085136414,1005,463,1086,665,81,202
1030,35.51724137931034,player,team_1,0.5270837545394897,1227,115,1279,251,52,136
1030,35.51724137931034,player,team_3,0.5052506923675537,1036,149,1157,338,121,189
1030,35.51724137931034,player,team_1,0.504116415977478,381,339,450,518,69,179
1031,35.55172413793103,player,team_3,0.8569733500480652,630,319,730,489,100,170
1031,35.55172413793103,player,team_2,0.8015654683113098,933,197,1007,372,74,175
1031,35.55172413793103,player,team_3,0.7666577696800232,1031,145,1142,338,111,193
1031,35.55172413793103,player,team_1,0.6605695486068726,382,339,446,500,64,161
1032,35.58620689655172,player,team_3,0.8214027881622314,624,316,717,488,93,172
1032,35.58620689655172,player,team_3,0.8151702284812927,923,196,997,355,74,159
1032,35.58620689655172,player,team_3,0.7431776523590088,381,334,446,518,65,184
1032,35.58620689655172,player,team_2,0.6994918584823608,1028,146,1128,336,100,190
1033,35.62068965517241,player,team_3,0.7550879716873169,616,313,704,484,88,171
1033,35.62068965517241,player,team_3,0.7405040264129639,374,332,454,517,80,185
1033,35.62068965517241,player,team_3,0.7290168404579163,916,197,986,349,70,152
1034,35.6551724137931,player,team_3,0.8325973153114319,604,311,698,483,94,172
1034,35.6551724137931,player,team_3,0.7285940647125244,906,198,980,353,74,155
1034,35.6551724137931,player,team_3,0.6395255327224731,166,183,234,358,68,175
1034,35.6551724137931,player,team_3,0.5472491383552551,593,87,644,240,51,153
1034,35.6551724137931,player,team_3,0.5238997340202332,370,336,454,518,84,182
1035,35.689655172413794,player,team_3,0.758873462677002,578,309,703,483,125,174
1035,35.689655172413794,player,team_3,0.7390982508659363,896,202,974,359,78,157
1035,35.689655172413794,player,team_2,0.6777743101119995,997,185,1076,333,79,148
1035,35.689655172413794,player,team_3,0.5487995147705078,1001,331,1058,493,57,162
1035,35.689655172413794,player,unknown,0.5370960831642151,945,381,1002,528,57,147
1036,35.724137931034484,player,team_3,0.8080865740776062,566,305,714,485,148,180
1036,35.724137931034484,player,team_3,0.7558863759040833,888,204,966,375,78,171
1036,35.724137931034484,player,team_2,0.7239639759063721,984,178,1058,331,74,153
1036,35.724137931034484,player,team_1,0.5035707950592041,514,85,560,188,46,103
1037,35.758620689655174,player,team_3,0.7414144277572632,879,206,958,372,79,166
1037,35.758620689655174,player,team_3,0.7170104384422302,972,172,1038,327,66,155
1037,35.758620689655174,player,team_3,0.6593098640441895,381,336,499,514,118,178
1037,35.758620689655174,player,team_1,0.5859073400497437,504,92,548,188,44,96
1037,35.758620689655174,player,unknown,0.5792103409767151,965,386,1014,529,49,143
1037,35.758620689655174,player,team_3,0.5505760312080383,168,179,234,327,66,148
1037,35.758620689655174,player,team_3,0.5411207675933838,555,289,716,486,161,197
1037,35.758620689655174,player,team_3,0.5277777314186096,606,307,715,487,109,180
1037,35.758620689655174,player,team_2,0.5080174803733826,1054,154,1118,257,64,103
1038,35.793103448275865,player,team_3,0.7739777565002441,959,168,1024,328,65,160
1038,35.793103448275865,player,team_3,0.7126932740211487,871,208,955,374,84,166
1038,35.793103448275865,player,team_3,0.710028886795044,552,279,719,488,167,209
1038,35.793103448275865,player,team_3,0.6994401216506958,358,341,497,518,139,177
1038,35.793103448275865,player,team_3,0.6896393895149231,164,180,236,349,72,169
1038,35.793103448275865,player,team_1,0.6645082235336304,491,94,537,188,46,94
1038,35.793103448275865,player,team_3,0.6249088644981384,85,90,137,232,52,142
1038,35.793103448275865,player,team_4,0.5759840607643127,1059,154,1120,303,61,149
1038,35.793103448275865,player,team_1,0.5151386260986328,969,385,1018,527,49,142
1039,35.827586206896555,player,team_3,0.8384049534797668,360,341,491,516,131,175
1039,35.827586206896555,player,team_2,0.7726967334747314,861,205,944,378,83,173
1039,35.827586206896555,player,team_3,0.7283602356910706,947,172,1011,327,64,155
1039,35.827586206896555,player,team_1,0.6681801080703735,79,90,147,233,68,143
1039,35.827586206896555,player,team_1,0.626521110534668,477,90,524,188,47,98
1039,35.827586206896555,player,team_3,0.6245696544647217,599,314,718,488,119,174
1039,35.827586206896555,player,team_1,0.5065854787826538,1214,135,1279,293,65,158
1039,35.827586206896555,player,team_3,0.5046021938323975,550,260,719,488,169,228
1040,35.86206896551724,player,team_3,0.8068768382072449,368,338,478,520,110,182
1040,35.86206896551724,player,team_3,0.7960218787193298,853,205,937,375,84,170
1040,35.86206896551724,player,team_1,0.7911515235900879,73,91,158,232,85,141
1040,35.86206896551724,player,team_3,0.755995512008667,589,314,712,489,123,175
1040,35.86206896551724,player,team_3,0.7119645476341248,1059,154,1124,310,65,156
1040,35.86206896551724,player,team_1,0.6554332375526428,935,165,998,329,63,164
1040,35.86206896551724,player,team_1,0.649706244468689,1206,139,1279,294,73,155
1040,35.86206896551724,player,team_1,0.5404284596443176,468,93,512,189,44,96
1041,35.89655172413793,player,team_3,0.8444038033485413,370,336,467,516,97,180
1041,35.89655172413793,player,team_1,0.7656181454658508,923,171,987,325,64,154
1041,35.89655172413793,player,team_3,0.760858416557312,843,204,928,360,85,156
1041,35.89655172413793,player,team_3,0.7255842089653015,546,262,701,490,155,228
1041,35.89655172413793,player,team_3,0.5363914370536804,1055,154,1141,309,86,155
1042,35.93103448275862,player,team_3,0.8529518842697144,365,334,459,514,94,180
1042,35.93103448275862,player,team_3,0.7835703492164612,835,201,921,371,86,170
1042,35.93103448275862,player,team_3,0.7635244727134705,543,263,690,489,147,226
1042,35.93103448275862,player,team_1,0.7462313771247864,913,177,972,328,59,151
1042,35.93103448275862,player,team_3,0.7205939888954163,1055,154,1151,310,96,156
1042,35.93103448275862,player,team_1,0.6603286862373352,444,91,492,191,48,100
1043,35.96551724137931,player,team_3,0.8307338356971741,365,331,455,514,90,183
1043,35.96551724137931,player,team_3,0.7872176766395569,1053,153,1162,317,109,164
1043,35.96551724137931,player,team_3,0.7661571502685547,826,201,912,367,86,166
1043,35.96551724137931,player,team_3,0.7409152388572693,535,264,678,490,143,226
1043,35.96551724137931,player,team_2,0.6661400198936462,903,163,963,333,60,170
1043,35.96551724137931,player,unknown,0.6429322957992554,180,191,246,351,66,160
1043,35.96551724137931,player,team_2,0.5528258681297302,599,93,656,237,57,144
1044,36.0,player,team_3,0.8259262442588806,1053,155,1157,316,104,161
1044,36.0,player,unknown,0.8149874806404114,528,267,668,490,140,223
1044,36.0,player,team_3,0.8148466348648071,363,328,449,510,86,182
1044,36.0,player,team_3,0.768658459186554,814,199,900,365,86,166
1044,36.0,player,team_2,0.6949185729026794,891,177,952,330,61,153
1044,36.0,player,team_1,0.5745879411697388,425,94,469,195,44,101
1044,36.0,player,team_1,0.5263618230819702,186,192,243,307,57,115
1044,36.0,player,team_2,0.5115293860435486,882,576,947,645,65,69
1045,36.03448275862069,player,team_3,0.8302473425865173,806,195,893,369,87,174
1045,36.03448275862069,player,team_3,0.7756212949752808,360,327,443,510,83,183
1045,36.03448275862069,player,team_3,0.7613547444343567,1061,160,1152,314,91,154
1045,36.03448275862069,player,team_2,0.7233460545539856,890,184,940,329,50,145
1045,36.03448275862069,player,team_1,0.6732862591743469,412,89,459,195,47,106
1045,36.03448275862069,player,team_3,0.5715689063072205,558,312,660,489,102,177
1045,36.03448275862069,player,team_3,0.5377733111381531,995,340,1066,522,71,182
1045,36.03448275862069,player,team_2,0.5213755965232849,598,93,659,235,61,142
1045,36.03448275862069,player,team_1,0.5022594332695007,1187,146,1278,302,91,156
1046,36.06896551724138,player,team_3,0.8399900197982788,795,193,879,363,84,170
1046,36.06896551724138,player,team_3,0.807226300239563,511,274,653,488,142,214
1046,36.06896551724138,player,team_3,0.7673596143722534,355,326,441,510,86,184
1046,36.06896551724138,player,team_3,0.7480279803276062,1063,163,1139,313,76,150
1046,36.06896551724138,player,team_2,0.673807680606842,598,92,667,238,69,146
1046,36.06896551724138,player,team_2,0.6007314324378967,878,175,930,333,52,158
1046,36.06896551724138,player,team_2,0.5332624912261963,859,575,926,641,67,66
1046,36.06896551724138,player,unknown,0.5047488808631897,405,106,448,195,43,89
1047,36.10344827586207,player,team_3,0.8004000782966614,356,328,443,508,87,180
1047,36.10344827586207,player,team_2,0.7434917688369751,1060,164,1130,313,70,149
1047,36.10344827586207,player,team_3,0.7366069555282593,785,191,867,363,82,172
1047,36.10344827586207,player,team_2,0.6875187158584595,590,96,677,236,87,140
1047,36.10344827586207,player,team_3,0.686981737613678,512,290,649,485,137,195
1047,36.10344827586207,player,team_2,0.6748407483100891,848,575,915,641,67,66
1047,36.10344827586207,player,team_2,0.6369051933288574,863,168,919,332,56,164
1047,36.10344827586207,player,team_4,0.6092014312744141,1011,405,1073,529,62,124
1047,36.10344827586207,player,team_1,0.5575136542320251,195,191,249,354,54,163
1047,36.10344827586207,player,team_1,0.549524188041687,393,103,438,196,45,93
1048,36.13793103448276,player,team_3,0.8058701753616333,345,330,445,507,100,177
1048,36.13793103448276,player,team_3,0.7597048282623291,512,297,643,487,131,190
1048,36.13793103448276,player,team_3,0.7520753741264343,1057,164,1125,324,68,160
1048,36.13793103448276,player,team_1,0.6707675457000732,1184,153,1258,302,74,149
1048,36.13793103448276,player,team_2,0.6163122653961182,840,575,902,640,62,65
1048,36.13793103448276,player,team_3,0.6057493090629578,775,189,857,364,82,175
1048,36.13793103448276,player,team_1,0.5968960523605347,382,102,428,198,46,96
1048,36.13793103448276,player,team_3,0.5947389006614685,863,165,910,331,47,166
1048,36.13793103448276,player,team_1,0.562970757484436,191,189,252,356,61,167
1049,36.172413793103445,player,team_3,0.8119174242019653,350,332,446,508,96,176
1049,36.172413793103445,player,team_3,0.774770975112915,1050,162,1126,319,76,157
1049,36.172413793103445,player,team_3,0.7308503985404968,762,187,839,359,77,172
1049,36.172413793103445,player,team_1,0.6751041412353516,1180,154,1251,304,71,150
1049,36.172413793103445,player,team_2,0.5976101160049438,827,574,896,640,69,66
1049,36.172413793103445,player,team_1,0.5215823650360107,375,108,417,198,42,90
1050,36.206896551724135,player,team_3,0.8163977861404419,1043,159,1137,322,94,163
1050,36.206896551724135,player,unknown,0.7857069969177246,351,337,445,508,94,171
1050,36.206896551724135,player,team_3,0.7171632647514343,754,189,826,354,72,165
1050,36.206896551724135,player,team_1,0.6693145036697388,1177,149,1244,306,67,157
1050,36.206896551724135,player,team_2,0.6606726050376892,828,160,892,323,64,163
1050,36.206896551724135,player,team_2,0.6063555479049683,818,574,885,640,67,66
1050,36.206896551724135,player,team_3,0.5657430291175842,510,315,625,491,115,176
1050,36.206896551724135,player,team_1,0.5438068509101868,363,106,408,200,45,94
1051,36.241379310344826,player,unknown,0.8075429797172546,347,343,444,506,97,163
1051,36.241379310344826,player,team_3,0.7811835408210754,505,316,618,490,113,174
1051,36.241379310344826,player,team_3,0.7319814562797546,743,189,821,347,78,158
1051,36.241379310344826,player,team_3,0.7188693881034851,1045,162,1143,321,98,159
1051,36.241379310344826,player,team_1,0.6556363701820374,1176,150,1242,314,66,164
1051,36.241379310344826,player,team_2,0.6156293153762817,822,160,884,319,62,159
1051,36.241379310344826,player,team_3,0.598091185092926,1038,384,1098,534,60,150
1051,36.241379310344826,player,team_2,0.5727117657661438,809,574,872,641,63,67
1051,36.241379310344826,player,team_1,0.5529927611351013,353,104,398,201,45,97
1052,36.275862068965516,player,unknown,0.8092683553695679,339,346,444,506,105,160
1052,36.275862068965516,player,team_3,0.7861121892929077,1035,159,1146,321,111,162
1052,36.275862068965516,player,team_3,0.7554255723953247,732,189,816,345,84,156
1052,36.275862068965516,player,team_3,0.6830900311470032,506,318,617,490,111,172
1052,36.275862068965516,player,team_1,0.6571323275566101,828,162,876,317,48,155
1052,36.275862068965516,player,team_1,0.6448533535003662,345,109,387,201,42,92
1052,36.275862068965516,player,team_3,0.6163821220397949,1042,384,1101,530,59,146
1052,36.275862068965516,player,team_2,0.5821179747581482,797,573,865,640,68,67
1052,36.275862068965516,player,team_1,0.5576106905937195,1174,153,1244,311,70,158
1052,36.275862068965516,player,team_2,0.5138269066810608,858,572,911,639,53,67
1053,36.310344827586206,player,team_3,0.8133483529090881,724,190,808,345,84,155
1053,36.310344827586206,player,team_3,0.7636033892631531,330,350,444,503,114,153
1053,36.310344827586206,player,team_3,0.7239678502082825,518,320,610,490,92,170
1053,36.310344827586206,player,team_3,0.6497790217399597,1166,153,1243,321,77,168
1053,36.310344827586206,player,team_1,0.6356168389320374,333,106,378,203,45,97
1053,36.310344827586206,player,team_2,0.6257972717285156,789,573,853,640,64,67
1053,36.310344827586206,player,team_3,0.6086006164550781,1037,156,1146,321,109,165
1053,36.310344827586206,player,team_2,0.5978038311004639,820,163,868,312,48,149
1053,36.310344827586206,player,team_2,0.5251554846763611,849,571,903,640,54,69
1054,36.3448275862069,player,team_3,0.8306068778038025,492,317,602,490,110,173
1054,36.3448275862069,player,team_3,0.7921098470687866,713,191,800,343,87,152
1054,36.3448275862069,player,unknown,0.718091607093811,204,193,280,354,76,161
1054,36.3448275862069,player,unknown,0.6774710416793823,811,156,862,312,51,156
1054,36.3448275862069,player,team_3,0.6475986242294312,1161,154,1247,325,86,171
1054,36.3448275862069,player,unknown,0.642033576965332,322,351,442,497,120,146
1054,36.3448275862069,player,team_3,0.6006593704223633,1036,162,1138,323,102,161
1054,36.3448275862069,player,team_1,0.5950692296028137,326,108,368,204,42,96
1055,36.37931034482759,player,team_3,0.8639993667602539,484,318,588,486,104,168
1055,36.37931034482759,player,unknown,0.7994536757469177,312,351,443,502,131,151
1055,36.37931034482759,player,team_4,0.7947544455528259,801,149,855,306,54,157
1055,36.37931034482759,player,team_3,0.7928397059440613,707,193,792,345,85,152
1055,36.37931034482759,player,team_1,0.6807619333267212,205,195,267,354,62,159
1055,36.37931034482759,player,team_1,0.6303449869155884,605,102,654,237,49,135
1055,36.37931034482759,player,team_3,0.6284430623054504,1035,163,1137,326,102,163
1055,36.37931034482759,player,team_1,0.5713569521903992,316,109,361,203,45,94
1055,36.37931034482759,player,team_2,0.5018983483314514,829,570,883,638,54,68
1056,36.41379310344828,player,team_3,0.8353587985038757,492,318,573,482,81,164
1056,36.41379310344828,player,team_3,0.7971757054328918,204,194,263,353,59,159
1056,36.41379310344828,player,team_3,0.7958226799964905,697,195,782,343,85,148
1056,36.41379310344828,player,unknown,0.7176642417907715,794,145,845,306,51,161
1056,36.41379310344828,player,team_3,0.630192220211029,1034,165,1129,325,95,160
1056,36.41379310344828,player,team_3,0.5715224742889404,1058,381,1129,531,71,150
1056,36.41379310344828,player,team_2,0.5249553322792053,599,94,661,238,62,144
1056,36.41379310344828,player,unknown,0.5236769914627075,377,350,449,504,72,154
1056,36.41379310344828,player,team_2,0.5076431632041931,820,570,876,638,56,68
1056,36.41379310344828,player,team_2,0.5043727159500122,306,108,350,203,44,95
1057,36.44827586206897,player,unknown,0.8220750689506531,205,195,269,353,64,158
1057,36.44827586206897,player,team_3,0.8178478479385376,488,321,569,478,81,157
1057,36.44827586206897,player,unknown,0.7240806221961975,787,147,840,305,53,158
1057,36.44827586206897,player,team_3,0.6788968443870544,1034,170,1119,326,85,156
1057,36.44827586206897,player,team_3,0.6424440741539001,1064,388,1129,528,65,140
1057,36.44827586206897,player,team_1,0.5597373843193054,299,108,343,203,44,95
1057,36.44827586206897,player,team_1,0.5144022107124329,1159,172,1227,330,68,158
1057,36.44827586206897,player,team_2,0.5074058175086975,992,326,1061,509,69,183
1057,36.44827586206897,player,team_3,0.505040168762207,686,200,767,334,81,134
1058,36.48275862068966,player,team_3,0.8488175868988037,204,195,283,355,79,160
1058,36.48275862068966,player,team_3,0.7590649127960205,677,205,764,345,87,140
1058,36.48275862068966,player,team_3,0.7368410229682922,481,321,568,458,87,137
1058,36.48275862068966,player,team_4,0.7210929989814758,778,147,832,300,54,153
1058,36.48275862068966,player,team_1,0.6526861190795898,1149,175,1218,330,69,155
1058,36.48275862068966,player,team_3,0.6435496807098389,1042,173,1113,327,71,154
1058,36.48275862068966,player,team_3,0.6016802787780762,1068,391,1134,536,66,145
1058,36.48275862068966,player,unknown,0.5540579557418823,365,351,445,504,80,153
1058,36.48275862068966,player,team_1,0.535053014755249,289,108,334,204,45,96
1059,36.51724137931034,player,team_3,0.8339803218841553,368,354,446,506,78,152
1059,36.51724137931034,player,team_4,0.7661817073822021,770,148,826,299,56,151
1059,36.51724137931034,player,team_3,0.7629128694534302,472,324,576,467,104,143
1059,36.51724137931034,player,team_3,0.7344163656234741,1039,168,1116,326,77,158
1059,36.51724137931034,player,team_2,0.6908771395683289,667,208,736,331,69,123
1059,36.51724137931034,player,team_3,0.6614465713500977,204,195,284,355,80,160
1059,36.51724137931034,player,team_2,0.6525985598564148,1000,319,1059,502,59,183
1059,36.51724137931034,player,team_3,0.6175815463066101,1059,395,1141,532,82,137
1059,36.51724137931034,player,team_1,0.5849363803863525,283,109,327,205,44,96
1059,36.51724137931034,player,unknown,0.5291333198547363,905,450,969,626,64,176
1060,36.55172413793103,player,unknown,0.802888810634613,203,197,288,358,85,161
1060,36.55172413793103,player,team_2,0.7543033361434937,762,146,818,300,56,154
1060,36.55172413793103,player,team_3,0.7369189858436584,994,315,1061,500,67,185
1060,36.55172413793103,player,team_3,0.7324821352958679,1038,167,1122,326,84,159
1060,36.55172413793103,player,team_3,0.7087120413780212,460,322,578,460,118,138
1060,36.55172413793103,player,team_3,0.6255047917366028,648,200,744,341,96,141
1060,36.55172413793103,player,team_3,0.61885666847229,363,359,442,505,79,146
1060,36.55172413793103,player,team_1,0.5752503871917725,1148,179,1211,329,63,150
1060,36.55172413793103,player,team_1,0.5112780928611755,274,104,319,204,45,100
1061,36.58620689655172,player,unknown,0.8014002442359924,201,196,290,359,89,163
1061,36.58620689655172,player,team_4,0.7607147097587585,758,153,810,304,52,151
1061,36.58620689655172,player,team_3,0.7440793514251709,1038,169,1131,327,93,158
1061,36.58620689655172,player,team_3,0.653728723526001,994,315,1079,496,85,181
1061,36.58620689655172,player,team_3,0.6339114904403687,648,209,736,340,88,131
1061,36.58620689655172,player,team_3,0.6172237396240234,451,321,582,457,131,136
1061,36.58620689655172,player,team_1,0.6046775579452515,1148,179,1214,328,66,149
1061,36.58620689655172,player,team_1,0.5034044981002808,267,110,312,206,45,96
1062,36.62068965517241,player,unknown,0.812336802482605,202,196,301,361,99,165
1062,36.62068965517241,player,team_3,0.7682668566703796,642,210,731,346,89,136
1062,36.62068965517241,player,team_3,0.7569007277488708,995,317,1082,497,87,180
1062,36.62068965517241,player,team_2,0.728864848613739,750,152,808,303,58,151
1062,36.62068965517241,player,team_3,0.6507548689842224,1037,171,1133,327,96,156
1062,36.62068965517241,player,team_3,0.6265975832939148,351,370,481,506,130,136
1062,36.62068965517241,player,team_2,0.5074436068534851,823,568,889,637,66,69
1063,36.6551724137931,player,team_3,0.7816288471221924,998,318,1085,494,87,176
1063,36.6551724137931,player,unknown,0.718214750289917,204,197,308,361,104,164
1063,36.6551724137931,player,team_3,0.6871368288993835,638,211,723,339,85,128
1063,36.6551724137931,player,team_2,0.6866582632064819,745,154,804,301,59,147
1063,36.6551724137931,player,team_3,0.623279333114624,1035,176,1125,328,90,152
1063,36.6551724137931,player,team_3,0.5637990236282349,464,319,547,438,83,119
1063,36.6551724137931,player,team_1,0.5360904335975647,815,567,886,639,71,72
1063,36.6551724137931,player,unknown,0.5205373764038086,886,450,953,628,67,178
1064,36.689655172413794,player,team_2,0.712164580821991,1001,323,1090,492,89,169
1064,36.689655172413794,player,unknown,0.7007076144218445,340,368,486,507,146,139
1064,36.689655172413794,player,unknown,0.6879876255989075,208,201,307,362,99,161
1064,36.689655172413794,player,team_2,0.6863968372344971,631,212,719,347,88,135
1064,36.689655172413794,player,team_2,0.6856544017791748,742,152,803,301,61,149
1064,36.689655172413794,player,team_3,0.5172443985939026,1035,179,1111,328,76,149
1065,36.724137931034484,player,team_3,0.7342532277107239,464,316,552,463,88,147
1065,36.724137931034484,player,unknown,0.7125259637832642,878,448,945,623,67,175
1065,36.724137931034484,player,unknown,0.701076328754425,213,200,302,361,89,161
1065,36.724137931034484,player,team_3,0.6951113939285278,1003,325,1100,503,97,178
1065,36.724137931034484,player,team_2,0.6927875876426697,628,212,711,351,83,139
1065,36.724137931034484,player,team_4,0.6911817193031311,738,157,799,299,61,142
1065,36.724137931034484,player,team_1,0.630912721157074,1098,391,1175,568,77,177
1065,36.724137931034484,player,team_3,0.5814222693443298,1033,181,1112,328,79,147
1065,36.724137931034484,player,team_2,0.5723041296005249,803,566,872,638,69,72
1065,36.724137931034484,player,unknown,0.5321334004402161,343,371,485,509,142,138
1066,36.758620689655174,player,team_4,0.7025501728057861,732,152,793,300,61,148
1066,36.758620689655174,player,unknown,0.6903981566429138,875,449,941,621,66,172
1066,36.758620689655174,player,team_3,0.6807811260223389,472,311,545,463,73,152
1066,36.758620689655174,player,team_2,0.6757277846336365,1005,329,1096,495,91,166
1066,36.758620689655174,player,team_3,0.6516627073287964,1033,184,1109,328,76,144
1066,36.758620689655174,player,team_2,0.6502928733825684,625,212,706,351,81,139
1066,36.758620689655174,player,team_1,0.6256906390190125,1103,391,1178,558,75,167
1066,36.758620689655174,player,unknown,0.5967580676078796,222,203,294,361,72,158
1066,36.758620689655174,player,unknown,0.5525833964347839,798,568,868,638,70,70
1066,36.758620689655174,player,team_2,0.518832266330719,747,569,799,637,52,68
1067,36.793103448275865,player,team_2,0.705166220664978,619,216,698,358,79,142
1067,36.793103448275865,player,team_1,0.7010301947593689,872,450,939,619,67,169
1067,36.793103448275865,player,team_4,0.6726168990135193,728,152,788,297,60,145
1067,36.793103448275865,player,team_2,0.6359137296676636,1032,185,1105,328,73,143
1067,36.793103448275865,player,team_1,0.6332578063011169,1108,395,1188,555,80,160
1067,36.793103448275865,player,unknown,0.6044915318489075,230,203,290,362,60,159
1067,36.793103448275865,player,team_3,0.5419538021087646,480,309,543,458,63,149
1067,36.793103448275865,player,team_2,0.5122276544570923,793,567,856,637,63,70
1068,36.827586206896555,player,team_2,0.7933825850486755,605,215,695,361,90,146
1068,36.827586206896555,player,team_2,0.6939697265625,1008,331,1091,504,83,173
1068,36.827586206896555,player,team_4,0.6858865022659302,727,147,785,295,58,148
1068,36.827586206896555,player,unknown,0.6757593154907227,240,204,290,363,50,159
1068,36.827586206896555,player,unknown,0.6575849652290344,869,452,937,622,68,170
1068,36.827586206896555,player,team_2,0.6182405948638916,1032,184,1103,329,71,145
1068,36.827586206896555,player,team_1,0.5904853940010071,787,566,855,638,68,72
1068,36.827586206896555,player,team_2,0.5167153477668762,739,569,793,637,54,68
1069,36.86206896551724,player,team_2,0.8107331991195679,601,214,691,362,90,148
1069,36.86206896551724,player,unknown,0.7292138934135437,244,204,296,363,52,159
1069,36.86206896551724,player,team_4,0.7282015681266785,727,144,783,295,56,151
1069,36.86206896551724,player,team_2,0.707398533821106,1006,327,1087,505,81,178
1069,36.86206896551724,player,unknown,0.5757337212562561,863,452,934,624,71,172
1069,36.86206896551724,player,team_1,0.5267257690429688,1119,398,1194,560,75,162
1069,36.86206896551724,player,team_2,0.5042253732681274,1031,186,1106,338,75,152
1070,36.89655172413793,player,team_2,0.8192729949951172,607,214,688,363,81,149
1070,36.89655172413793,player,team_2,0.760138988494873,1000,323,1081,503,81,180
1070,36.89655172413793,player,team_3,0.7436906099319458,434,303,577,511,143,208
1070,36.89655172413793,player,unknown,0.7306993007659912,247,199,299,362,52,163
1070,36.89655172413793,player,unknown,0.7065998911857605,732,144,780,296,48,152
1070,36.89655172413793,player,team_1,0.5440806150436401,1122,397,1200,569,78,172
1070,36.89655172413793,player,unknown,0.5381008386611938,859,450,931,622,72,172
1071,36.93103448275862,player,team_3,0.7897837162017822,995,319,1083,498,88,179
1071,36.93103448275862,player,team_3,0.7826207280158997,441,308,581,510,140,202
1071,36.93103448275862,player,team_3,0.7786744236946106,606,210,683,362,77,152
1071,36.93103448275862,player,team_3,0.7536835670471191,248,198,303,363,55,165
1071,36.93103448275862,player,unknown,0.7457411289215088,731,147,776,298,45,151
1071,36.93103448275862,player,team_2,0.6355306506156921,1027,185,1104,332,77,147
1071,36.93103448275862,player,team_1,0.6029012203216553,774,566,840,637,66,71
1071,36.93103448275862,player,team_1,0.596966564655304,1123,398,1206,569,83,171
1072,36.96551724137931,player,team_3,0.7932982444763184,599,215,678,363,79,148
1072,36.96551724137931,player,team_2,0.789188027381897,991,319,1087,501,96,182
1072,36.96551724137931,player,team_3,0.7096368670463562,248,193,313,362,65,169
1072,36.96551724137931,player,unknown,0.7059594392776489,733,149,774,296,41,147
1072,36.96551724137931,player,team_1,0.6259833574295044,1126,401,1212,566,86,165
1072,36.96551724137931,player,team_2,0.5949769616127014,660,571,721,639,61,68
1072,36.96551724137931,player,team_3,0.516743540763855,1026,184,1108,332,82,148
1072,36.96551724137931,player,team_1,0.5157403349876404,767,567,837,638,70,71
1073,37.0,player,team_3,0.8127384185791016,592,213,674,364,82,151
1073,37.0,player,team_2,0.7887994050979614,985,319,1090,502,105,183
1073,37.0,player,unknown,0.7580674290657043,247,194,322,363,75,169
1073,37.0,player,unknown,0.7225527763366699,729,138,774,293,45,155
1073,37.0,player,team_1,0.5252121686935425,1130,402,1217,568,87,166
1074,37.03448275862069,player,team_3,0.7924431562423706,589,212,670,363,81,151
1074,37.03448275862069,player,unknown,0.7335124015808105,245,199,328,364,83,165
1074,37.03448275862069,player,unknown,0.6466847658157349,728,139,773,289,45,150
1074,37.03448275862069,player,team_3,0.6257001757621765,462,341,599,500,137,159
1074,37.03448275862069,player,team_3,0.5823405981063843,978,320,1092,501,114,181
1074,37.03448275862069,player,team_1,0.5781067609786987,1133,403,1222,567,89,164
1074,37.03448275862069,player,team_3,0.5687717795372009,1014,186,1085,330,71,144
1075,37.06896551724138,player,team_2,0.8132301568984985,588,211,667,363,79,152
1075,37.06896551724138,player,team_3,0.7482460737228394,245,203,332,365,87,162
1075,37.06896551724138,player,unknown,0.6552775502204895,723,137,772,288,49,151
1075,37.06896551724138,player,team_1,0.6387282013893127,1133,402,1223,566,90,164
1075,37.06896551724138,player,team_3,0.5444174408912659,976,320,1092,468,116,148
1076,37.10344827586207,player,team_2,0.7882514595985413,582,208,662,364,80,156
1076,37.10344827586207,player,unknown,0.7419225573539734,248,202,329,366,81,164
1076,37.10344827586207,player,team_2,0.6746011972427368,717,137,773,288,56,151
1076,37.10344827586207,player,unknown,0.5742668509483337,841,446,903,621,62,175
1076,37.10344827586207,player,team_1,0.5631676316261292,1135,402,1224,566,89,164
1077,37.13793103448276,player,team_2,0.8000646829605103,578,209,660,367,82,158
1077,37.13793103448276,player,unknown,0.7306511402130127,245,204,323,366,78,162
1077,37.13793103448276,player,team_2,0.6780902743339539,713,139,775,287,62,148
1077,37.13793103448276,player,unknown,0.6419969201087952,837,448,899,623,62,175
1077,37.13793103448276,player,team_1,0.5918411612510681,1136,401,1227,567,91,166
1078,37.172413793103445,player,unknown,0.7257266044616699,709,139,776,287,67,148
1078,37.172413793103445,player,unknown,0.7100865840911865,251,206,319,368,68,162
1078,37.172413793103445,player,unknown,0.6568396687507629,559,340,666,504,107,164
1078,37.172413793103445,player,team_3,0.6285261511802673,569,211,658,369,89,158
1078,37.172413793103445,player,team_1,0.61541348695755,1137,400,1225,568,88,168
1079,37.206896551724135,player,unknown,0.735049843788147,829,448,890,628,61,180
1079,37.206896551724135,player,unknown,0.7049638032913208,258,210,320,371,62,161
1079,37.206896551724135,player,team_4,0.6490817070007324,705,140,776,288,71,148
1079,37.206896551724135,player,team_3,0.6012964844703674,570,210,658,363,88,153
1079,37.206896551724135,player,team_3,0.5831446051597595,558,338,663,500,105,162
1080,37.241379310344826,player,unknown,0.7661598920822144,262,207,328,373,66,166
1080,37.241379310344826,player,unknown,0.7343450784683228,824,447,889,628,65,181
1080,37.241379310344826,player,team_3,0.5741926431655884,700,141,774,290,74,149
1081,37.275862068965516,player,unknown,0.7766701579093933,261,207,330,375,69,168
1081,37.275862068965516,player,team_3,0.7332449555397034,538,217,648,359,110,142
1081,37.275862068965516,player,unknown,0.6385855078697205,821,447,884,627,63,180
1081,37.275862068965516,player,team_4,0.6190497279167175,696,146,773,290,77,144
1081,37.275862068965516,player,team_1,0.6130467653274536,1137,403,1214,567,77,164
1081,37.275862068965516,player,team_2,0.5935768485069275,993,340,1083,486,90,146
1081,37.275862068965516,player,team_2,0.5646476745605469,722,566,785,637,63,71
1082,37.310344827586206,player,unknown,0.6668965220451355,261,212,332,378,71,166
1082,37.310344827586206,player,team_1,0.5924782752990723,1134,404,1211,565,77,161
1082,37.310344827586206,player,team_4,0.5908493995666504,689,143,769,291,80,148
1082,37.310344827586206,player,unknown,0.5817025303840637,816,447,879,628,63,181
1082,37.310344827586206,player,team_3,0.5382418632507324,549,323,699,479,150,156
1083,37.3448275862069,player,team_3,0.7427772283554077,688,153,765,292,77,139
1083,37.3448275862069,player,unknown,0.7064745426177979,257,212,329,381,72,169
1083,37.3448275862069,player,unknown,0.6302396655082703,812,447,875,628,63,181
1083,37.3448275862069,player,team_3,0.6042201519012451,980,334,1071,504,91,170
1084,37.37931034482759,player,team_3,0.741689920425415,523,224,637,357,114,133
1084,37.37931034482759,player,unknown,0.7247822880744934,257,213,326,384,69,171
1084,37.37931034482759,player,team_4,0.684657871723175,683,154,759,292,76,138
1084,37.37931034482759,player,team_3,0.6229724287986755,974,333,1067,499,93,166
1084,37.37931034482759,player,unknown,0.5250625014305115,810,447,872,626,62,179
1084,37.37931034482759,player,team_1,0.5154426097869873,1130,404,1204,565,74,161
1085,37.41379310344828,player,unknown,0.7584001421928406,256,218,331,386,75,168
1085,37.41379310344828,player,team_3,0.6793957948684692,963,332,1067,499,104,167
1085,37.41379310344828,player,team_2,0.6307482719421387,626,327,718,474,92,147
1085,37.41379310344828,player,team_3,0.5940613746643066,519,226,621,362,102,136
1085,37.41379310344828,player,team_4,0.5938815474510193,682,159,754,294,72,135
1085,37.41379310344828,player,team_1,0.5126998424530029,1127,404,1199,566,72,162
1085,37.41379310344828,player,team_2,0.5101839303970337,598,576,659,638,61,62
1086,37.44827586206897,player,unknown,0.7906273007392883,256,218,334,388,78,170
1086,37.44827586206897,player,team_2,0.7100797295570374,656,321,725,474,69,153
1086,37.44827586206897,player,team_3,0.6880066394805908,512,226,605,368,93,142
1086,37.44827586206897,player,team_3,0.6851609349250793,683,157,749,294,66,137
1086,37.44827586206897,player,team_3,0.6677125692367554,574,294,668,456,94,162
1086,37.44827586206897,player,team_3,0.5603699684143066,963,331,1062,498,99,167
1087,37.48275862068966,player,unknown,0.7657851576805115,255,222,337,390,82,168
1087,37.48275862068966,player,team_3,0.7081219553947449,510,228,604,369,94,141
1087,37.48275862068966,player,team_3,0.6883103847503662,689,157,746,294,57,137
1087,37.48275862068966,player,team_1,0.6382953524589539,656,319,734,474,78,155
1087,37.48275862068966,player,unknown,0.5221458673477173,798,450,860,630,62,180
1088,37.51724137931034,player,team_3,0.7191356420516968,507,230,603,375,96,145
1088,37.51724137931034,player,unknown,0.7049667239189148,256,229,334,392,78,163
1088,37.51724137931034,player,team_3,0.6463094353675842,694,162,743,292,49,130
1088,37.51724137931034,player,team_2,0.6003828644752502,661,314,746,468,85,154
1088,37.51724137931034,player,team_2,0.6002950072288513,607,297,684,453,77,156
1088,37.51724137931034,player,unknown,0.5163007974624634,793,451,857,630,64,179
1088,37.51724137931034,player,team_2,0.5077325105667114,585,579,643,641,58,62
1089,37.55172413793103,player,unknown,0.7651597261428833,256,230,327,393,71,163
1089,37.55172413793103,player,team_3,0.7614756226539612,502,232,593,383,91,151
1089,37.55172413793103,player,unknown,0.7311699986457825,789,454,853,633,64,179
1089,37.55172413793103,player,team_2,0.6716273427009583,606,299,677,454,71,155
1089,37.55172413793103,player,team_3,0.6320953965187073,695,162,741,295,46,133
1089,37.55172413793103,player,team_1,0.6026787757873535,671,312,767,453,96,141
1089,37.55172413793103,player,team_1,0.5413744449615479,125,140,172,238,47,98
1090,37.58620689655172,player,unknown,0.7764743566513062,256,233,322,397,66,164
1090,37.58620689655172,player,team_3,0.7593896389007568,498,235,594,383,96,148
1090,37.58620689655172,player,team_2,0.7170916795730591,600,298,697,462,97,164
1090,37.58620689655172,player,unknown,0.6534011363983154,785,454,848,634,63,180
1090,37.58620689655172,player,team_3,0.6196024417877197,692,160,740,299,48,139
1091,37.62068965517241,player,unknown,0.7683115005493164,259,235,318,399,59,164
1091,37.62068965517241,player,team_3,0.7214539647102356,493,235,582,383,89,148
1091,37.62068965517241,player,team_2,0.6405668258666992,597,298,682,456,85,158
1091,37.62068965517241,player,team_4,0.5787613987922668,687,161,738,300,51,139
1092,37.6551724137931,player,team_3,0.7689957022666931,487,235,581,388,94,153
1092,37.6551724137931,player,unknown,0.715951144695282,776,459,840,634,64,175
1092,37.6551724137931,player,team_3,0.7146495580673218,260,237,314,400,54,163
1092,37.6551724137931,player,team_4,0.5966476798057556,681,164,738,301,57,137
1092,37.6551724137931,player,team_3,0.5876696109771729,718,312,799,457,81,145
1092,37.6551724137931,player,team_1,0.5372417569160461,108,144,154,245,46,101
1092,37.6551724137931,player,team_2,0.5107805132865906,594,295,708,458,114,163
1093,37.689655172413794,player,team_3,0.7671448588371277,260,238,313,404,53,166
1093,37.689655172413794,player,team_3,0.7151569128036499,483,240,573,390,90,150
1093,37.689655172413794,player,unknown,0.6152952313423157,771,460,836,635,65,175
1093,37.689655172413794,player,team_3,0.5945835113525391,731,313,807,456,76,143
1093,37.689655172413794,player,team_4,0.557182252407074,680,166,738,300,58,134
1094,37.724137931034484,player,team_3,0.7696521282196045,477,243,566,393,89,150
1094,37.724137931034484,player,unknown,0.7552821636199951,259,240,312,406,53,166
1094,37.724137931034484,player,team_3,0.6226511597633362,742,308,812,457,70,149
1094,37.724137931034484,player,team_4,0.5800301432609558,676,169,737,302,61,133
1094,37.724137931034484,player,team_2,0.5775089263916016,600,122,655,255,55,133
1094,37.724137931034484,player,team_1,0.5257235765457153,95,151,141,249,46,98
1095,37.758620689655174,player,team_3,0.8293270468711853,474,245,560,397,86,152
1095,37.758620689655174,player,unknown,0.771301805973053,257,243,311,408,54,165
1095,37.758620689655174,player,team_3,0.667629599571228,746,309,815,454,69,145
1095,37.758620689655174,player,team_1,0.5297492742538452,91,155,135,251,44,96
1096,37.793103448275865,player,team_3,0.7900464534759521,470,247,553,403,83,156
1096,37.793103448275865,player,team_3,0.7773602604866028,256,247,309,411,53,164
1096,37.793103448275865,player,unknown,0.6881460547447205,756,466,822,638,66,172
1096,37.793103448275865,player,team_1,0.5781203508377075,84,155,129,253,45,98
1096,37.793103448275865,player,team_3,0.5750073790550232,754,309,830,440,76,131
1096,37.793103448275865,player,team_2,0.5394946336746216,601,123,645,259,44,136
1097,37.827586206896555,player,team_3,0.8079540729522705,473,251,549,407,76,156
1097,37.827586206896555,player,unknown,0.7981459498405457,254,247,314,414,60,167
1097,37.827586206896555,player,unknown,0.7119587063789368,752,469,816,637,64,168
1097,37.827586206896555,player,team_3,0.6259048581123352,664,176,731,313,67,137
1097,37.827586206896555,player,team_1,0.5627477765083313,76,153,123,256,47,103
1097,37.827586206896555,player,team_2,0.5563387274742126,602,124,641,264,39,140
1098,37.86206896551724,player,unknown,0.8131989240646362,249,251,319,418,70,167
1098,37.86206896551724,player,team_3,0.7874863147735596,470,252,545,410,75,158
1098,37.86206896551724,player,unknown,0.7167205810546875,746,471,811,637,65,166
1098,37.86206896551724,player,team_3,0.6653221249580383,661,176,730,315,69,139
1098,37.86206896551724,player,team_1,0.5998986959457397,71,151,118,261,47,110
1098,37.86206896551724,player,team_2,0.5589354038238525,599,122,640,266,41,144
1098,37.86206896551724,player,team_3,0.5149998068809509,771,304,846,440,75,136
1099,37.89655172413793,player,team_3,0.8200560808181763,459,259,538,414,79,155
1099,37.89655172413793,player,unknown,0.7973357439041138,246,253,321,422,75,169
1099,37.89655172413793,player,unknown,0.6623734831809998,742,476,807,638,65,162
1099,37.89655172413793,player,team_4,0.6208211779594421,658,179,725,313,67,134
1099,37.89655172413793,player,team_4,0.535544753074646,157,178,217,314,60,136
1099,37.89655172413793,player,team_1,0.5289121270179749,65,151,112,262,47,111
1099,37.89655172413793,player,team_2,0.5267345905303955,906,350,979,483,73,133
1099,37.89655172413793,player,team_2,0.5047587752342224,598,128,641,270,43,142
1100,37.93103448275862,player,unknown,0.7831262350082397,242,258,321,425,79,167
1100,37.93103448275862,player,team_2,0.7798919081687927,456,258,533,422,77,164
1100,37.93103448275862,player,team_4,0.6898965239524841,657,184,720,316,63,132
1100,37.93103448275862,player,unknown,0.6059426069259644,737,480,802,638,65,158
1100,37.93103448275862,player,team_1,0.5646079778671265,60,169,107,265,47,96
1100,37.93103448275862,player,team_3,0.5571170449256897,162,169,217,317,55,148
1100,37.93103448275862,player,team_2,0.5488898754119873,594,133,644,274,50,141
1100,37.93103448275862,player,team_2,0.544458270072937,904,353,982,519,78,166
1100,37.93103448275862,player,team_2,0.5067898631095886,678,322,756,438,78,116
1101,37.96551724137931,player,unknown,0.7962754964828491,236,265,319,430,83,165
1101,37.96551724137931,player,team_3,0.7891972661018372,451,262,530,422,79,160
1101,37.96551724137931,player,team_4,0.6768386960029602,658,185,715,319,57,134
1101,37.96551724137931,player,team_2,0.6143600344657898,903,357,974,526,71,169
1101,37.96551724137931,player,team_3,0.5810961127281189,154,175,208,321,54,146
1101,37.96551724137931,player,team_1,0.5653277039527893,53,168,100,269,47,101
1101,37.96551724137931,player,team_1,0.5280230641365051,588,138,645,276,57,138
1102,38.0,player,unknown,0.7952573895454407,234,268,316,435,82,167
1102,38.0,player,team_3,0.7657548785209656,446,267,522,425,76,158
1102,38.0,player,team_4,0.663560152053833,655,188,711,326,56,138
1102,38.0,player,unknown,0.6469996571540833,727,485,794,641,67,156
1102,38.0,player,team_2,0.6190982460975647,899,361,967,525,68,164
1102,38.0,player,team_2,0.5682359933853149,583,140,645,279,62,139
1102,38.0,player,team_3,0.5583425760269165,151,188,203,326,52,138
1102,38.0,player,team_2,0.5249547362327576,687,325,764,452,77,127
1102,38.0,player,team_2,0.5216113328933716,47,166,94,274,47,108
1103,38.03448275862069,player,unknown,0.7609557509422302,723,488,788,639,65,151
1103,38.03448275862069,player,team_3,0.7534713745117188,441,270,518,426,77,156
1103,38.03448275862069,player,unknown,0.7527852058410645,231,273,313,437,82,164
1103,38.03448275862069,player,team_2,0.7130847573280334,691,325,766,455,75,130
1103,38.03448275862069,player,team_4,0.6410359144210815,656,194,708,330,52,136
1103,38.03448275862069,player,team_2,0.6363784074783325,896,369,965,532,69,163
1103,38.03448275862069,player,team_4,0.6240905523300171,147,191,199,329,52,138
1103,38.03448275862069,player,team_1,0.5681902766227722,43,183,90,277,47,94
1103,38.03448275862069,player,team_2,0.5596652030944824,580,148,637,281,57,133
1104,38.06896551724138,player,unknown,0.7903902530670166,227,276,308,441,81,165
1104,38.06896551724138,player,team_3,0.7030372619628906,434,275,511,433,77,158
1104,38.06896551724138,player,team_2,0.6912587881088257,695,324,760,458,65,134
1104,38.06896551724138,player,team_3,0.6635401248931885,145,180,194,332,49,152
1104,38.06896551724138,player,team_2,0.6182466149330139,892,374,964,532,72,158
1104,38.06896551724138,player,team_1,0.6178246140480042,35,185,84,281,49,96
1104,38.06896551724138,player,team_2,0.6049791574478149,655,196,705,332,50,136
1104,38.06896551724138,player,unknown,0.5675199031829834,718,492,783,639,65,147
1105,38.10344827586207,player,team_3,0.7803598642349243,424,276,503,442,79,166
1105,38.10344827586207,player,team_2,0.7532945275306702,697,325,763,459,66,134
1105,38.10344827586207,player,unknown,0.7283318042755127,225,284,304,447,79,163
1105,38.10344827586207,player,team_1,0.5836257338523865,138,183,188,338,50,155
1105,38.10344827586207,player,team_4,0.5802561640739441,655,195,704,334,49,139
1105,38.10344827586207,player,team_2,0.5584502220153809,892,384,964,538,72,154
1106,38.13793103448276,player,team_2,0.7695968747138977,418,279,483,449,65,170
1106,38.13793103448276,player,unknown,0.7455374002456665,709,500,775,652,66,152
1106,38.13793103448276,player,unknown,0.7177233695983887,224,279,296,450,72,171
1106,38.13793103448276,player,team_2,0.6508115530014038,704,323,764,458,60,135
1106,38.13793103448276,player,team_2,0.5783915519714355,891,389,966,541,75,152
1106,38.13793103448276,player,team_4,0.5750482082366943,655,207,708,337,53,130
1106,38.13793103448276,player,team_1,0.5602509379386902,133,186,184,343,51,157
1106,38.13793103448276,player,team_1,0.5576461553573608,1066,456,1146,615,80,159
1106,38.13793103448276,player,team_2,0.5035117268562317,573,164,629,293,56,129
1107,38.172413793103445,player,unknown,0.753188967704773,224,280,289,455,65,175
1107,38.172413793103445,player,team_3,0.7432824373245239,413,280,479,451,66,171
1107,38.172413793103445,player,team_2,0.7161537408828735,652,211,712,342,60,131
1107,38.172413793103445,player,team_3,0.6862384676933289,887,393,968,546,81,153
1107,38.172413793103445,player,unknown,0.6801299452781677,704,504,770,659,66,155
1107,38.172413793103445,player,team_1,0.5972819924354553,131,190,179,346,48,156
1107,38.172413793103445,player,team_3,0.5840775370597839,707,323,771,442,64,119
1108,38.206896551724135,player,team_2,0.7729462385177612,886,401,967,552,81,151
1108,38.206896551724135,player,team_4,0.738920271396637,649,211,712,344,63,133
1108,38.206896551724135,player,team_2,0.6805674433708191,408,282,460,454,52,172
1108,38.206896551724135,player,unknown,0.6450231671333313,223,289,277,460,54,171
1108,38.206896551724135,player,team_3,0.6016782522201538,126,190,176,352,50,162
1108,38.206896551724135,player,team_3,0.5493603944778442,715,322,782,445,67,123
1108,38.206896551724135,player,unknown,0.50704425573349,701,510,764,656,63,146
1109,38.241379310344826,player,team_2,0.813039243221283,880,406,971,559,91,153
1109,38.241379310344826,player,team_2,0.7505198121070862,400,288,451,463,51,175
1109,38.241379310344826,player,team_4,0.7244935631752014,644,218,715,349,71,131
1109,38.241379310344826,player,unknown,0.6932647824287415,217,291,277,467,60,176
1109,38.241379310344826,player,team_4,0.6334669589996338,118,199,177,359,59,160
1109,38.241379310344826,player,team_2,0.5590261816978455,769,266,861,440,92,174
1110,38.275862068965516,player,team_2,0.8355991840362549,879,412,979,572,100,160
1110,38.275862068965516,player,team_2,0.7448124289512634,641,222,717,351,76,129
1110,38.275862068965516,player,team_2,0.7410810589790344,392,290,443,471,51,181
1110,38.275862068965516,player,unknown,0.6696661710739136,212,293,272,475,60,182
1110,38.275862068965516,player,team_3,0.5480139255523682,113,209,175,365,62,156
1110,38.275862068965516,player,unknown,0.5270232558250427,695,518,757,656,62,138
1110,38.275862068965516,player,team_1,0.5168026685714722,1060,476,1131,634,71,158
1111,38.310344827586206,player,team_2,0.8380922079086304,877,415,985,580,108,165
1111,38.310344827586206,player,team_2,0.7591715455055237,386,295,436,473,50,178
1111,38.310344827586206,player,team_2,0.7462557554244995,635,225,718,356,83,131
1111,38.310344827586206,player,unknown,0.7200573682785034,206,302,266,483,60,181
1111,38.310344827586206,player,team_4,0.7115135192871094,106,227,173,369,67,142
1111,38.310344827586206,player,team_1,0.5888497233390808,561,168,610,313,49,145
1111,38.310344827586206,player,team_3,0.5172518491744995,752,272,858,459,106,187
1112,38.3448275862069,player,team_3,0.8478640913963318,873,420,991,586,118,166
1112,38.3448275862069,player,team_2,0.7975698113441467,633,228,717,361,84,133
1112,38.3448275862069,player,team_4,0.7556997537612915,380,297,427,478,47,181
1112,38.3448275862069,player,unknown,0.7531846165657043,200,301,260,488,60,187
1112,38.3448275862069,player,team_4,0.7115740180015564,99,215,170,376,71,161
1112,38.3448275862069,player,team_1,0.626889169216156,557,168,609,315,52,147
1112,38.3448275862069,player,team_3,0.5316022634506226,727,273,858,472,131,199
1113,38.37931034482759,player,team_3,0.8497631549835205,871,424,991,590,120,166
1113,38.37931034482759,player,unknown,0.7703284025192261,194,300,256,493,62,193
1113,38.37931034482759,player,team_2,0.7271209359169006,373,298,421,483,48,185
1113,38.37931034482759,player,team_2,0.7087116241455078,629,218,713,365,84,147
1113,38.37931034482759,player,team_4,0.6386088132858276,97,228,167,380,70,152
1113,38.37931034482759,player,team_1,0.605387270450592,555,177,609,320,54,143
1113,38.37931034482759,player,team_1,0.5544568300247192,1048,477,1122,651,74,174
1114,38.41379310344828,player,team_3,0.867006778717041,868,428,987,594,119,166
1114,38.41379310344828,player,team_3,0.809084415435791,367,304,416,486,49,182
1114,38.41379310344828,player,team_3,0.756184458732605,190,314,247,498,57,184
1114,38.41379310344828,player,team_4,0.6849119067192078,627,232,708,368,81,136
1114,38.41379310344828,player,team_4,0.6687729358673096,95,240,159,386,64,146
1114,38.41379310344828,player,unknown,0.6017343997955322,679,537,744,637,65,100
1114,38.41379310344828,player,team_1,0.5932604670524597,551,171,610,323,59,152
1114,38.41379310344828,player,team_2,0.5903016328811646,726,291,795,487,69,196
1114,38.41379310344828,player,team_1,0.5438977479934692,1046,480,1118,655,72,175
1115,38.44827586206897,player,team_2,0.8543402552604675,866,431,985,600,119,169
1115,38.44827586206897,player,team_4,0.7581850290298462,91,250,155,390,64,140
1115,38.44827586206897,player,team_3,0.7452531456947327,360,308,409,490,49,182
1115,38.44827586206897,player,team_3,0.7186969518661499,184,314,240,503,56,189
1115,38.44827586206897,player,team_2,0.7186892032623291,622,239,707,373,85,134
1115,38.44827586206897,player,team_2,0.6531333327293396,720,288,803,487,83,199
1115,38.44827586206897,player,team_1,0.6248856782913208,548,179,617,327,69,148
1115,38.44827586206897,player,team_1,0.5772297382354736,1039,486,1115,682,76,196
1116,38.48275862068966,player,team_2,0.8674271702766418,868,431,984,603,116,172
1116,38.48275862068966,player,team_3,0.7666683793067932,353,315,405,493,52,178
1116,38.48275862068966,player,team_1,0.7333576083183289,86,254,149,395,63,141
1116,38.48275862068966,player,unknown,0.7225744128227234,178,329,239,508,61,179
1116,38.48275862068966,player,team_2,0.6749412417411804,618,248,704,379,86,131
1116,38.48275862068966,player,team_1,0.5922117829322815,1033,493,1115,689,82,196
1116,38.48275862068966,player,team_2,0.57733553647995,547,181,610,329,63,148
1116,38.48275862068966,player,team_2,0.5212135314941406,715,289,806,490,91,201
1117,38.51724137931034,player,team_2,0.857065737247467,873,432,982,607,109,175
1117,38.51724137931034,player,team_3,0.7247216105461121,348,317,398,496,50,179
1117,38.51724137931034,player,unknown,0.7129533886909485,173,335,234,513,61,178
1117,38.51724137931034,player,team_1,0.6739325523376465,82,256,143,401,61,145
1117,38.51724137931034,player,team_1,0.6551772952079773,1030,499,1115,682,85,183
1117,38.51724137931034,player,team_4,0.640444815158844,620,232,703,379,83,147
1117,38.51724137931034,player,team_1,0.6195002198219299,543,200,607,334,64,134
1117,38.51724137931034,player,unknown,0.5804283618927002,667,551,733,636,66,85
1118,38.55172413793103,player,team_2,0.8081638813018799,879,433,978,611,99,178
1118,38.55172413793103,player,team_1,0.7431293725967407,78,260,139,405,61,145
1118,38.55172413793103,player,team_3,0.7044962644577026,168,332,232,518,64,186
1118,38.55172413793103,player,team_1,0.6917904615402222,541,204,604,337,63,133
1118,38.55172413793103,player,team_3,0.6713413000106812,341,321,394,506,53,185
1118,38.55172413793103,player,team_2,0.5906333923339844,682,302,788,495,106,193
1118,38.55172413793103,player,team_4,0.5861280560493469,623,250,705,381,82,131
1119,38.58620689655172,player,team_2,0.7375357747077942,887,454,977,615,90,161
1119,38.58620689655172,player,team_3,0.7138238549232483,336,322,389,509,53,187
1119,38.58620689655172,player,team_1,0.6988508105278015,72,262,134,409,62,147
1119,38.58620689655172,player,team_1,0.6948984861373901,1019,512,1109,682,90,170
1119,38.58620689655172,player,team_3,0.6880528926849365,162,338,227,521,65,183
1119,38.58620689655172,player,team_1,0.678219199180603,533,205,601,341,68,136
1119,38.58620689655172,player,team_2,0.5587946772575378,736,317,805,501,69,184
1119,38.58620689655172,player,team_3,0.5026165246963501,626,245,705,379,79,134
1120,38.62068965517241,player,team_3,0.7369993925094604,330,323,383,513,53,190
1120,38.62068965517241,player,team_2,0.7052741050720215,894,436,976,617,82,181
1120,38.62068965517241,player,team_1,0.685706615447998,67,264,129,411,62,147
1120,38.62068965517241,player,team_1,0.6785719990730286,527,209,600,342,73,133
1120,38.62068965517241,player,team_3,0.6580641865730286,157,341,221,525,64,184
1120,38.62068965517241,player,team_3,0.6361423134803772,629,250,702,384,73,134
1120,38.62068965517241,player,team_3,0.563246488571167,736,338,802,506,66,168
1120,38.62068965517241,player,team_3,0.5301404595375061,675,310,755,479,80,169
1120,38.62068965517241,player,team_3,0.5156667232513428,1015,516,1105,689,90,173
1121,38.6551724137931,player,team_3,0.769930899143219,324,328,376,514,52,186
1121,38.6551724137931,player,unknown,0.7180619835853577,151,346,216,529,65,183
1121,38.6551724137931,player,team_2,0.6967573761940002,897,434,970,616,73,182
1121,38.6551724137931,player,team_1,0.6843916177749634,521,212,598,344,77,132
1121,38.6551724137931,player,team_4,0.65023273229599,671,314,748,487,77,173
1121,38.6551724137931,player,team_4,0.6444205641746521,60,248,125,416,65,168
1121,38.6551724137931,player,team_3,0.5877875089645386,633,249,701,387,68,138
1121,38.6551724137931,player,team_3,0.5646808743476868,736,338,800,510,64,172
1121,38.6551724137931,player,team_3,0.521686851978302,1007,520,1105,709,98,189
1122,38.689655172413794,player,team_3,0.7872072458267212,319,332,371,516,52,184
1122,38.689655172413794,player,team_3,0.689028263092041,903,436,968,620,65,184
1122,38.689655172413794,player,team_4,0.6683699488639832,668,315,740,490,72,175
1122,38.689655172413794,player,team_1,0.652733564376831,512,207,593,348,81,141
1122,38.689655172413794,player,team_4,0.6455033421516418,60,266,120,419,60,153
1122,38.689655172413794,player,unknown,0.6216440200805664,146,331,210,534,64,203
1122,38.689655172413794,player,team_3,0.542867124080658,741,347,802,513,61,166
1122,38.689655172413794,player,team_4,0.5291287899017334,639,253,701,395,62,142
1123,38.724137931034484,player,team_2,0.7925171852111816,315,331,364,518,49,187
1123,38.724137931034484,player,unknown,0.723491907119751,140,340,203,537,63,197
1123,38.724137931034484,player,team_3,0.6978891491889954,744,351,802,518,58,167
1123,38.724137931034484,player,team_4,0.6937645077705383,52,266,115,422,63,156
1123,38.724137931034484,player,team_4,0.6539701223373413,667,322,740,491,73,169
1123,38.724137931034484,player,team_2,0.6312006711959839,903,440,965,617,62,177
1123,38.724137931034484,player,team_1,0.5784163475036621,515,201,590,351,75,150
1124,38.758620689655174,player,team_3,0.7528422474861145,745,352,801,520,56,168
1124,38.758620689655174,player,team_3,0.7522082328796387,308,335,360,519,52,184
1124,38.758620689655174,player,team_2,0.716717541217804,667,319,740,493,73,174
1124,38.758620689655174,player,team_2,0.7040913701057434,51,272,110,425,59,153
1124,38.758620689655174,player,unknown,0.7020276784896851,133,351,198,540,65,189
1124,38.758620689655174,player,team_1,0.5664398074150085,510,206,576,353,66,147
1124,38.758620689655174,player,team_2,0.5118459463119507,904,442,962,614,58,172
1125,38.793103448275865,player,team_3,0.7605658769607544,300,339,357,523,57,184
1125,38.793103448275865,player,unknown,0.7541162371635437,127,338,190,544,63,206
1125,38.793103448275865,player,team_2,0.7352036237716675,746,352,800,522,54,170
1125,38.793103448275865,player,team_2,0.7260373830795288,667,324,742,496,75,172
1125,38.793103448275865,player,team_2,0.7090237736701965,47,275,107,430,60,155
1125,38.793103448275865,player,team_1,0.6703951954841614,497,206,572,358,75,152
1126,38.827586206896555,player,team_3,0.7440509796142578,290,341,349,527,59,186
1126,38.827586206896555,player,team_2,0.7370817065238953,664,329,734,500,70,171
1126,38.827586206896555,player,team_2,0.7276467680931091,38,273,99,431,61,158
1126,38.827586206896555,player,team_4,0.7255136370658875,746,354,799,520,53,166
1126,38.827586206896555,player,unknown,0.6648995280265808,120,361,182,547,62,186
1126,38.827586206896555,player,team_1,0.6270387172698975,489,202,560,359,71,157
1127,38.86206896551724,player,unknown,0.7743593454360962,113,370,170,549,57,179
1127,38.86206896551724,player,team_2,0.7423176765441895,32,278,94,435,62,157
1127,38.86206896551724,player,team_2,0.729878306388855,745,355,800,526,55,171
1127,38.86206896551724,player,team_3,0.7229897379875183,281,345,341,528,60,183
1127,38.86206896551724,player,team_4,0.7116596698760986,662,327,727,501,65,174
1127,38.86206896551724,player,team_1,0.5496885776519775,482,202,551,360,69,158
1128,38.89655172413793,player,team_3,0.7829858064651489,743,354,804,528,61,174
1128,38.89655172413793,player,unknown,0.7445911169052124,104,381,162,552,58,171
1128,38.89655172413793,player,team_3,0.7233826518058777,276,348,343,533,67,185
1128,38.89655172413793,player,team_1,0.6286311149597168,475,205,539,358,64,153
1128,38.89655172413793,player,team_4,0.605400562286377,24,273,88,437,64,164
1128,38.89655172413793,player,team_4,0.558347225189209,656,336,723,505,67,169
1129,38.93103448275862,player,team_3,0.8146005272865295,266,350,338,535,72,185
1129,38.93103448275862,player,team_3,0.7903703451156616,740,354,811,530,71,176
1129,38.93103448275862,player,team_2,0.748691737651825,20,278,83,437,63,159
1129,38.93103448275862,player,unknown,0.6679437160491943,95,373,156,555,61,182
1129,38.93103448275862,player,unknown,0.6622666716575623,652,326,721,509,69,183
1129,38.93103448275862,player,team_1,0.6187563538551331,470,205,528,362,58,157
1129,38.93103448275862,player,team_1,0.6118726134300232,933,568,1020,712,87,144
1129,38.93103448275862,player,team_2,0.6040630340576172,903,453,959,594,56,141
1130,38.96551724137931,player,team_3,0.8166530728340149,260,349,335,539,75,190
1130,38.96551724137931,player,team_3,0.8129750490188599,738,354,820,532,82,178
1130,38.96551724137931,player,team_2,0.7214882373809814,12,278,76,439,64,161
1130,38.96551724137931,player,unknown,0.7027214169502258,87,388,151,558,64,170
1130,38.96551724137931,player,team_2,0.6889132261276245,900,454,958,586,58,132
1130,38.96551724137931,player,team_2,0.6593862771987915,649,326,716,509,67,183
1130,38.96551724137931,player,team_1,0.6535387635231018,466,207,522,364,56,157
1131,39.0,player,team_3,0.8080905675888062,254,353,330,542,76,189
1131,39.0,player,team_3,0.7994420528411865,737,353,825,534,88,181
1131,39.0,player,team_2,0.7628659009933472,2,261,70,440,68,179
1131,39.0,player,unknown,0.7425414323806763,72,375,146,556,74,181
1131,39.0,player,team_1,0.6737358570098877,458,206,513,367,55,161
1131,39.0,player,team_2,0.6638807058334351,898,454,961,580,63,126
1131,39.0,player,team_1,0.6294626593589783,987,358,1068,495,81,137
1131,39.0,player,team_2,0.5308741927146912,644,282,711,511,67,229
1132,39.03448275862069,player,team_3,0.8054952621459961,248,353,321,544,73,191
1132,39.03448275862069,player,team_3,0.7807796001434326,736,354,826,535,90,181
1132,39.03448275862069,player,team_4,0.7419509291648865,995,358,1068,496,73,138
1132,39.03448275862069,player,unknown,0.713456928730011,60,394,139,557,79,163
1132,39.03448275862069,player,team_1,0.6842037439346313,450,206,507,370,57,164
1132,39.03448275862069,player,team_2,0.6632421016693115,0,262,62,440,62,178
1132,39.03448275862069,player,team_2,0.5944477915763855,641,280,705,508,64,228
1132,39.03448275862069,player,team_2,0.5293515920639038,897,454,974,631,77,177
1133,39.06896551724138,player,unknown,0.8406385779380798,45,378,134,558,89,180
1133,39.06896551724138,player,team_1,0.7697627544403076,1006,355,1068,496,62,141
1133,39.06896551724138,player,team_3,0.7464500069618225,735,354,824,534,89,180
1133,39.06896551724138,player,team_3,0.696570098400116,238,351,310,543,72,192
1133,39.06896551724138,player,team_1,0.6954372525215149,438,213,501,371,63,158
1133,39.06896551724138,player,team_1,0.6722729802131653,0,263,55,440,55,177
1133,39.06896551724138,player,team_4,0.6628841757774353,640,283,700,507,60,224
1134,39.10344827586207,player,team_3,0.7999179363250732,232,349,305,543,73,194
1134,39.10344827586207,player,unknown,0.7800197005271912,422,216,497,369,75,153
1134,39.10344827586207,player,unknown,0.7685078978538513,32,382,129,563,97,181
1134,39.10344827586207,player,unknown,0.7034555077552795,1012,351,1070,497,58,146
1134,39.10344827586207,player,team_3,0.6813020706176758,735,352,808,532,73,180
1134,39.10344827586207,player,team_1,0.6596213579177856,0,265,48,437,48,172
1134,39.10344827586207,player,team_4,0.6420002579689026,636,284,702,509,66,225
1134,39.10344827586207,player,team_2,0.5066871047019958,893,457,960,573,67,116
1135,39.13793103448276,player,team_3,0.8048936724662781,221,345,301,545,80,200
1135,39.13793103448276,player,team_3,0.7777283191680908,733,346,818,534,85,188
1135,39.13793103448276,player,team_1,0.7485963106155396,405,222,493,368,88,146
1135,39.13793103448276,player,unknown,0.6777951717376709,1011,346,1077,494,66,148
1135,39.13793103448276,player,team_2,0.6433521509170532,624,284,703,513,79,229
1135,39.13793103448276,player,team_1,0.5640960335731506,868,542,956,635,88,93
1135,39.13793103448276,player,team_2,0.5638667941093445,890,458,959,583,69,125
1136,39.172413793103445,player,team_3,0.7901413440704346,214,346,289,545,75,199
1136,39.172413793103445,player,team_1,0.7333897352218628,395,217,491,370,96,153
1136,39.172413793103445,player,unknown,0.7148979306221008,1020,342,1085,492,65,150
1136,39.172413793103445,player,team_3,0.6892080903053284,0,279,118,565,118,286
1136,39.172413793103445,player,team_3,0.6124459505081177,736,342,815,527,79,185
1136,39.172413793103445,player,team_2,0.6051160097122192,889,459,959,592,70,133
1136,39.172413793103445,player,team_2,0.5532001256942749,617,293,704,514,87,221
1137,39.206896551724135,player,team_3,0.813514232635498,203,345,280,544,77,199
1137,39.206896551724135,player,team_3,0.7865859270095825,0,308,114,569,114,261
1137,39.206896551724135,player,team_2,0.7529147267341614,887,459,960,631,73,172
1137,39.206896551724135,player,unknown,0.7014141082763672,1024,339,1090,491,66,152
1137,39.206896551724135,player,team_1,0.6856256127357483,389,226,487,369,98,143
1137,39.206896551724135,player,team_3,0.6492515802383423,839,540,917,637,78,97
1137,39.206896551724135,player,team_3,0.6387249827384949,757,338,818,520,61,182
1137,39.206896551724135,player,team_1,0.5174498558044434,558,315,618,494,60,179
1138,39.241379310344826,player,unknown,0.8166890740394592,0,369,103,568,103,199
1138,39.241379310344826,player,team_3,0.8117185831069946,197,343,265,546,68,203
1138,39.241379310344826,player,team_2,0.7869414687156677,886,459,959,633,73,174
1138,39.241379310344826,player,team_2,0.7623348236083984,762,332,827,513,65,181
1138,39.241379310344826,player,team_1,0.7469666600227356,383,222,481,370,98,148
1138,39.241379310344826,player,team_1,0.6847091317176819,831,541,899,636,68,95
1138,39.241379310344826,player,unknown,0.6784141659736633,1027,336,1094,490,67,154
1138,39.241379310344826,player,team_4,0.541602373123169,609,328,698,513,89,185
1139,39.275862068965516,player,team_3,0.8288565874099731,187,345,257,547,70,202
1139,39.275862068965516,player,team_1,0.8100382089614868,376,217,479,372,103,155
1139,39.275862068965516,player,team_2,0.7985376715660095,766,325,833,517,67,192
1139,39.275862068965516,player,unknown,0.7755329608917236,0,356,93,568,93,212
1139,39.275862068965516,player,team_2,0.7733246088027954,885,462,958,633,73,171
1139,39.275862068965516,player,team_3,0.680837094783783,817,541,889,637,72,96
1139,39.275862068965516,player,team_1,0.6769969463348389,535,339,630,497,95,158
1139,39.275862068965516,player,team_1,0.6376579403877258,1028,330,1095,484,67,154
1139,39.275862068965516,player,team_3,0.5679066181182861,605,322,693,512,88,190
1140,39.310344827586206,player,team_2,0.8147983551025391,883,464,957,633,74,169
1140,39.310344827586206,player,team_3,0.8067411780357361,177,344,246,548,69,204
1140,39.310344827586206,player,team_2,0.7865927219390869,768,320,837,515,69,195
1140,39.310344827586206,player,team_1,0.7614706158638,371,218,474,371,103,153
1140,39.310344827586206,player,team_3,0.6696386337280273,600,317,686,511,86,194
1140,39.310344827586206,player,team_1,0.6301739811897278,1028,322,1095,478,67,156
1140,39.310344827586206,player,unknown,0.618465006351471,0,393,83,569,83,176
1140,39.310344827586206,player,team_3,0.5757902264595032,804,547,876,638,72,91
1140,39.310344827586206,player,team_4,0.5608601570129395,659,284,705,427,46,143
1140,39.310344827586206,player,team_3,0.5221832394599915,522,332,625,498,103,166
1141,39.3448275862069,player,team_3,0.8131862878799438,167,344,241,548,74,204
1141,39.3448275862069,player,team_2,0.7950276136398315,880,465,956,633,76,168
1141,39.3448275862069,player,team_2,0.7523555755615234,773,322,851,508,78,186
1141,39.3448275862069,player,team_3,0.7081224322319031,595,316,682,511,87,195
1141,39.3448275862069,player,team_4,0.6851832866668701,659,282,709,427,50,145
1141,39.3448275862069,player,team_3,0.6691978573799133,511,329,611,498,100,169
1141,39.3448275862069,player,unknown,0.596355676651001,0,417,64,572,64,155
1141,39.3448275862069,player,team_3,0.5939153432846069,790,548,865,637,75,89
1141,39.3448275862069,player,team_1,0.5925552845001221,1028,321,1095,471,67,150
1142,39.37931034482759,player,team_3,0.8063053488731384,154,337,238,549,84,212
1142,39.37931034482759,player,team_2,0.7630680203437805,776,322,855,512,79,190
1142,39.37931034482759,player,team_4,0.7343438267707825,662,281,711,428,49,147
1142,39.37931034482759,player,team_2,0.7315937876701355,873,466,954,633,81,167
1142,39.37931034482759,player,team_3,0.7287129163742065,592,321,671,511,79,190
1142,39.37931034482759,player,team_1,0.6917519569396973,1028,309,1098,468,70,159
1142,39.37931034482759,player,team_3,0.609163761138916,497,333,612,497,115,164
1142,39.37931034482759,player,team_1,0.5818396210670471,356,222,451,370,95,148
1143,39.41379310344828,player,team_3,0.7978636622428894,147,347,235,549,88,202
1143,39.41379310344828,player,team_2,0.7630794048309326,782,322,858,510,76,188
1143,39.41379310344828,player,team_2,0.7421802282333374,872,467,952,634,80,167
1143,39.41379310344828,player,team_4,0.7415217161178589,661,280,713,428,52,148
1143,39.41379310344828,player,team_1,0.7183277606964111,1025,307,1101,465,76,158
1143,39.41379310344828,player,team_3,0.6959679126739502,483,333,588,499,105,166
1143,39.41379310344828,player,team_3,0.6818913221359253,586,320,660,512,74,192
1144,39.44827586206897,player,team_3,0.8346362113952637,132,348,231,551,99,203
1144,39.44827586206897,player,team_2,0.7715051770210266,870,470,952,634,82,164
1144,39.44827586206897,player,team_3,0.759183943271637,789,321,858,503,69,182
1144,39.44827586206897,player,team_4,0.736217737197876,659,278,714,428,55,150
1144,39.44827586206897,player,team_3,0.7359662055969238,581,315,652,517,71,202
1144,39.44827586206897,player,team_1,0.6837601065635681,1026,306,1103,457,77,151
1144,39.44827586206897,player,team_3,0.6396608948707581,468,333,551,498,83,165
1144,39.44827586206897,player,team_3,0.615741491317749,737,547,813,636,76,89
1145,39.48275862068966,player,team_3,0.8807452321052551,111,352,223,550,112,198
1145,39.48275862068966,player,team_3,0.7401546239852905,455,333,536,499,81,166
1145,39.48275862068966,player,team_4,0.7141367197036743,793,321,861,497,68,176
1145,39.48275862068966,player,team_2,0.7077548503875732,865,474,951,634,86,160
1145,39.48275862068966,player,team_3,0.7058005928993225,573,308,636,515,63,207
1145,39.48275862068966,player,team_4,0.6614144444465637,659,276,716,440,57,164
1145,39.48275862068966,player,team_1,0.644975483417511,1025,302,1106,455,81,153
1145,39.48275862068966,player,team_3,0.6300733089447021,722,543,796,637,74,94
1145,39.48275862068966,player,team_1,0.5276585817337036,323,221,387,368,64,147
1146,39.51724137931034,player,team_3,0.8829405307769775,101,351,220,550,119,199
1146,39.51724137931034,player,team_3,0.7621229290962219,438,335,548,499,110,164
1146,39.51724137931034,player,team_3,0.7598986625671387,796,330,865,503,69,173
1146,39.51724137931034,player,team_2,0.7542628049850464,855,479,945,634,90,155
1146,39.51724137931034,player,team_2,0.7417730689048767,658,275,719,445,61,170
1146,39.51724137931034,player,team_3,0.7250556349754333,567,309,623,518,56,209
1146,39.51724137931034,player,unknown,0.6330481171607971,1024,300,1109,455,85,155
1146,39.51724137931034,player,team_1,0.5694347620010376,306,212,382,368,76,156
1146,39.51724137931034,player,unknown,0.5542494654655457,923,241,977,401,54,160
1146,39.51724137931034,player,team_3,0.5238186120986938,705,543,775,636,70,93
1147,39.55172413793103,player,team_3,0.9007593393325806,94,351,217,552,123,201
1147,39.55172413793103,player,team_3,0.8488512635231018,417,334,532,498,115,164
1147,39.55172413793103,player,team_4,0.7791206240653992,656,277,720,448,64,171
1147,39.55172413793103,player,team_3,0.7661293148994446,796,329,876,503,80,174
1147,39.55172413793103,player,team_2,0.752935528755188,560,310,612,518,52,208
1147,39.55172413793103,player,team_2,0.7280033826828003,858,481,941,633,83,152
1147,39.55172413793103,player,unknown,0.6824414134025574,295,205,371,369,76,164
1147,39.55172413793103,player,team_1,0.6728387475013733,1026,299,1113,448,87,149
1147,39.55172413793103,player,team_3,0.575610339641571,688,544,763,640,75,96
1147,39.55172413793103,player,unknown,0.5636420845985413,921,238,976,401,55,163
1148,39.58620689655172,player,team_3,0.8629044890403748,86,355,210,555,124,200
1148,39.58620689655172,player,team_3,0.8232895135879517,402,333,516,498,114,165
1148,39.58620689655172,player,team_2,0.7779157757759094,795,343,886,504,91,161
1148,39.58620689655172,player,team_2,0.7301172018051147,656,282,720,448,64,166
1148,39.58620689655172,player,team_2,0.7170365452766418,554,310,605,520,51,210
1148,39.58620689655172,player,team_2,0.7087233066558838,855,484,938,635,83,151
1148,39.58620689655172,player,team_1,0.6801403164863586,1028,293,1115,447,87,154
1148,39.58620689655172,player,team_1,0.6731616258621216,285,204,364,368,79,164
1148,39.58620689655172,player,unknown,0.5701826214790344,922,237,976,400,54,163
1149,39.62068965517241,player,team_3,0.8785985708236694,75,354,204,555,129,201
1149,39.62068965517241,player,team_3,0.8211979866027832,381,332,513,499,132,167
1149,39.62068965517241,player,team_3,0.8023386001586914,793,332,898,509,105,177
1149,39.62068965517241,player,team_2,0.7628257870674133,658,281,723,449,65,168
1149,39.62068965517241,player,team_3,0.7457624673843384,542,307,608,517,66,210
1149,39.62068965517241,player,team_2,0.7121813893318176,851,488,934,636,83,148
1149,39.62068965517241,player,team_1,0.6980094909667969,276,205,353,373,77,168
1149,39.62068965517241,player,team_1,0.6715846657752991,1028,292,1118,446,90,154
1149,39.62068965517241,player,unknown,0.5827409625053406,922,235,977,400,55,165
1149,39.62068965517241,player,team_4,0.5019162893295288,90,215,153,340,63,125
1150,39.6551724137931,player,team_3,0.8895170092582703,63,354,198,558,135,204
1150,39.6551724137931,player,team_2,0.7731009125709534,661,285,726,449,65,164
1150,39.6551724137931,player,team_4,0.7627260684967041,791,328,914,509,123,181
1150,39.6551724137931,player,team_3,0.7201407551765442,369,329,510,499,141,170
1150,39.6551724137931,player,team_3,0.6883262395858765,530,304,603,509,73,205
1150,39.6551724137931,player,team_2,0.6788886785507202,848,494,926,633,78,139
1150,39.6551724137931,player,team_1,0.667690098285675,263,210,346,383,83,173
1150,39.6551724137931,player,team_1,0.630944013595581,632,552,702,634,70,82
1150,39.6551724137931,player,team_1,0.6216832995414734,1028,300,1119,448,91,148
1150,39.6551724137931,player,unknown,0.6180808544158936,922,231,975,400,53,169
1151,39.689655172413794,player,team_3,0.8729560375213623,49,355,190,563,141,208
1151,39.689655172413794,player,team_3,0.7394218444824219,665,292,729,450,64,158
1151,39.689655172413794,player,team_3,0.7358553409576416,792,331,920,513,128,182
1151,39.689655172413794,player,team_3,0.7294718027114868,524,313,600,507,76,194
1151,39.689655172413794,player,team_2,0.6989020705223083,826,495,923,633,97,138
1151,39.689655172413794,player,unknown,0.6337417960166931,921,229,976,399,55,170
1151,39.689655172413794,player,team_3,0.5861128568649292,357,335,496,495,139,160
1151,39.689655172413794,player,team_2,0.5860130786895752,618,554,689,633,71,79
1151,39.689655172413794,player,team_1,0.566582202911377,1027,305,1121,445,94,140
1151,39.689655172413794,player,team_1,0.5638830661773682,254,208,338,380,84,172
1152,39.724137931034484,player,team_3,0.8873635530471802,37,355,181,563,144,208
1152,39.724137931034484,player,team_3,0.852253258228302,791,323,921,513,130,190
1152,39.724137931034484,player,team_2,0.7684422731399536,666,293,734,448,68,155
1152,39.724137931034484,player,team_3,0.766835629940033,515,318,600,505,85,187
1152,39.724137931034484,player,team_2,0.7033476233482361,828,498,922,635,94,137
1152,39.724137931034484,player,team_1,0.6526148319244385,248,206,320,386,72,180
1152,39.724137931034484,player,team_3,0.6204789876937866,343,334,481,484,138,150
1152,39.724137931034484,player,unknown,0.5861190557479858,920,229,977,402,57,173
1152,39.724137931034484,player,team_1,0.5580817461013794,1024,310,1123,448,99,138
1152,39.724137931034484,player,team_4,0.5258848667144775,78,216,144,339,66,123
1153,39.758620689655174,player,team_3,0.8754710555076599,25,354,166,564,141,210
1153,39.758620689655174,player,team_3,0.8049591183662415,669,292,737,449,68,157
1153,39.758620689655174,player,team_2,0.7591482400894165,799,499,920,637,121,138
1153,39.758620689655174,player,team_3,0.7473683953285217,507,317,599,507,92,190
1153,39.758620689655174,player,team_3,0.7348573207855225,816,323,922,507,106,184
1153,39.758620689655174,player,team_3,0.6780572533607483,330,318,468,496,138,178
1153,39.758620689655174,player,team_1,0.6626593470573425,236,214,297,393,61,179
1153,39.758620689655174,player,unknown,0.6231608390808105,922,226,975,403,53,177
1153,39.758620689655174,player,team_1,0.572385847568512,1018,296,1125,448,107,152
1154,39.793103448275865,player,team_3,0.8667636513710022,14,350,151,564,137,214
1154,39.793103448275865,player,team_3,0.8401329517364502,667,292,738,458,71,166
1154,39.793103448275865,player,team_3,0.8081920742988586,491,320,597,509,106,189
1154,39.793103448275865,player,team_2,0.7950115203857422,828,319,924,507,96,188
1154,39.793103448275865,player,team_2,0.6575354337692261,812,495,917,638,105,143
1154,39.793103448275865,player,team_1,0.6491748690605164,1019,302,1124,450,105,148
1154,39.793103448275865,player,unknown,0.6451814770698547,921,224,974,404,53,180
1154,39.793103448275865,player,team_1,0.5780547857284546,227,216,286,394,59,178
1155,39.827586206896555,player,team_2,0.8548407554626465,5,349,129,566,124,217
1155,39.827586206896555,player,team_2,0.8316125273704529,848,317,934,508,86,191
1155,39.827586206896555,player,team_3,0.8191573023796082,486,319,598,511,112,192
1155,39.827586206896555,player,team_2,0.8090036511421204,670,291,739,467,69,176
1155,39.827586206896555,player,team_2,0.7854840159416199,820,494,912,637,92,143
1155,39.827586206896555,player,team_3,0.7481136918067932,310,339,442,510,132,171
1155,39.827586206896555,player,team_1,0.6403369307518005,217,225,277,394,60,169
1155,39.827586206896555,player,unknown,0.6225278973579407,922,226,975,403,53,177
1155,39.827586206896555,player,team_1,0.5641718506813049,1012,301,1125,452,113,151
1156,39.86206896551724,player,team_3,0.8649391531944275,477,322,599,515,122,193
1156,39.86206896551724,player,team_3,0.8549941182136536,0,343,105,563,105,220
1156,39.86206896551724,player,team_2,0.7886453866958618,811,493,903,637,92,144
1156,39.86206896551724,player,team_1,0.7787980437278748,300,341,369,514,69,173
1156,39.86206896551724,player,team_3,0.7314896583557129,674,292,739,471,65,179
1156,39.86206896551724,player,team_4,0.5494028329849243,863,316,941,509,78,193
1156,39.86206896551724,player,team_1,0.5471152663230896,205,224,262,392,57,168
1157,39.89655172413793,player,team_3,0.8494967818260193,0,339,81,563,81,224
1157,39.89655172413793,player,team_3,0.8165796995162964,467,319,597,521,130,202
1157,39.89655172413793,player,team_2,0.8087072372436523,802,494,892,636,90,142
1157,39.89655172413793,player,team_3,0.8011171221733093,278,326,350,514,72,188
1157,39.89655172413793,player,team_1,0.7129223346710205,190,229,258,389,68,160
1157,39.89655172413793,player,team_3,0.6679092049598694,681,292,747,472,66,180
1157,39.89655172413793,player,team_4,0.595091700553894,881,324,953,510,72,186
1157,39.89655172413793,player,team_1,0.5373189449310303,981,296,1120,447,139,151
1157,39.89655172413793,player,team_2,0.5001776218414307,269,196,329,332,60,136
1158,39.93103448275862,player,team_3,0.8306132555007935,0,339,67,568,67,229
1158,39.93103448275862,player,team_2,0.8053314685821533,794,493,883,637,89,144
1158,39.93103448275862,player,team_3,0.7593041658401489,453,320,585,540,132,220
1158,39.93103448275862,player,team_3,0.7335176467895508,677,292,749,474,72,182
1158,39.93103448275862,player,team_1,0.6497049331665039,178,235,256,391,78,156
1158,39.93103448275862,player,team_1,0.6046960353851318,973,290,1108,445,135,155
1159,39.96551724137931,player,team_3,0.8104198575019836,231,321,344,513,113,192
1159,39.96551724137931,player,team_3,0.8029096126556396,0,349,56,566,56,217
1159,39.96551724137931,player,team_3,0.8017681837081909,678,299,751,476,73,177
1159,39.96551724137931,player,team_2,0.7840556502342224,785,495,873,638,88,143
1159,39.96551724137931,player,team_3,0.6380282640457153,446,319,569,527,123,208
1159,39.96551724137931,player,team_1,0.5598916411399841,167,234,246,397,79,163
1160,40.0,player,team_3,0.8111060261726379,683,300,751,477,68,177
1160,40.0,player,team_2,0.8021342754364014,773,497,862,640,89,143
1160,40.0,player,team_3,0.7962805032730103,431,315,556,512,125,197
1160,40.0,player,team_4,0.7313433885574341,0,366,45,569,45,203
1160,40.0,player,team_3,0.5920929908752441,224,327,328,511,104,184
1160,40.0,player,team_1,0.5892223715782166,155,224,244,405,89,181
1161,40.03448275862069,player,team_3,0.8520062565803528,421,312,531,518,110,206
1161,40.03448275862069,player,team_3,0.8056414127349854,687,304,756,479,69,175
1161,40.03448275862069,player,team_2,0.7931157946586609,764,500,850,639,86,139
1161,40.03448275862069,player,team_3,0.7649271488189697,209,329,327,512,118,183
1161,40.03448275862069,player,team_3,0.6700831651687622,0,379,39,577,39,198
1161,40.03448275862069,player,team_1,0.6041483879089355,142,245,226,412,84,167
1162,40.06896551724138,player,team_3,0.8716309070587158,415,309,519,521,104,212
1162,40.06896551724138,player,team_3,0.8168744444847107,693,308,760,480,67,172
1162,40.06896551724138,player,team_2,0.8091788291931152,754,508,838,638,84,130
1162,40.06896551724138,player,team_3,0.6759108304977417,0,381,38,580,38,199
1162,40.06896551724138,player,team_1,0.6678691506385803,131,239,206,416,75,177
1162,40.06896551724138,player,team_3,0.6130253672599792,185,325,321,513,136,188
1163,40.10344827586207,player,team_3,0.8718673586845398,411,307,506,524,95,217
1163,40.10344827586207,player,team_2,0.8494889140129089,698,311,766,482,68,171
1163,40.10344827586207,player,team_2,0.7711493968963623,749,516,827,643,78,127
1163,40.10344827586207,player,team_1,0.6831673383712769,123,238,196,422,73,184
1163,40.10344827586207,player,unknown,0.6816631555557251,175,338,316,517,141,179
1163,40.10344827586207,player,unknown,0.615463376045227,0,398,35,582,35,184
1164,40.13793103448276,player,team_3,0.8596845269203186,401,306,494,518,93,212
1164,40.13793103448276,player,team_4,0.8334832787513733,706,312,769,479,63,167
1164,40.13793103448276,player,team_2,0.7325192093849182,739,521,819,641,80,120
1164,40.13793103448276,player,unknown,0.6819456219673157,0,418,34,583,34,165
1164,40.13793103448276,player,team_1,0.632702648639679,115,242,183,422,68,180
1165,40.172413793103445,player,team_3,0.8390834331512451,395,305,484,519,89,214
1165,40.172413793103445,player,team_2,0.8012584447860718,712,312,773,479,61,167
1165,40.172413793103445,player,team_2,0.7209646105766296,725,522,810,656,85,134
1165,40.172413793103445,player,unknown,0.64024418592453,132,342,282,538,150,196
1165,40.172413793103445,player,team_1,0.638958752155304,104,250,178,423,74,173
1166,40.206896551724135,player,team_2,0.8375370502471924,716,313,777,484,61,171
1166,40.206896551724135,player,team_4,0.8215872049331665,393,306,471,519,78,213
1166,40.206896551724135,player,team_3,0.6046825051307678,710,526,797,637,87,111
1166,40.206896551724135,player,team_3,0.5271608233451843,327,524,389,633,62,109
1167,40.241379310344826,player,team_3,0.8731764554977417,718,313,783,490,65,177
1167,40.241379310344826,player,team_4,0.8518428802490234,385,307,460,518,75,211
1167,40.241379310344826,player,team_1,0.7438642978668213,119,359,187,538,68,179
1167,40.241379310344826,player,team_3,0.5962796211242676,311,526,373,635,62,109
1167,40.241379310344826,player,team_2,0.5473983883857727,696,519,785,642,89,123
1168,40.275862068965516,player,team_4,0.8295698761940002,379,301,456,517,77,216
1168,40.275862068965516,player,team_3,0.8189225792884827,721,314,790,496,69,182
1168,40.275862068965516,player,team_1,0.7467635273933411,97,342,176,537,79,195
1168,40.275862068965516,player,team_3,0.6673920154571533,689,528,771,639,82,111
1169,40.310344827586206,player,team_2,0.8297185301780701,370,307,453,518,83,211
1169,40.310344827586206,player,team_3,0.7797369956970215,73,344,174,537,101,193
1169,40.310344827586206,player,team_3,0.7732358574867249,722,315,791,498,69,183
1169,40.310344827586206,player,team_2,0.6966342926025391,674,526,761,662,87,136
1169,40.310344827586206,player,unknown,0.5848134756088257,268,527,330,715,62,188
1169,40.310344827586206,player,unknown,0.5265869498252869,879,304,942,441,63,137
1170,40.3448275862069,player,team_2,0.8119781613349915,362,311,449,523,87,212
1170,40.3448275862069,player,team_3,0.7764593362808228,723,319,797,504,74,185
1170,40.3448275862069,player,team_2,0.7623157501220703,660,527,745,660,85,133
1170,40.3448275862069,player,team_3,0.602969229221344,50,332,172,536,122,204
1170,40.3448275862069,player,team_3,0.5265316963195801,48,248,173,537,125,289
1171,40.37931034482759,player,team_3,0.8422409892082214,341,321,449,529,108,208
1171,40.37931034482759,player,team_2,0.8184288740158081,728,323,797,504,69,181
1171,40.37931034482759,player,team_3,0.7948293685913086,646,528,734,663,88,135
1171,40.37931034482759,player,team_4,0.6798797845840454,969,295,1072,499,103,204
1171,40.37931034482759,player,team_1,0.6599746942520142,225,529,301,718,76,189
1171,40.37931034482759,player,unknown,0.6059100031852722,33,360,169,534,136,174
1172,40.41379310344828,player,team_3,0.8468846678733826,323,324,448,528,125,204
1172,40.41379310344828,player,team_3,0.8245221376419067,14,254,164,535,150,281
1172,40.41379310344828,player,team_2,0.8042458891868591,734,324,800,504,66,180
1172,40.41379310344828,player,team_3,0.7393678426742554,633,533,722,661,89,128
1172,40.41379310344828,player,team_4,0.6073618531227112,975,290,1072,495,97,205
1172,40.41379310344828,player,unknown,0.5563104152679443,197,526,290,717,93,191
1173,40.44827586206897,player,team_3,0.868085503578186,313,324,449,528,136,204
1173,40.44827586206897,player,team_2,0.8006001114845276,738,328,802,504,64,176
1173,40.44827586206897,player,team_2,0.6908725500106812,622,535,712,645,90,110
1173,40.44827586206897,player,team_3,0.6746764779090881,3,263,155,531,152,268
1173,40.44827586206897,player,unknown,0.6664493680000305,180,522,278,712,98,190
1174,40.48275862068966,player,team_3,0.8872688412666321,310,324,453,531,143,207
1174,40.48275862068966,player,unknown,0.8238589763641357,160,517,261,714,101,197
1174,40.48275862068966,player,team_2,0.793383002281189,744,329,807,505,63,176
1174,40.48275862068966,player,team_2,0.7676178812980652,608,542,700,637,92,95
1174,40.48275862068966,player,team_1,0.5173358917236328,826,285,929,437,103,152
1175,40.51724137931034,player,team_3,0.8382711410522461,310,326,451,536,141,210
1175,40.51724137931034,player,unknown,0.8349828124046326,137,513,249,714,112,201
1175,40.51724137931034,player,team_2,0.7790848016738892,744,332,806,506,62,174
1175,40.51724137931034,player,team_2,0.6969703435897827,597,545,689,637,92,92
1176,40.55172413793103,player,team_2,0.7994897961616516,746,333,808,508,62,175
1176,40.55172413793103,player,team_3,0.7744119167327881,302,326,390,526,88,200
1176,40.55172413793103,player,team_1,0.6086533069610596,0,267,69,455,69,188
1176,40.55172413793103,player,team_3,0.6064749956130981,303,326,448,532,145,206
1176,40.55172413793103,player,team_2,0.5805148482322693,584,545,674,636,90,91
1176,40.55172413793103,player,unknown,0.5674037933349609,119,511,273,719,154,208
1176,40.55172413793103,player,team_4,0.5406182408332825,992,276,1079,480,87,204
1176,40.55172413793103,player,unknown,0.5082104206085205,271,182,325,312,54,130
1177,40.58620689655172,player,team_1,0.7969843149185181,0,270,60,450,60,180
1177,40.58620689655172,player,team_2,0.7966864705085754,747,333,811,524,64,191
1177,40.58620689655172,player,team_3,0.706031084060669,287,326,447,526,160,200
1177,40.58620689655172,player,unknown,0.6244462728500366,100,510,221,712,121,202
1177,40.58620689655172,player,team_2,0.5831014513969421,553,532,665,638,112,106
1177,40.58620689655172,player,unknown,0.5345715284347534,272,182,328,314,56,132
1178,40.62068965517241,player,team_3,0.746910035610199,0,273,55,446,55,173
1178,40.62068965517241,player,team_2,0.7450708746910095,751,331,823,531,72,200
1178,40.62068965517241,player,unknown,0.7100628018379211,90,512,208,717,118,205
1178,40.62068965517241,player,team_3,0.6664643287658691,274,324,430,519,156,195
1178,40.62068965517241,player,team_2,0.6370293498039246,557,527,649,645,92,118
1178,40.62068965517241,player,team_3,0.5547497868537903,272,325,367,520,95,195
1178,40.62068965517241,player,unknown,0.5407647490501404,274,182,330,315,56,133
1179,40.6551724137931,player,team_2,0.8302359580993652,753,332,830,530,77,198
1179,40.6551724137931,player,team_3,0.8229004740715027,253,324,412,518,159,194
1179,40.6551724137931,player,unknown,0.7990038990974426,64,511,190,717,126,206
1179,40.6551724137931,player,team_3,0.7830742597579956,0,269,57,445,57,176
1179,40.6551724137931,player,team_2,0.6181844472885132,525,533,633,646,108,113
1179,40.6551724137931,player,team_4,0.5507141947746277,997,269,1096,480,99,211
1180,40.689655172413794,player,unknown,0.8159884810447693,51,513,176,716,125,203
1180,40.689655172413794,player,team_2,0.7548797726631165,0,248,58,442,58,194
1180,40.689655172413794,player,team_3,0.683835506439209,249,326,390,516,141,190
1180,40.689655172413794,player,team_2,0.6833232045173645,756,342,848,533,92,191
1180,40.689655172413794,player,team_2,0.6066193580627441,514,540,622,662,108,122
1181,40.724137931034484,player,unknown,0.8283462524414062,37,510,159,717,122,207
1181,40.724137931034484,player,team_2,0.78546541929245,760,343,847,529,87,186
1181,40.724137931034484,player,team_3,0.7223261594772339,249,325,356,454,107,129
1181,40.724137931034484,player,team_2,0.7068164348602295,512,538,606,660,94,122
1181,40.724137931034484,player,team_3,0.5430848598480225,752,284,847,528,95,244
1181,40.724137931034484,player,team_3,0.5406091809272766,0,279,59,439,59,160
1182,40.758620689655174,player,team_3,0.7834080457687378,223,320,348,450,125,130
1182,40.758620689655174,player,team_3,0.7642554044723511,742,283,842,528,100,245
1182,40.758620689655174,player,unknown,0.5816900730133057,20,555,124,719,104,164
1183,40.793103448275865,player,team_3,0.8564102053642273,217,317,364,504,147,187
1183,40.793103448275865,player,team_2,0.680134117603302,488,540,573,716,85,176
1183,40.793103448275865,player,team_3,0.6162728071212769,194,652,281,720,87,68
1183,40.793103448275865,player,team_1,0.5568962097167969,1,501,125,717,124,216
1183,40.793103448275865,player,team_3,0.5140836238861084,753,334,849,526,96,192
1184,40.827586206896555,player,team_3,0.8529765605926514,211,311,363,502,152,191
1184,40.827586206896555,player,team_4,0.7184554934501648,1017,269,1123,475,106,206
1184,40.827586206896555,player,unknown,0.6962897777557373,0,495,127,717,127,222
1184,40.827586206896555,player,team_3,0.6859225630760193,721,259,859,522,138,263
1185,40.86206896551724,player,unknown,0.6530372500419617,0,494,123,703,123,209
1185,40.86206896551724,player,team_4,0.5753504037857056,1023,268,1122,472,99,204
1185,40.86206896551724,player,unknown,0.5692064762115479,708,257,783,428,75,171
1185,40.86206896551724,player,team_2,0.540962278842926,458,542,547,645,89,103
1186,40.89655172413793,player,team_3,0.872766375541687,197,302,353,493,156,191
1186,40.89655172413793,player,unknown,0.7300267815589905,0,487,121,702,121,215
1186,40.89655172413793,player,unknown,0.7228583693504333,696,254,774,431,78,177
1186,40.89655172413793,player,team_2,0.6737620234489441,771,350,865,520,94,170
1186,40.89655172413793,player,team_4,0.6385329365730286,1021,257,1125,465,104,208
1186,40.89655172413793,player,unknown,0.54768306016922,303,162,359,287,56,125
1187,40.93103448275862,player,team_3,0.8579505681991577,202,301,348,503,146,202
1187,40.93103448275862,player,unknown,0.7729130983352661,691,252,766,435,75,183
1187,40.93103448275862,player,team_2,0.7401594519615173,776,349,865,524,89,175
1187,40.93103448275862,player,team_2,0.6825170516967773,432,536,515,637,83,101
1187,40.93103448275862,player,team_4,0.5307701230049133,1026,264,1122,463,96,199
1187,40.93103448275862,player,unknown,0.5008698105812073,307,158,362,287,55,129
1188,40.96551724137931,player,team_3,0.8420029878616333,188,298,344,503,156,205
1188,40.96551724137931,player,unknown,0.8001878261566162,680,250,759,433,79,183
1188,40.96551724137931,player,team_2,0.6154600977897644,408,534,500,636,92,102
1188,40.96551724137931,player,team_3,0.6107258200645447,780,349,866,537,86,188
1189,41.0,player,team_4,0.8013895750045776,1028,257,1132,461,104,204
1189,41.0,player,unknown,0.7733516693115234,676,261,747,436,71,175
1189,41.0,player,team_3,0.7392427921295166,387,531,485,635,98,104
1189,41.0,player,team_3,0.6660579442977905,769,348,870,540,101,192
1189,41.0,player,team_3,0.6248970031738281,1066,677,1128,720,62,43
1190,41.03448275862069,player,team_3,0.7733025550842285,788,349,873,543,85,194
1190,41.03448275862069,player,team_2,0.7339329123497009,180,288,264,499,84,211
1190,41.03448275862069,player,unknown,0.7084333896636963,673,261,742,432,69,171
1190,41.03448275862069,player,team_3,0.681729257106781,382,533,474,636,92,103
1190,41.03448275862069,player,team_4,0.6672226786613464,1030,260,1136,458,106,198
1190,41.03448275862069,player,team_3,0.6517018675804138,1072,674,1136,719,64,45
1190,41.03448275862069,player,team_3,0.557681143283844,106,647,191,720,85,73
1191,41.06896551724138,player,team_3,0.7929084300994873,378,532,458,636,80,104
1191,41.06896551724138,player,team_3,0.786271333694458,794,350,875,544,81,194
1191,41.06896551724138,player,unknown,0.7320928573608398,1076,671,1143,719,67,48
1191,41.06896551724138,player,team_4,0.7222446799278259,1031,253,1141,457,110,204
1191,41.06896551724138,player,team_2,0.6951337456703186,179,285,255,496,76,211
1191,41.06896551724138,player,team_3,0.6455506682395935,96,644,180,720,84,76
1191,41.06896551724138,player,unknown,0.6042578220367432,674,254,759,429,85,175
1192,41.10344827586207,player,unknown,0.8130308985710144,668,255,752,426,84,171
1192,41.10344827586207,player,team_2,0.8070387244224548,796,354,878,545,82,191
1192,41.10344827586207,player,team_4,0.8025341629981995,1035,254,1145,455,110,201
1192,41.10344827586207,player,team_3,0.7860746383666992,367,533,446,637,79,104
1192,41.10344827586207,player,team_3,0.6414410471916199,176,284,285,493,109,209
1192,41.10344827586207,player,team_3,0.6289106011390686,85,643,170,720,85,77
1192,41.10344827586207,player,team_3,0.5493144989013672,1082,669,1149,719,67,50
1192,41.10344827586207,player,team_3,0.5078319907188416,176,285,253,491,77,206
1193,41.13793103448276,player,team_3,0.8190661072731018,173,292,269,488,96,196
1193,41.13793103448276,player,team_4,0.8081172704696655,1039,258,1151,453,112,195
1193,41.13793103448276,player,team_3,0.7654198408126831,789,355,881,543,92,188
1193,41.13793103448276,player,team_3,0.7590507864952087,76,644,159,720,83,76
1193,41.13793103448276,player,unknown,0.7025919556617737,662,252,753,422,91,170
1193,41.13793103448276,player,team_3,0.6803318858146667,354,534,435,639,81,105
1193,41.13793103448276,player,team_3,0.594480574131012,1090,666,1158,719,68,53
1193,41.13793103448276,player,team_4,0.5329355001449585,1037,675,1089,720,52,45
1194,41.172413793103445,player,team_3,0.7917279601097107,168,289,268,484,100,195
1194,41.172413793103445,player,team_3,0.7838545441627502,787,356,887,540,100,184
1194,41.172413793103445,player,team_3,0.7614060044288635,343,533,425,637,82,104
1194,41.172413793103445,player,team_4,0.7523107528686523,1039,262,1162,452,123,190
1194,41.172413793103445,player,team_2,0.6617516875267029,68,644,148,720,80,76
1194,41.172413793103445,player,team_3,0.6100223064422607,1097,663,1166,719,69,56
1194,41.172413793103445,player,team_2,0.5018212795257568,672,677,735,720,63,43
1195,41.206896551724135,player,team_3,0.7774439454078674,794,357,895,536,101,179
1195,41.206896551724135,player,unknown,0.748950183391571,643,249,757,415,114,166
1195,41.206896551724135,player,team_2,0.7038099765777588,333,531,411,640,78,109
1195,41.206896551724135,player,team_3,0.6831151247024536,158,288,274,480,116,192
1195,41.206896551724135,player,team_3,0.6148414015769958,1107,659,1176,720,69,61
1195,41.206896551724135,player,team_4,0.5692773461341858,1050,669,1107,720,57,51
1195,41.206896551724135,player,team_2,0.5464868545532227,60,643,142,720,82,77
1195,41.206896551724135,player,unknown,0.5235581398010254,368,134,422,260,54,126
1195,41.206896551724135,player,team_4,0.505226731300354,158,146,218,274,60,128
1196,41.241379310344826,player,unknown,0.8436753749847412,639,240,758,413,119,173
1196,41.241379310344826,player,team_3,0.8355309367179871,151,285,281,478,130,193
1196,41.241379310344826,player,team_3,0.8203842043876648,800,356,905,536,105,180
1196,41.241379310344826,player,team_3,0.6888601779937744,312,525,397,639,85,114
1196,41.241379310344826,player,team_3,0.5998222827911377,1115,656,1182,720,67,64
1196,41.241379310344826,player,team_2,0.548904299736023,64,152,125,283,61,131
1196,41.241379310344826,player,team_2,0.533571183681488,50,640,139,720,89,80
1196,41.241379310344826,player,team_4,0.5079836249351501,167,145,229,272,62,127
1197,41.275862068965516,player,unknown,0.8331975340843201,635,240,761,414,126,174
1197,41.275862068965516,player,team_3,0.7734101414680481,146,280,284,476,138,196
1197,41.275862068965516,player,team_3,0.7451726794242859,808,353,912,540,104,187
1197,41.275862068965516,player,team_3,0.6363634467124939,1125,654,1192,720,67,66
1197,41.275862068965516,player,team_3,0.6101474761962891,285,521,386,639,101,118
1197,41.275862068965516,player,team_4,0.5436899662017822,1062,664,1129,719,67,55
1198,41.310344827586206,player,unknown,0.8218747973442078,618,231,756,414,138,183
1198,41.310344827586206,player,team_3,0.7975895404815674,811,352,920,542,109,190
1198,41.310344827586206,player,team_3,0.7009115815162659,275,517,377,710,102,193
1198,41.310344827586206,player,team_3,0.6275390386581421,133,275,284,471,151,196
1198,41.310344827586206,player,team_4,0.5821167230606079,1074,661,1138,719,64,58
1199,41.3448275862069,player,unknown,0.8686171174049377,620,235,751,414,131,179
1199,41.3448275862069,player,team_3,0.860850989818573,123,269,285,474,162,205
1199,41.3448275862069,player,team_3,0.8293014168739319,813,352,930,547,117,195
1199,41.3448275862069,player,team_2,0.7689885497093201,263,516,364,713,101,197
1199,41.3448275862069,player,team_4,0.5702535510063171,198,136,261,260,63,124
1200,41.37931034482759,player,unknown,0.83349609375,622,236,740,416,118,180
1200,41.37931034482759,player,team_2,0.811227560043335,255,516,352,714,97,198
1200,41.37931034482759,player,team_3,0.7991158962249756,818,351,940,552,122,201
1200,41.37931034482759,player,team_3,0.7097679972648621,120,265,209,475,89,210
1200,41.37931034482759,player,team_4,0.6016916036605835,1091,658,1161,719,70,61
1200,41.37931034482759,player,team_3,0.5758889317512512,1155,646,1224,720,69,74
1200,41.37931034482759,player,unknown,0.5311260223388672,416,120,472,244,56,124
1200,41.37931034482759,player,team_3,0.5259239673614502,119,263,282,476,163,213
1201,41.41379310344828,player,team_2,0.8609495162963867,247,517,339,716,92,199
1201,41.41379310344828,player,team_3,0.7730358839035034,820,352,902,556,82,204
1201,41.41379310344828,player,team_3,0.7064242959022522,122,270,204,475,82,205
1201,41.41379310344828,player,team_3,0.6672393679618835,610,237,728,413,118,176
1201,41.41379310344828,player,unknown,0.519441545009613,429,116,483,239,54,123
1201,41.41379310344828,player,team_2,0.5170727372169495,1016,665,1086,720,70,55
1202,41.44827586206897,player,team_2,0.8153805136680603,121,270,197,470,76,200
1202,41.44827586206897,player,unknown,0.7784319519996643,611,234,712,406,101,172
1202,41.44827586206897,player,team_2,0.7680955529212952,239,519,326,717,87,198
1202,41.44827586206897,player,team_3,0.627221405506134,823,355,951,559,128,204
1202,41.44827586206897,player,team_3,0.5983325242996216,1179,641,1247,720,68,79
1202,41.44827586206897,player,unknown,0.5454691648483276,440,114,494,233,54,119
1202,41.44827586206897,player,team_4,0.5304375886917114,230,128,293,250,63,122
1203,41.48275862068966,player,team_2,0.8467005491256714,117,269,192,468,75,199
1203,41.48275862068966,player,team_2,0.8339052200317383,239,521,315,717,76,196
1203,41.48275862068966,player,unknown,0.6637871861457825,605,228,697,404,92,176
1203,41.48275862068966,player,team_3,0.5951310992240906,1190,638,1260,720,70,82
1203,41.48275862068966,player,team_3,0.5515266060829163,826,359,954,557,128,198
1203,41.48275862068966,player,team_3,0.5504252910614014,826,360,906,556,80,196
1203,41.48275862068966,player,team_4,0.5311687588691711,1121,651,1206,720,85,69
1204,41.51724137931034,player,team_3,0.8432278633117676,830,361,950,553,120,192
1204,41.51724137931034,player,team_2,0.8333850502967834,230,521,308,716,78,195
1204,41.51724137931034,player,team_3,0.6040067672729492,1203,638,1278,720,75,82
1204,41.51724137931034,player,team_3,0.5410729050636292,112,265,190,401,78,136
1204,41.51724137931034,player,unknown,0.5303531289100647,612,225,699,407,87,182
1204,41.51724137931034,player,unknown,0.5281132459640503,0,623,58,719,58,96
1205,41.55172413793103,player,team_3,0.8495251536369324,832,362,938,550,106,188
1205,41.55172413793103,player,team_3,0.8283178806304932,216,518,302,712,86,194
1205,41.55172413793103,player,team_3,0.7667974829673767,105,260,190,396,85,136
1205,41.55172413793103,player,unknown,0.6679803133010864,606,225,703,400,97,175
1205,41.55172413793103,player,team_2,0.5989376306533813,1216,634,1279,720,63,86
1205,41.55172413793103,player,team_4,0.5476058721542358,966,147,1073,300,107,153
1205,41.55172413793103,player,team_4,0.5145215392112732,265,118,328,240,63,122
1206,41.58620689655172,player,team_3,0.8455257415771484,833,362,939,546,106,184
1206,41.58620689655172,player,team_3,0.7884991765022278,211,514,306,708,95,194
1206,41.58620689655172,player,team_3,0.7641053795814514,103,256,228,456,125,200
1206,41.58620689655172,player,unknown,0.7614741325378418,601,219,709,399,108,180
1206,41.58620689655172,player,team_2,0.5325561761856079,177,124,244,251,67,127
1206,41.58620689655172,player,team_2,0.5149655342102051,486,101,541,222,55,121
1206,41.58620689655172,player,team_4,0.508811891078949,1153,641,1239,720,86,79
1207,41.62068965517241,player,team_2,0.8354123830795288,833,359,948,544,115,185
1207,41.62068965517241,player,team_3,0.8285894393920898,187,506,308,702,121,196
1207,41.62068965517241,player,unknown,0.8210001587867737,595,212,718,393,123,181
1207,41.62068965517241,player,team_3,0.7724511623382568,102,249,237,453,135,204
1207,41.62068965517241,player,team_4,0.6158573627471924,1056,229,1188,411,132,182
1207,41.62068965517241,player,team_2,0.527837336063385,1082,647,1156,720,74,73
1207,41.62068965517241,player,team_2,0.5127288699150085,189,122,252,243,63,121
1208,41.6551724137931,player,team_3,0.8382829427719116,176,503,315,708,139,205
1208,41.6551724137931,player,team_3,0.8272495865821838,830,355,957,548,127,193
1208,41.6551724137931,player,unknown,0.7694851160049438,580,210,718,391,138,181
1208,41.6551724137931,player,team_4,0.7289609313011169,1064,225,1199,413,135,188
1208,41.6551724137931,player,team_2,0.584181547164917,1093,643,1168,719,75,76
1208,41.6551724137931,player,unknown,0.5152140855789185,507,95,565,216,58,121
1209,41.689655172413794,player,team_3,0.8729680776596069,174,500,310,716,136,216
1209,41.689655172413794,player,team_3,0.807864248752594,833,351,966,552,133,201
1209,41.689655172413794,player,team_4,0.6013375520706177,1066,219,1208,407,142,188
1209,41.689655172413794,player,team_4,0.5819578170776367,319,106,380,230,61,124
1210,41.724137931034484,player,team_3,0.8266472816467285,836,347,971,554,135,207
1210,41.724137931034484,player,team_3,0.8169041275978088,102,239,245,445,143,206
1210,41.724137931034484,player,team_3,0.7135782241821289,150,499,312,712,162,213
1210,41.724137931034484,player,team_4,0.6235893368721008,1038,215,1208,407,170,192
1210,41.724137931034484,player,team_2,0.5600115060806274,1115,637,1191,720,76,83
1210,41.724137931034484,player,team_2,0.5339978337287903,967,647,1049,720,82,73
1210,41.724137931034484,player,unknown,0.5209172964096069,536,89,590,209,54,120
1211,41.758620689655174,player,team_3,0.833720326423645,96,239,247,444,151,205
1211,41.758620689655174,player,team_3,0.8187350034713745,838,344,969,555,131,211
1211,41.758620689655174,player,team_4,0.7594850659370422,1054,208,1211,406,157,198
1211,41.758620689655174,player,team_4,0.7214944362640381,1208,627,1279,719,71,92
1211,41.758620689655174,player,team_3,0.6995911002159119,145,498,246,715,101,217
1211,41.758620689655174,player,team_2,0.6510229706764221,979,643,1062,720,83,77
1211,41.758620689655174,player,team_2,0.5336899757385254,1128,633,1204,720,76,87
1211,41.758620689655174,player,unknown,0.5167843699455261,547,85,603,207,56,122
1211,41.758620689655174,player,team_4,0.501917839050293,1067,639,1136,719,69,80
1212,41.793103448275865,player,team_3,0.8160858154296875,837,348,967,555,130,207
1212,41.793103448275865,player,team_3,0.7385047674179077,146,499,227,709,81,210
1212,41.793103448275865,player,team_3,0.717201292514801,88,239,250,443,162,204
1212,41.793103448275865,player,team_2,0.5965477824211121,992,640,1075,720,83,80
1212,41.793103448275865,player,team_4,0.552209734916687,357,101,421,222,64,121
1212,41.793103448275865,player,team_2,0.5383049249649048,1140,631,1215,720,75,89
1212,41.793103448275865,player,team_2,0.5107358694076538,260,111,323,223,63,112
1213,41.827586206896555,player,team_2,0.7923898100852966,838,353,959,553,121,200
1213,41.827586206896555,player,team_3,0.7074017524719238,1077,206,1148,386,71,180
1213,41.827586206896555,player,team_4,0.6922028660774231,1003,141,1079,278,76,137
1213,41.827586206896555,player,team_3,0.6894509196281433,141,502,214,719,73,217
1213,41.827586206896555,player,unknown,0.5988112092018127,582,208,667,383,85,175
1213,41.827586206896555,player,team_2,0.5603140592575073,1149,628,1227,720,78,92
1213,41.827586206896555,player,team_2,0.5591663718223572,1002,637,1087,720,85,83
1214,41.86206896551724,player,team_2,0.7581592202186584,832,356,920,549,88,193
1214,41.86206896551724,player,team_3,0.7306929230690002,1078,211,1147,380,69,169
1214,41.86206896551724,player,team_4,0.6949688196182251,1002,127,1085,276,83,149
1214,41.86206896551724,player,team_3,0.6675510406494141,129,504,205,701,76,197
1214,41.86206896551724,player,team_2,0.5944535136222839,105,240,175,440,70,200
1214,41.86206896551724,player,team_2,0.533708393573761,1016,634,1100,720,84,86
1215,41.89655172413793,player,team_2,0.8131139278411865,839,357,934,547,95,190
1215,41.89655172413793,player,team_3,0.8082289099693298,1003,139,1088,272,85,133
1215,41.89655172413793,player,team_3,0.7567806839942932,113,501,208,714,95,213
1215,41.89655172413793,player,team_3,0.7338826060295105,1076,210,1149,377,73,167
1215,41.89655172413793,player,team_3,0.6809021234512329,578,201,659,377,81,176
1215,41.89655172413793,player,team_2,0.5805072784423828,107,240,170,437,63,197
1215,41.89655172413793,player,team_2,0.5466693043708801,1029,631,1114,720,85,89
1215,41.89655172413793,player,team_2,0.5140281915664673,563,80,615,200,52,120
1215,41.89655172413793,player,team_3,0.5019756555557251,105,240,200,438,95,198
1216,41.93103448275862,player,team_2,0.868238091468811,820,356,943,545,123,189
1216,41.93103448275862,player,team_3,0.6975724101066589,104,236,182,433,78,197
1216,41.93103448275862,player,team_4,0.6593510508537292,998,145,1103,272,105,127
1216,41.93103448275862,player,team_3,0.5142546892166138,1082,209,1160,394,78,185
1217,41.96551724137931,player,team_2,0.805480420589447,833,351,953,541,120,190
1217,41.96551724137931,player,unknown,0.7505024075508118,571,196,681,369,110,173
1217,41.96551724137931,player,team_3,0.6133129596710205,102,232,200,431,98,199
1217,41.96551724137931,player,team_4,0.5170596837997437,427,87,490,205,63,118
1218,42.0,player,unknown,0.8539096713066101,562,195,684,369,122,174
1218,42.0,player,team_2,0.800893247127533,836,349,966,542,130,193
1218,42.0,player,team_3,0.6612436771392822,103,222,211,426,108,204
1218,42.0,player,team_3,0.5753369927406311,1087,201,1184,378,97,177
1219,42.03448275862069,player,unknown,0.8615778684616089,548,198,685,366,137,168
1219,42.03448275862069,player,team_2,0.7907806038856506,836,347,973,543,137,196
1219,42.03448275862069,player,team_3,0.7674767374992371,1081,196,1198,393,117,197
1219,42.03448275862069,player,team_3,0.7497590184211731,105,220,221,420,116,200
1219,42.03448275862069,player,team_4,0.5232539176940918,460,84,520,202,60,118
1220,42.06896551724138,player,team_3,0.8309990763664246,103,219,230,416,127,197
1220,42.06896551724138,player,team_2,0.8135970830917358,835,346,975,546,140,200
1220,42.06896551724138,player,unknown,0.7952142953872681,544,195,684,368,140,173
1220,42.06896551724138,player,team_3,0.6931621432304382,87,476,204,672,117,196
1220,42.06896551724138,player,team_3,0.6831180453300476,1065,188,1208,391,143,203
1220,42.06896551724138,player,team_2,0.5420961380004883,956,594,1021,716,65,122
1221,42.10344827586207,player,unknown,0.8407679796218872,547,196,680,367,133,171
1221,42.10344827586207,player,team_3,0.8166599273681641,1087,187,1214,382,127,195
1221,42.10344827586207,player,team_3,0.8129491806030273,111,216,238,412,127,196
1221,42.10344827586207,player,team_2,0.6216870546340942,831,345,982,547,151,202
1221,42.10344827586207,player,team_2,0.6201621890068054,80,477,183,680,103,203
1221,42.10344827586207,player,team_2,0.596716582775116,969,591,1034,715,65,124
1221,42.10344827586207,player,team_2,0.5788155198097229,391,91,457,208,66,117
1221,42.10344827586207,player,team_1,0.5406959056854248,152,64,210,209,58,145
1222,42.13793103448276,player,team_3,0.8351470828056335,1084,184,1223,375,139,191
1222,42.13793103448276,player,unknown,0.8224824070930481,553,195,671,368,118,173
1222,42.13793103448276,player,team_3,0.8219364881515503,114,213,246,408,132,195
1222,42.13793103448276,player,team_2,0.7556893229484558,834,348,982,548,148,200
1222,42.13793103448276,player,team_2,0.6188676953315735,971,589,1047,713,76,124
1222,42.13793103448276,player,team_2,0.5644259452819824,407,90,473,209,66,119
1222,42.13793103448276,player,team_1,0.5225626826286316,169,102,226,208,57,106
1222,42.13793103448276,player,team_2,0.5175550580024719,74,478,173,679,99,201
1223,42.172413793103445,player,team_3,0.7913615107536316,106,213,255,413,149,200
1223,42.172413793103445,player,unknown,0.7765192985534668,547,195,659,366,112,171
1223,42.172413793103445,player,team_3,0.710892915725708,1076,185,1216,375,140,190
1223,42.172413793103445,player,team_2,0.642178475856781,987,587,1058,712,71,125
1223,42.172413793103445,player,team_2,0.6307886838912964,73,480,156,689,83,209
1223,42.172413793103445,player,unknown,0.5172700881958008,842,351,915,548,73,197
1224,42.206896551724135,player,team_4,0.6508552432060242,838,351,961,547,123,196
1224,42.206896551724135,player,team_2,0.6484472751617432,1000,585,1071,711,71,126
1224,42.206896551724135,player,team_3,0.6061325669288635,1079,182,1159,375,80,193
1224,42.206896551724135,player,team_3,0.5718091130256653,566,195,622,367,56,172
1224,42.206896551724135,player,team_2,0.5433535575866699,439,91,501,203,62,112
1225,42.241379310344826,player,team_4,0.7554198503494263,838,352,947,545,109,193
1225,42.241379310344826,player,team_2,0.6889854669570923,1014,584,1083,709,69,125
1225,42.241379310344826,player,unknown,0.669620931148529,1023,92,1107,254,84,162
1225,42.241379310344826,player,team_3,0.6091771125793457,1088,184,1157,375,69,191
1225,42.241379310344826,player,team_3,0.58768230676651,567,192,619,321,52,129
1225,42.241379310344826,player,team_1,0.5529710650444031,217,58,275,204,58,146
1226,42.275862068965516,player,team_3,0.6799432039260864,822,336,909,489,87,153
1226,42.275862068965516,player,team_2,0.6584131121635437,1027,582,1096,708,69,126
1226,42.275862068965516,player,unknown,0.6472132205963135,1024,78,1106,252,82,174
1226,42.275862068965516,player,unknown,0.6075788736343384,546,191,642,358,96,167
1226,42.275862068965516,player,team_2,0.5784248113632202,1094,187,1156,374,62,187
1226,42.275862068965516,player,team_4,0.5395073890686035,119,226,187,408,68,182
1226,42.275862068965516,player,team_2,0.5378716588020325,63,481,122,649,59,168
1227,42.310344827586206,player,team_2,0.695858895778656,1040,581,1110,705,70,124
1227,42.310344827586206,player,unknown,0.6613439321517944,560,187,652,358,92,171
1227,42.310344827586206,player,unknown,0.6319037079811096,1016,74,1106,256,90,182
1227,42.310344827586206,player,team_2,0.6281802654266357,58,475,117,645,59,170
1227,42.310344827586206,player,team_3,0.6150572896003723,110,226,185,408,75,182
1227,42.310344827586206,player,team_1,0.567844808101654,250,86,306,202,56,116
1228,42.3448275862069,player,team_2,0.7996705174446106,841,331,949,545,108,214
1228,42.3448275862069,player,team_2,0.6699119806289673,1052,580,1121,702,69,122
1228,42.3448275862069,player,unknown,0.6335490942001343,559,189,662,359,103,170
1228,42.3448275862069,player,team_2,0.6306564807891846,1202,608,1279,719,77,111
1228,42.3448275862069,player,team_3,0.5573176145553589,1100,188,1158,323,58,135
1228,42.3448275862069,player,team_2,0.5201001763343811,49,472,133,664,84,192
1229,42.37931034482759,player,team_2,0.8500141501426697,825,335,959,548,134,213
1229,42.37931034482759,player,team_3,0.7517203092575073,1090,187,1159,317,69,130
1229,42.37931034482759,player,unknown,0.7320286631584167,547,186,667,362,120,176
1229,42.37931034482759,player,team_3,0.6338183879852295,39,465,166,711,127,246
1229,42.37931034482759,player,team_2,0.6295702457427979,1064,580,1134,706,70,126
1229,42.37931034482759,player,team_1,0.5462345480918884,283,86,335,199,52,113
1229,42.37931034482759,player,team_2,0.5372350215911865,131,224,196,353,65,129
1230,42.41379310344828,player,team_2,0.8366361856460571,828,344,960,545,132,201
1230,42.41379310344828,player,unknown,0.7691240906715393,534,189,666,360,132,171
1230,42.41379310344828,player,team_3,0.6768271327018738,29,465,177,713,148,248
1230,42.41379310344828,player,team_2,0.6511858701705933,1074,579,1145,706,71,127
1230,42.41379310344828,player,team_4,0.5296149849891663,419,78,477,194,58,116
1230,42.41379310344828,player,unknown,0.5098097324371338,1043,102,1086,257,43,155
1230,42.41379310344828,player,team_2,0.5046486258506775,528,85,588,201,60,116
1231,42.44827586206897,player,team_3,0.8610489964485168,822,346,959,547,137,201
1231,42.44827586206897,player,team_3,0.7661936283111572,1083,180,1199,370,116,190
1231,42.44827586206897,player,team_2,0.6173086762428284,1088,578,1159,702,71,124
1231,42.44827586206897,player,team_3,0.5284282565116882,442,79,492,191,50,112
1232,42.48275862068966,player,team_3,0.8418719172477722,820,348,959,548,139,200
1232,42.48275862068966,player,unknown,0.6541473865509033,540,189,612,364,72,175
1232,42.48275862068966,player,team_3,0.5877236723899841,1058,143,1208,373,150,230
1232,42.48275862068966,player,team_2,0.5831361413002014,1102,578,1174,704,72,126
1232,42.48275862068966,player,team_2,0.5236343145370483,120,213,209,337,89,124
1232,42.48275862068966,player,team_3,0.516365647315979,457,80,508,193,51,113
1233,42.51724137931034,player,team_3,0.7912836074829102,835,352,953,547,118,195
1233,42.51724137931034,player,team_3,0.6306578516960144,1091,170,1214,365,123,195
1233,42.51724137931034,player,team_2,0.5669196248054504,125,212,214,364,89,152
1233,42.51724137931034,player,unknown,0.5663520097732544,546,192,616,366,70,174
1233,42.51724137931034,player,team_2,0.5396445989608765,1117,579,1187,704,70,125
1233,42.51724137931034,player,team_1,0.5003487467765808,346,88,399,196,53,108
1234,42.55172413793103,player,team_3,0.7552653551101685,839,356,939,548,100,192
1234,42.55172413793103,player,team_3,0.7264236211776733,1079,165,1220,359,141,194
1234,42.55172413793103,player,team_2,0.6504785418510437,838,356,908,547,70,191
1234,42.55172413793103,player,unknown,0.6102100610733032,550,200,610,364,60,164
1234,42.55172413793103,player,team_2,0.5663824081420898,1131,579,1201,715,70,136
1234,42.55172413793103,player,team_3,0.5411794185638428,132,214,224,378,92,164
1234,42.55172413793103,player,team_2,0.5106561183929443,587,91,647,192,60,101
1235,42.58620689655172,player,team_3,0.84740149974823,1057,137,1225,360,168,223
1235,42.58620689655172,player,team_3,0.6781001091003418,842,357,929,545,87,188
1235,42.58620689655172,player,unknown,0.6115052700042725,551,201,611,364,60,163
1235,42.58620689655172,player,team_2,0.579037070274353,1145,580,1218,717,73,137
1235,42.58620689655172,player,team_3,0.509666919708252,507,75,555,189,48,114
1235,42.58620689655172,player,team_1,0.5000137686729431,1013,617,1081,710,68,93
1236,42.62068965517241,player,team_3,0.7447609901428223,824,357,919,545,95,188
1236,42.62068965517241,player,team_3,0.688925564289093,1072,168,1231,360,159,192
1236,42.62068965517241,player,team_2,0.6733747720718384,1159,579,1229,720,70,141
1236,42.62068965517241,player,unknown,0.6096301674842834,556,198,627,363,71,165
1236,42.62068965517241,player,team_2,0.5050729513168335,620,91,676,198,56,107
1237,42.6551724137931,player,team_3,0.8374969959259033,828,355,922,543,94,188
1237,42.6551724137931,player,team_2,0.599675178527832,1171,579,1242,703,71,124
1237,42.6551724137931,player,unknown,0.5786473155021667,982,617,1039,712,57,95
1237,42.6551724137931,player,team_1,0.5343875288963318,410,85,464,197,54,112
1237,42.6551724137931,player,unknown,0.5147339105606079,558,190,638,362,80,172
1238,42.689655172413794,player,team_3,0.8378849029541016,837,354,937,547,100,193
1238,42.689655172413794,player,team_2,0.5799698233604431,1185,578,1260,717,75,139
1238,42.689655172413794,player,unknown,0.5657315254211426,996,617,1054,712,58,95
1238,42.689655172413794,player,team_2,0.5603148341178894,4,460,80,627,76,167
1238,42.689655172413794,player,team_3,0.5584097504615784,1106,183,1224,359,118,176
1238,42.689655172413794,player,unknown,0.5440482497215271,557,191,650,358,93,167
1238,42.689655172413794,player,team_2,0.5413235425949097,152,226,230,359,78,133
1238,42.689655172413794,player,team_1,0.5380793213844299,1055,616,1144,719,89,103
1238,42.689655172413794,player,unknown,0.5045515298843384,1048,102,1119,263,71,161
1239,42.724137931034484,player,team_3,0.8249526619911194,837,352,948,551,111,199
1239,42.724137931034484,player,unknown,0.7999057173728943,557,194,657,359,100,165
1239,42.724137931034484,player,unknown,0.6508213877677917,1012,617,1069,712,57,95
1239,42.724137931034484,player,team_2,0.6477482318878174,1199,578,1274,712,75,134
1239,42.724137931034484,player,team_2,0.6226560473442078,2,457,105,667,103,210
1239,42.724137931034484,player,team_2,0.597512423992157,156,222,230,353,74,131
1239,42.724137931034484,player,team_1,0.5260636806488037,442,87,496,197,54,110
1240,42.758620689655174,player,team_3,0.8662769198417664,825,352,954,551,129,199
1240,42.758620689655174,player,unknown,0.8445561528205872,547,189,665,358,118,169
1240,42.758620689655174,player,team_2,0.6611289978027344,962,617,1035,720,73,103
1240,42.758620689655174,player,unknown,0.641202986240387,1026,617,1083,711,57,94
1240,42.758620689655174,player,team_1,0.5509874224662781,459,90,510,195,51,105
1240,42.758620689655174,player,team_2,0.5197963714599609,1215,579,1279,706,64,127
1240,42.758620689655174,player,team_1,0.5021724104881287,1086,615,1172,716,86,101
1241,42.793103448275865,player,team_3,0.8862685561180115,817,353,959,551,142,198
1241,42.793103448275865,player,unknown,0.7330051064491272,539,192,668,362,129,170
1241,42.793103448275865,player,unknown,0.6307529211044312,1041,616,1096,712,55,96
1241,42.793103448275865,player,team_2,0.5936919450759888,170,225,234,354,64,129
1241,42.793103448275865,player,team_1,0.5515792965888977,475,87,528,196,53,109
1242,42.827586206896555,player,team_3,0.8637047410011292,815,356,964,553,149,197
1242,42.827586206896555,player,unknown,0.6004546284675598,536,194,671,361,135,167
1242,42.827586206896555,player,team_3,0.5822314023971558,1081,119,1192,359,111,240
1242,42.827586206896555,player,unknown,0.5522992014884949,1056,616,1111,709,55,93
1242,42.827586206896555,player,team_3,0.5303532481193542,179,224,237,354,58,130
1243,42.86206896551724,player,unknown,0.7566025257110596,544,197,671,362,127,165
1243,42.86206896551724,player,team_3,0.741360068321228,1085,166,1207,359,122,193
1243,42.86206896551724,player,team_3,0.6761719584465027,825,359,905,556,80,197
1243,42.86206896551724,player,unknown,0.5499579310417175,1072,615,1125,710,53,95
1244,42.89655172413793,player,team_3,0.802749752998352,829,363,904,556,75,193
1244,42.89655172413793,player,team_3,0.7718750238418579,1084,157,1218,363,134,206
1244,42.89655172413793,player,unknown,0.579495370388031,544,200,618,362,74,162
1244,42.89655172413793,player,team_3,0.564678966999054,188,223,278,381,90,158
1244,42.89655172413793,player,unknown,0.5602774620056152,1088,615,1142,708,54,93
1244,42.89655172413793,player,team_2,0.5496174097061157,1017,614,1096,720,79,106
1244,42.89655172413793,player,unknown,0.537087619304657,543,200,668,362,125,162
1245,42.93103448275862,player,team_3,0.8045861721038818,826,365,945,555,119,190
1245,42.93103448275862,player,unknown,0.7103104591369629,568,199,662,362,94,163
1245,42.93103448275862,player,team_3,0.6362324953079224,1086,118,1232,359,146,241
1246,42.96551724137931,player,team_3,0.7154284715652466,822,366,909,555,87,189
1246,42.96551724137931,player,team_3,0.6525229811668396,1108,175,1235,356,127,181
1247,43.0,player,unknown,0.7847431898117065,546,197,648,362,102,165
1247,43.0,player,team_3,0.6430038213729858,1104,174,1244,358,140,184
1247,43.0,player,unknown,0.5158224701881409,17,311,83,503,66,192
1247,43.0,player,team_3,0.5071542859077454,856,364,916,524,60,160
1248,43.03448275862069,player,team_3,0.7393590211868286,856,362,938,552,82,190
1248,43.03448275862069,player,unknown,0.6781160831451416,575,191,642,359,67,168
1248,43.03448275862069,player,team_3,0.571533203125,24,312,85,499,61,187
1248,43.03448275862069,player,team_1,0.5144778490066528,1208,618,1277,714,69,96
1249,43.06896551724138,player,team_3,0.8441993594169617,855,360,948,556,93,196
1249,43.06896551724138,player,unknown,0.7346467971801758,582,193,656,360,74,167
1249,43.06896551724138,player,team_3,0.6658205389976501,44,310,101,516,57,206
1249,43.06896551724138,player,team_3,0.6624173521995544,219,229,277,379,58,150
1249,43.06896551724138,player,team_3,0.599141538143158,1113,191,1252,358,139,167
1249,43.06896551724138,player,team_1,0.541934072971344,1223,617,1279,711,56,94
1249,43.06896551724138,player,unknown,0.5077435374259949,1165,615,1220,712,55,97
1250,43.10344827586207,player,team_3,0.8551097512245178,856,360,959,558,103,198
1250,43.10344827586207,player,team_3,0.7209711074829102,207,229,285,390,78,161
1250,43.10344827586207,player,team_3,0.7034305334091187,58,309,118,512,60,203
1250,43.10344827586207,player,team_3,0.6722710132598877,0,493,104,669,104,176
1250,43.10344827586207,player,team_1,0.634863018989563,0,257,71,430,71,173
1250,43.10344827586207,player,unknown,0.6043549180030823,585,194,667,363,82,169
1250,43.10344827586207,player,team_3,0.5919551253318787,1128,184,1253,358,125,174
1251,43.13793103448276,player,team_3,0.7621577978134155,1143,200,1246,357,103,157
1251,43.13793103448276,player,team_2,0.6535285115242004,210,229,292,371,82,142
1251,43.13793103448276,player,team_3,0.6459105014801025,0,449,118,665,118,216
1251,43.13793103448276,player,team_3,0.6433912515640259,73,310,134,509,61,199
1251,43.13793103448276,player,unknown,0.5755863785743713,582,196,675,363,93,167
1251,43.13793103448276,player,team_1,0.5600509643554688,10,249,76,435,66,186
1252,43.172413793103445,player,team_3,0.8750651478767395,833,361,969,556,136,195
1252,43.172413793103445,player,team_3,0.7509500980377197,21,234,92,431,71,197
1252,43.172413793103445,player,team_3,0.6992120742797852,84,308,148,506,64,198
1252,43.172413793103445,player,team_2,0.6435437202453613,214,229,303,365,89,136
1252,43.172413793103445,player,unknown,0.6239212155342102,577,196,681,364,104,168
1253,43.206896551724135,player,team_1,0.7084261775016785,25,234,89,429,64,195
1253,43.206896551724135,class_32,,0.6667882204055786,799,505,830,537,31,32
1253,43.206896551724135,player,team_3,0.658021867275238,97,309,164,507,67,198
1253,43.206896551724135,player,team_2,0.5889730453491211,240,227,311,359,71,132
1253,43.206896551724135,player,unknown,0.5557588934898376,597,196,660,340,63,144
1253,43.206896551724135,player,team_3,0.5227130651473999,1129,173,1220,357,91,184
1253,43.206896551724135,player,unknown,0.5161006450653076,1230,616,1279,710,49,94
1254,43.241379310344826,player,team_3,0.7590546607971191,22,234,113,431,91,197
1254,43.241379310344826,player,unknown,0.7381854057312012,102,309,188,506,86,197
1254,43.241379310344826,player,team_3,0.7149887084960938,866,366,969,548,103,182
1254,43.241379310344826,player,team_3,0.6228033900260925,597,198,662,357,65,159
1254,43.241379310344826,player,team_2,0.6177672743797302,232,225,317,354,85,129
1254,43.241379310344826,player,team_3,0.6125215291976929,0,445,144,690,144,245
1254,43.241379310344826,player,team_2,0.5924090147018433,1132,167,1208,304,76,137
1255,43.275862068965516,player,team_3,0.7731695771217346,1139,167,1236,356,97,189
1255,43.275862068965516,player,unknown,0.7542353868484497,111,309,207,507,96,198
1255,43.275862068965516,player,team_3,0.7241977453231812,603,199,664,365,61,166
1255,43.275862068965516,player,team_3,0.7023898959159851,21,234,121,432,100,198
1255,43.275862068965516,player,team_2,0.6771112680435181,256,225,324,357,68,132
1255,43.275862068965516,player,team_3,0.5993245244026184,866,370,963,559,97,189
1256,43.310344827586206,player,team_3,0.8619241714477539,22,240,134,433,112,193
1256,43.310344827586206,player,team_1,0.7573444843292236,608,200,665,362,57,162
1256,43.310344827586206,player,team_3,0.7527680993080139,1147,170,1249,355,102,185
1256,43.310344827586206,player,unknown,0.6898027062416077,128,309,211,504,83,195
1256,43.310344827586206,player,team_3,0.5833107829093933,869,373,922,518,53,145
1256,43.310344827586206,player,team_2,0.579256534576416,251,223,332,350,81,127
1257,43.3448275862069,player,unknown,0.8193691372871399,145,309,248,503,103,194
1257,43.3448275862069,player,team_3,0.8023200035095215,28,240,150,429,122,189
1257,43.3448275862069,player,team_3,0.6872974038124084,869,373,943,557,74,184
1257,43.3448275862069,player,team_2,0.670488178730011,1127,141,1259,351,132,210
1258,43.37931034482759,player,team_2,0.8259982466697693,1127,171,1268,349,141,178
1258,43.37931034482759,player,unknown,0.8127426505088806,33,243,167,429,134,186
1258,43.37931034482759,player,unknown,0.7150427103042603,165,310,261,500,96,190
1258,43.37931034482759,player,team_3,0.6477475762367249,871,373,926,503,55,130
1258,43.37931034482759,player,team_1,0.5735098123550415,614,197,674,364,60,167
1258,43.37931034482759,player,team_2,0.5179147124290466,271,227,336,349,65,122
1259,43.41379310344828,player,unknown,0.794474184513092,45,246,182,428,137,182
1259,43.41379310344828,player,unknown,0.6841745376586914,184,310,279,499,95,189
1259,43.41379310344828,player,team_2,0.622729480266571,1137,122,1279,349,142,227
1259,43.41379310344828,player,team_2,0.5873949527740479,1,449,81,596,80,147
1259,43.41379310344828,player,team_2,0.5814010500907898,872,371,928,488,56,117
1260,43.44827586206897,player,unknown,0.8535360097885132,65,247,197,429,132,182
1260,43.44827586206897,player,unknown,0.7997807860374451,201,310,290,498,89,188
1260,43.44827586206897,player,team_3,0.770693838596344,867,368,967,559,100,191
1260,43.44827586206897,player,team_3,0.6748924255371094,271,233,359,421,88,188
1261,43.48275862068966,player,unknown,0.8286336660385132,82,246,204,426,122,180
1261,43.48275862068966,player,team_3,0.7991973757743835,852,367,974,558,122,191
1261,43.48275862068966,player,unknown,0.7919426560401917,216,311,303,498,87,187
1261,43.48275862068966,player,team_3,0.5489506125450134,284,237,352,419,68,182
1262,43.51724137931034,player,team_3,0.8651264905929565,849,367,982,557,133,190
1262,43.51724137931034,player,unknown,0.8039506077766418,102,245,215,424,113,179
1262,43.51724137931034,player,team_3,0.7706032395362854,231,310,313,498,82,188
1262,43.51724137931034,player,team_3,0.7009739875793457,303,236,359,419,56,183
1262,43.51724137931034,player,team_3,0.6033372282981873,17,438,128,636,111,198
1262,43.51724137931034,player,team_3,0.5667483806610107,1158,137,1229,348,71,211
1262,43.51724137931034,player,unknown,0.5023985505104065,613,197,708,363,95,166
1263,43.55172413793103,player,team_3,0.8885278105735779,848,369,989,558,141,189
1263,43.55172413793103,player,unknown,0.8679102659225464,117,245,226,425,109,180
1263,43.55172413793103,player,team_3,0.6450695991516113,245,312,330,499,85,187
1263,43.55172413793103,player,team_3,0.6428840756416321,18,435,142,631,124,196
1263,43.55172413793103,player,unknown,0.5008315443992615,616,196,715,369,99,173
1264,43.58620689655172,player,team_3,0.8602621555328369,850,371,991,561,141,190
1264,43.58620689655172,player,unknown,0.8444877862930298,131,241,229,425,98,184
1264,43.58620689655172,player,team_3,0.6434021592140198,259,308,334,499,75,191
1264,43.58620689655172,player,team_1,0.6284816265106201,617,198,714,360,97,162
1265,43.62068965517241,player,unknown,0.855530321598053,145,240,227,427,82,187
1265,43.62068965517241,player,team_3,0.8012844920158386,866,374,989,562,123,188
1265,43.62068965517241,player,team_2,0.5661864876747131,1170,149,1245,352,75,203
1265,43.62068965517241,player,team_1,0.5168716907501221,621,201,721,357,100,156
1266,43.6551724137931,player,team_3,0.825796365737915,158,241,228,426,70,185
1266,43.6551724137931,player,team_3,0.7064741253852844,878,376,984,560,106,184
1266,43.6551724137931,player,team_1,0.6374462842941284,623,203,725,364,102,161
1266,43.6551724137931,player,team_2,0.5985069870948792,878,376,937,560,59,184
1266,43.6551724137931,player,team_3,0.5642050504684448,0,187,61,362,61,175
1267,43.689655172413794,player,team_3,0.753667950630188,170,238,236,430,66,192
1267,43.689655172413794,player,team_2,0.7231127619743347,881,377,935,562,54,185
1267,43.689655172413794,player,team_1,0.5961521863937378,630,201,718,360,88,159
1268,43.724137931034484,player,team_3,0.7614120244979858,179,240,246,433,67,193
1268,43.724137931034484,player,team_1,0.7540247440338135,640,200,715,360,75,160
1268,43.724137931034484,player,team_3,0.6100693345069885,1,189,86,357,85,168
1268,43.724137931034484,player,team_3,0.6040524840354919,885,377,962,558,77,181
1268,43.724137931034484,player,team_2,0.5463769435882568,15,434,134,646,119,212
1269,43.758620689655174,player,unknown,0.7969443798065186,187,243,254,434,67,191
1269,43.758620689655174,player,team_1,0.7336114048957825,651,201,718,362,67,161
1269,43.758620689655174,player,team_3,0.731186032295227,887,375,958,560,71,185
1269,43.758620689655174,player,team_3,0.686511754989624,1,194,98,355,97,161
1269,43.758620689655174,player,team_3,0.6034990549087524,25,432,165,621,140,189
1270,43.793103448275865,player,unknown,0.8307045102119446,189,245,267,432,78,187
1270,43.793103448275865,player,team_3,0.8076977133750916,881,372,969,559,88,187
1270,43.793103448275865,player,team_3,0.7806155681610107,342,318,447,511,105,193
1270,43.793103448275865,player,team_3,0.6718680262565613,27,436,170,619,143,183
1270,43.793103448275865,player,team_1,0.6545289158821106,662,196,719,355,57,159
1271,43.827586206896555,player,team_3,0.8324153423309326,883,370,976,559,93,189
1271,43.827586206896555,player,unknown,0.7916300296783447,191,249,279,435,88,186
1271,43.827586206896555,player,team_3,0.7887859344482422,35,439,174,615,139,176
1271,43.827586206896555,player,team_3,0.5403479933738708,14,195,104,348,90,153
1271,43.827586206896555,player,team_3,0.540219783782959,1177,164,1246,340,69,176
1272,43.86206896551724,player,team_3,0.852908730506897,882,368,984,561,102,193
1272,43.86206896551724,player,team_3,0.7799216508865356,20,189,111,350,91,161
1272,43.86206896551724,player,team_2,0.7646604180335999,53,440,176,603,123,163
1272,43.86206896551724,player,unknown,0.7351898550987244,195,248,297,427,102,179
1272,43.86206896551724,player,team_1,0.6378527283668518,671,194,728,359,57,165
1272,43.86206896551724,player,team_3,0.628997802734375,334,241,404,427,70,186
1272,43.86206896551724,player,team_3,0.6143965721130371,362,310,466,511,104,201
1273,43.89655172413793,player,team_3,0.8526565432548523,370,312,475,512,105,200
1273,43.89655172413793,player,team_3,0.8422820568084717,872,368,987,558,115,190
1273,43.89655172413793,player,team_2,0.7876665592193604,62,439,183,618,121,179
1273,43.89655172413793,player,unknown,0.7447842955589294,202,250,310,432,108,182
1273,43.89655172413793,player,team_1,0.7166087627410889,676,195,732,356,56,161
1273,43.89655172413793,player,team_3,0.6928253173828125,347,246,412,427,65,181
1273,43.89655172413793,player,team_3,0.638672411441803,32,184,112,349,80,165
1273,43.89655172413793,player,team_2,0.502993106842041,984,112,1033,203,49,91
1274,43.93103448275862,player,team_3,0.80168217420578,869,372,991,558,122,186
1274,43.93103448275862,player,team_3,0.791626513004303,379,314,474,507,95,193
1274,43.93103448275862,player,unknown,0.6989248991012573,209,252,325,433,116,181
1274,43.93103448275862,player,team_2,0.6972203254699707,76,436,199,608,123,172
1274,43.93103448275862,player,team_3,0.6644499897956848,42,180,109,345,67,165
1274,43.93103448275862,player,team_3,0.6389844417572021,679,198,738,357,59,159
1274,43.93103448275862,player,team_3,0.6319786906242371,357,248,419,429,62,181
1274,43.93103448275862,player,team_1,0.5112200379371643,994,112,1045,202,51,90
1275,43.96551724137931,player,unknown,0.8476288318634033,219,253,339,434,120,181
1275,43.96551724137931,player,team_3,0.80411297082901,386,314,472,512,86,198
1275,43.96551724137931,player,team_3,0.7224858999252319,95,433,210,589,115,156
1275,43.96551724137931,player,team_3,0.6788755059242249,875,378,991,554,116,176
1275,43.96551724137931,player,team_3,0.6400706171989441,678,200,743,363,65,163
1275,43.96551724137931,player,team_3,0.6241692304611206,357,250,424,428,67,178
1275,43.96551724137931,player,team_1,0.6006357669830322,53,178,106,337,53,159
1275,43.96551724137931,player,unknown,0.5485666394233704,0,390,62,538,62,148
1276,44.0,player,unknown,0.8504758477210999,231,253,350,435,119,182
1276,44.0,player,team_3,0.8096829056739807,109,427,237,586,128,159
1276,44.0,player,team_3,0.7782516479492188,400,316,483,508,83,192
1276,44.0,player,team_3,0.6960036754608154,62,175,122,342,60,167
1276,44.0,player,team_3,0.6905002593994141,881,374,988,554,107,180
1276,44.0,player,team_3,0.687828540802002,359,250,430,424,71,174
1276,44.0,player,unknown,0.6843448877334595,0,394,73,536,73,142
1276,44.0,player,unknown,0.6333656311035156,692,203,750,342,58,139
1277,44.03448275862069,player,team_3,0.8356180191040039,408,318,496,510,88,192
1277,44.03448275862069,player,unknown,0.8236052989959717,245,255,360,434,115,179
1277,44.03448275862069,player,team_3,0.8088895678520203,121,421,254,587,133,166
1277,44.03448275862069,player,team_2,0.7116042375564575,874,387,941,555,67,168
1277,44.03448275862069,player,unknown,0.6848822236061096,0,395,84,537,84,142
1277,44.03448275862069,player,team_3,0.6554821729660034,72,170,130,338,58,168
1277,44.03448275862069,player,unknown,0.6111956834793091,695,205,754,364,59,159
1277,44.03448275862069,player,team_3,0.5509452223777771,364,248,440,410,76,162
1278,44.06896551724138,player,unknown,0.8291165232658386,258,257,367,432,109,175
1278,44.06896551724138,player,team_3,0.7782738208770752,420,320,507,510,87,190
1278,44.06896551724138,player,team_2,0.7464906573295593,76,165,134,336,58,171
1278,44.06896551724138,player,team_3,0.6616870760917664,368,247,448,415,80,168
1278,44.06896551724138,player,team_3,0.618005096912384,127,417,272,608,145,191
1278,44.06896551724138,player,unknown,0.5757869482040405,0,393,94,570,94,177
1278,44.06896551724138,player,team_4,0.5646171569824219,2,124,85,276,83,152
1278,44.06896551724138,player,team_3,0.5124029517173767,888,385,943,556,55,171
1279,44.10344827586207,player,unknown,0.8660575151443481,273,258,374,430,101,172
1279,44.10344827586207,player,team_3,0.8204528093338013,431,322,518,507,87,185
1279,44.10344827586207,player,team_3,0.7834312319755554,137,412,293,597,156,185
1279,44.10344827586207,player,team_1,0.7134376764297485,79,156,137,335,58,179
1279,44.10344827586207,player,team_3,0.7132118344306946,374,248,453,425,79,177
1279,44.10344827586207,player,unknown,0.6558818221092224,0,391,104,559,104,168
1279,44.10344827586207,player,team_4,0.5370883345603943,12,125,91,277,79,152
1280,44.13793103448276,player,team_3,0.6887191534042358,267,291,305,452,38,161
1280,44.13793103448276,player,team_2,0.6704306602478027,805,302,856,459,51,157
1280,44.13793103448276,player,team_4,0.6353381872177124,560,268,618,397,58,129
1280,44.13793103448276,player,unknown,0.6089577078819275,654,428,710,584,56,156
1281,44.172413793103445,player,team_3,0.6824790835380554,267,291,305,452,38,161
1281,44.172413793103445,player,team_4,0.6716830730438232,805,302,856,459,51,157
1281,44.172413793103445,player,team_4,0.6376702785491943,560,268,618,397,58,129
1281,44.172413793103445,player,unknown,0.611365795135498,654,427,710,584,56,157
1282,44.206896551724135,player,team_3,0.7526317238807678,266,291,304,452,38,161
1282,44.206896551724135,player,team_4,0.6930181384086609,804,304,856,459,52,155
1282,44.206896551724135,player,team_1,0.6194658279418945,653,428,709,582,56,154
1283,44.241379310344826,player,team_3,0.7722547054290771,265,291,303,453,38,162
1283,44.241379310344826,player,team_2,0.691003680229187,803,307,856,459,53,152
1283,44.241379310344826,player,unknown,0.542174756526947,651,428,709,586,58,158
1283,44.241379310344826,player,team_1,0.5030129551887512,1065,294,1113,481,48,187
1284,44.275862068965516,player,team_3,0.8115089535713196,264,290,302,453,38,163
1284,44.275862068965516,player,team_3,0.6278093457221985,802,309,856,459,54,150
1284,44.275862068965516,player,team_2,0.5910775661468506,907,257,966,397,59,140
1284,44.275862068965516,player,team_1,0.578382670879364,1064,298,1113,483,49,185
1284,44.275862068965516,player,unknown,0.5621908903121948,651,429,708,587,57,158
1284,44.275862068965516,player,team_4,0.5497027635574341,557,264,622,396,65,132
1285,44.310344827586206,player,team_3,0.8255202174186707,263,289,301,454,38,165
1285,44.310344827586206,player,team_4,0.6368003487586975,801,309,855,460,54,151
1285,44.310344827586206,player,team_1,0.6192077398300171,1062,299,1113,486,51,187
1285,44.310344827586206,player,team_2,0.6008925437927246,905,259,963,397,58,138
1285,44.310344827586206,player,team_4,0.5799881219863892,556,261,622,395,66,134
1285,44.310344827586206,player,unknown,0.5442742109298706,649,429,707,586,58,157
1286,44.3448275862069,player,team_3,0.816443145275116,262,288,299,453,37,165
1286,44.3448275862069,player,team_3,0.6160051822662354,904,260,963,397,59,137
1286,44.3448275862069,player,team_3,0.608366072177887,800,307,853,461,53,154
1286,44.3448275862069,player,team_1,0.5748435258865356,1062,303,1112,488,50,185
1287,44.37931034482759,player,team_1,0.8288813233375549,260,287,298,454,38,167
1287,44.37931034482759,player,team_2,0.6631831526756287,797,308,852,463,55,155
1287,44.37931034482759,player,team_3,0.6527296304702759,902,262,962,394,60,132
1287,44.37931034482759,player,team_1,0.614848792552948,1061,312,1109,489,48,177
1287,44.37931034482759,player,unknown,0.5189269781112671,648,430,704,577,56,147
1288,44.41379310344828,player,team_1,0.8259347677230835,260,287,297,454,37,167
1288,44.41379310344828,player,team_2,0.6848761439323425,794,309,851,463,57,154
1288,44.41379310344828,player,team_3,0.6841943264007568,901,264,961,399,60,135
1288,44.41379310344828,player,team_1,0.6559802889823914,1061,317,1107,495,46,178
1288,44.41379310344828,player,team_4,0.5794411301612854,571,250,620,367,49,117
1288,44.41379310344828,player,team_1,0.5420900583267212,647,430,702,574,55,144
1289,44.44827586206897,player,team_1,0.8377208113670349,258,286,296,453,38,167
1289,44.44827586206897,player,team_1,0.7265961766242981,1059,321,1106,498,47,177
1289,44.44827586206897,player,team_2,0.7037581205368042,900,266,959,399,59,133
1289,44.44827586206897,player,team_2,0.6861317157745361,790,312,850,462,60,150
1289,44.44827586206897,player,unknown,0.5523636937141418,646,430,702,586,56,156
1289,44.44827586206897,player,team_1,0.5228327512741089,794,200,848,335,54,135
1290,44.48275862068966,player,team_1,0.825221836566925,257,285,295,450,38,165
1290,44.48275862068966,player,team_1,0.7477057576179504,1060,322,1106,500,46,178
1290,44.48275862068966,player,team_2,0.7389382719993591,786,316,847,466,61,150
1290,44.48275862068966,player,team_2,0.7056316137313843,896,271,957,400,61,129
1290,44.48275862068966,player,unknown,0.6062171459197998,645,429,701,578,56,149
1290,44.48275862068966,player,team_4,0.5780190229415894,570,244,619,369,49,125
1290,44.48275862068966,player,team_1,0.544395387172699,796,201,856,343,60,142
1291,44.51724137931034,player,team_1,0.8266777396202087,256,284,295,448,39,164
1291,44.51724137931034,player,team_1,0.6708593964576721,1060,324,1107,501,47,177
1291,44.51724137931034,player,team_4,0.6691778302192688,780,320,847,463,67,143
1291,44.51724137931034,player,team_2,0.6631506085395813,892,275,956,400,64,125
1291,44.51724137931034,player,team_4,0.6075563430786133,571,241,618,370,47,129
1291,44.51724137931034,player,team_1,0.5925862193107605,654,205,694,354,40,149
1291,44.51724137931034,player,team_1,0.5677857398986816,643,431,698,594,55,163
1291,44.51724137931034,player,team_2,0.547802746295929,717,220,775,382,58,162
1291,44.51724137931034,player,team_1,0.5245063304901123,798,203,857,345,59,142
1292,44.55172413793103,player,team_1,0.8143834471702576,255,285,294,449,39,164
1292,44.55172413793103,player,team_2,0.6887879371643066,889,276,955,399,66,123
1292,44.55172413793103,player,team_2,0.6732876300811768,777,324,847,461,70,137
1292,44.55172413793103,player,team_4,0.6527956128120422,568,240,616,368,48,128
1292,44.55172413793103,player,team_1,0.6365563869476318,1055,326,1107,504,52,178
1292,44.55172413793103,player,team_1,0.5912210941314697,642,431,697,596,55,165
1292,44.55172413793103,player,team_1,0.556235134601593,658,203,698,354,40,151
1292,44.55172413793103,player,team_2,0.5207459926605225,727,216,777,375,50,159
1293,44.58620689655172,player,team_1,0.8104409575462341,253,285,293,450,40,165
1293,44.58620689655172,player,team_2,0.6691457033157349,769,322,846,471,77,149
1293,44.58620689655172,player,team_1,0.6511120796203613,1054,329,1105,507,51,178
1293,44.58620689655172,player,team_2,0.6337922215461731,883,276,953,404,70,128
1293,44.58620689655172,player,team_3,0.6252148747444153,567,240,612,373,45,133
1293,44.58620689655172,player,team_1,0.6086132526397705,642,432,697,600,55,168
1293,44.58620689655172,player,team_1,0.5868285894393921,662,198,697,351,35,153
1294,44.62068965517241,player,team_1,0.7909829020500183,251,286,292,453,41,167
1294,44.62068965517241,player,team_2,0.7156111001968384,769,324,844,476,75,152
1294,44.62068965517241,player,team_3,0.6786374449729919,877,277,948,407,71,130
1294,44.62068965517241,player,team_1,0.6670314073562622,638,433,696,601,58,168
1294,44.62068965517241,player,team_1,0.6576958298683167,1055,332,1104,514,49,182
1294,44.62068965517241,player,team_2,0.6558234095573425,565,240,613,379,48,139
1294,44.62068965517241,player,team_1,0.5802989602088928,666,192,702,348,36,156
1295,44.6551724137931,player,team_3,0.7697001695632935,249,286,291,455,42,169
1295,44.6551724137931,player,team_2,0.6983411312103271,767,327,843,478,76,151
1295,44.6551724137931,player,team_1,0.6861584186553955,666,194,708,344,42,150
1295,44.6551724137931,player,team_3,0.6853606104850769,564,244,610,381,46,137
1295,44.6551724137931,player,team_1,0.6027023792266846,636,435,695,599,59,164
1295,44.6551724137931,player,team_1,0.5848039388656616,1054,335,1103,515,49,180
1295,44.6551724137931,player,team_2,0.5570678114891052,882,279,940,411,58,132
1296,44.689655172413794,player,unknown,0.7362926006317139,247,287,290,456,43,169
1296,44.689655172413794,player,team_1,0.7035630941390991,635,438,693,591,58,153
1296,44.689655172413794,player,team_1,0.6802816390991211,1053,337,1102,512,49,175
1296,44.689655172413794,player,team_2,0.6680986285209656,562,245,607,376,45,131
1296,44.689655172413794,player,team_1,0.6454504132270813,669,197,711,347,42,150
1296,44.689655172413794,player,team_2,0.6259703040122986,761,329,842,479,81,150
1296,44.689655172413794,player,team_2,0.5872172117233276,891,280,939,408,48,128
1297,44.724137931034484,player,team_1,0.5625224113464355,243,289,294,454,51,165
1297,44.724137931034484,player,team_4,0.5491054654121399,889,279,934,405,45,126
1297,44.724137931034484,player,team_4,0.5262154340744019,634,439,691,589,57,150
1298,44.758620689655174,player,team_3,0.6916636228561401,243,290,293,454,50,164
1298,44.758620689655174,player,team_2,0.6585612297058105,558,256,606,374,48,118
1298,44.758620689655174,player,team_2,0.6465504169464111,889,279,935,411,46,132
1298,44.758620689655174,player,team_1,0.5472469925880432,1053,340,1101,523,48,183
1299,44.793103448275865,player,team_3,0.6969509720802307,240,291,288,454,48,163
1299,44.793103448275865,player,team_2,0.626610517501831,889,277,934,414,45,137
1299,44.793103448275865,player,team_2,0.607147753238678,553,260,607,380,54,120
1299,44.793103448275865,player,team_1,0.5285625457763672,1054,342,1102,523,48,181
1299,44.793103448275865,player,unknown,0.5096232295036316,632,444,688,595,56,151
1299,44.793103448275865,player,team_2,0.5074531435966492,738,233,773,333,35,100
1300,44.827586206896555,player,team_3,0.6975770592689514,237,290,286,455,49,165
1300,44.827586206896555,player,team_2,0.6419082283973694,886,276,933,417,47,141
1300,44.827586206896555,player,team_1,0.6333310604095459,1056,343,1101,525,45,182
1300,44.827586206896555,player,team_2,0.580390453338623,547,260,608,382,61,122
1300,44.827586206896555,player,team_4,0.522297203540802,743,349,802,477,59,128
1301,44.86206896551724,player,team_3,0.6919776201248169,233,290,285,456,52,166
1301,44.86206896551724,player,team_1,0.6264559030532837,1055,341,1101,525,46,184
1301,44.86206896551724,player,team_2,0.5898686051368713,877,276,931,419,54,143
1301,44.86206896551724,player,team_1,0.5588163733482361,628,444,683,609,55,165
1302,44.89655172413793,player,unknown,0.739919126033783,229,290,280,456,51,166
1302,44.89655172413793,player,team_1,0.679113507270813,1054,340,1100,525,46,185
1302,44.89655172413793,player,team_4,0.6538193821907043,720,340,796,483,76,143
1302,44.89655172413793,player,team_2,0.6245212554931641,536,262,605,390,69,128
1302,44.89655172413793,player,team_1,0.6242906451225281,626,444,681,607,55,163
1302,44.89655172413793,player,team_2,0.5700463652610779,873,278,930,422,57,144
1302,44.89655172413793,player,team_1,0.5581379532814026,956,383,1025,544,69,161
1302,44.89655172413793,player,team_2,0.5037578344345093,796,228,846,359,50,131
1303,44.93103448275862,player,unknown,0.7777127027511597,228,291,278,457,50,166
1303,44.93103448275862,player,team_1,0.7377543449401855,622,445,680,609,58,164
1303,44.93103448275862,player,team_3,0.7065100073814392,530,260,600,385,70,125
1303,44.93103448275862,player,team_2,0.699233889579773,865,278,928,426,63,148
1303,44.93103448275862,player,team_1,0.6877589225769043,1055,338,1099,524,44,186
1303,44.93103448275862,player,team_2,0.5632299780845642,719,351,793,487,74,136
1304,44.96551724137931,player,unknown,0.777836263179779,224,292,273,457,49,165
1304,44.96551724137931,player,unknown,0.7260107398033142,617,444,678,608,61,164
1304,44.96551724137931,player,team_3,0.6721438765525818,527,260,594,387,67,127
1304,44.96551724137931,player,team_1,0.6492922306060791,1055,339,1098,523,43,184
1304,44.96551724137931,player,team_1,0.6400094628334045,954,374,1023,544,69,170
1304,44.96551724137931,player,team_2,0.565951406955719,859,285,924,430,65,145
1304,44.96551724137931,player,team_2,0.5625256299972534,739,239,789,342,50,103
1304,44.96551724137931,player,team_4,0.5208457112312317,714,347,786,489,72,142
1305,45.0,player,unknown,0.7717145085334778,222,291,271,458,49,167
1305,45.0,player,team_3,0.7334933280944824,520,258,586,391,66,133
1305,45.0,player,team_1,0.7172178030014038,616,445,677,610,61,165
1305,45.0,player,team_2,0.712550699710846,855,280,924,434,69,154
1305,45.0,player,team_1,0.7106075882911682,951,370,1023,540,72,170
1305,45.0,player,team_1,0.6614469289779663,1055,340,1098,527,43,187
1305,45.0,player,team_4,0.6614179015159607,710,350,786,488,76,138
1305,45.0,player,team_3,0.566243052482605,684,237,735,386,51,149
1305,45.0,player,team_2,0.5253501534461975,739,239,794,341,55,102
1306,45.03448275862069,player,team_3,0.7973486185073853,518,256,584,391,66,135
1306,45.03448275862069,player,team_2,0.7931481599807739,849,284,922,442,73,158
1306,45.03448275862069,player,unknown,0.7615806460380554,217,291,265,458,48,167
1306,45.03448275862069,player,unknown,0.7283983826637268,615,443,674,610,59,167
1306,45.03448275862069,player,team_3,0.6497080326080322,672,241,739,379,67,138
1306,45.03448275862069,player,team_2,0.6450038552284241,708,354,781,493,73,139
1306,45.03448275862069,player,team_1,0.5499311685562134,1054,341,1098,529,44,188
1307,45.06896551724138,player,team_2,0.8259105086326599,844,287,921,445,77,158
1307,45.06896551724138,player,team_3,0.7573002576828003,514,256,579,391,65,135
1307,45.06896551724138,player,unknown,0.7489675879478455,213,290,262,459,49,169
1307,45.06896551724138,player,team_1,0.674045741558075,1052,343,1101,534,49,191
1307,45.06896551724138,player,unknown,0.6554799675941467,613,444,672,608,59,164
1307,45.06896551724138,player,team_1,0.6363450288772583,945,359,1015,537,70,178
1307,45.06896551724138,player,team_2,0.5829275846481323,706,356,779,489,73,133
1307,45.06896551724138,player,team_3,0.5584796667098999,674,244,740,377,66,133
1308,45.10344827586207,player,team_2,0.82090163230896,837,293,924,446,87,153
1308,45.10344827586207,player,unknown,0.7832409143447876,209,290,257,459,48,169
1308,45.10344827586207,player,team_3,0.7652512788772583,508,254,575,390,67,136
1308,45.10344827586207,player,team_1,0.6334475874900818,1055,345,1102,544,47,199
1308,45.10344827586207,player,team_2,0.6296374797821045,704,356,777,512,73,156
1308,45.10344827586207,player,team_1,0.5856552124023438,611,447,668,612,57,165
1308,45.10344827586207,player,team_3,0.5771756768226624,676,246,741,391,65,145
1308,45.10344827586207,player,team_1,0.5543826818466187,951,352,1008,511,57,159
1309,45.13793103448276,player,team_2,0.8005355000495911,833,300,926,448,93,148
1309,45.13793103448276,player,unknown,0.7611085176467896,203,289,252,458,49,169
1309,45.13793103448276,player,team_2,0.7059068083763123,702,358,775,523,73,165
1309,45.13793103448276,player,team_4,0.6715435981750488,503,253,560,389,57,136
1309,45.13793103448276,class_32,,0.6099146008491516,944,504,980,537,36,33
1309,45.13793103448276,player,team_1,0.598446786403656,1054,349,1104,545,50,196
1309,45.13793103448276,player,team_3,0.5571252107620239,682,246,739,391,57,145
1310,45.172413793103445,player,unknown,0.8008615970611572,199,288,248,458,49,170
1310,45.172413793103445,player,team_2,0.7986162900924683,831,306,929,455,98,149
1310,45.172413793103445,player,team_2,0.690313994884491,701,362,774,528,73,166
1310,45.172413793103445,player,team_4,0.6406725645065308,497,253,554,389,57,136
1310,45.172413793103445,player,team_1,0.6261184811592102,604,446,664,624,60,178
1310,45.172413793103445,class_32,,0.608509361743927,945,504,976,537,31,33
1310,45.172413793103445,player,team_3,0.6006925702095032,682,247,741,392,59,145
1310,45.172413793103445,player,team_1,0.5328859090805054,1054,354,1105,548,51,194
1311,45.206896551724135,player,team_3,0.8266677260398865,197,287,245,460,48,173
1311,45.206896551724135,player,team_2,0.7346768379211426,831,311,929,457,98,146
1311,45.206896551724135,player,team_1,0.6335768103599548,601,446,662,611,61,165
1311,45.206896551724135,player,team_2,0.6277987957000732,702,367,775,530,73,163
1311,45.206896551724135,player,team_3,0.6138997077941895,683,246,741,391,58,145
1311,45.206896551724135,player,team_4,0.575339674949646,494,251,550,390,56,139
1311,45.206896551724135,player,team_1,0.5258868932723999,1052,356,1108,549,56,193
1312,45.241379310344826,player,unknown,0.8389793634414673,192,285,240,460,48,175
1312,45.241379310344826,player,team_2,0.7503781318664551,830,313,934,462,104,149
1312,45.241379310344826,player,team_3,0.6804900765419006,682,244,742,390,60,146
1312,45.241379310344826,player,unknown,0.6525871157646179,600,445,660,617,60,172
1312,45.241379310344826,player,team_4,0.6399763822555542,490,251,544,389,54,138
1312,45.241379310344826,player,team_2,0.5902295708656311,705,369,775,531,70,162
1312,45.241379310344826,player,team_1,0.5815585255622864,943,350,1002,527,59,177
1313,45.275862068965516,player,unknown,0.8158136010169983,190,284,237,459,47,175
1313,45.275862068965516,player,team_4,0.7230381369590759,484,249,538,391,54,142
1313,45.275862068965516,player,team_3,0.7167131304740906,682,240,739,383,57,143
1313,45.275862068965516,player,unknown,0.6734542846679688,598,445,658,621,60,176
1313,45.275862068965516,player,team_2,0.6501844525337219,830,315,937,468,107,153
1313,45.275862068965516,player,team_2,0.5370763540267944,706,370,775,532,69,162
1314,45.310344827586206,player,unknown,0.7385079860687256,185,283,232,458,47,175
1314,45.310344827586206,player,team_4,0.733121931552887,480,248,536,390,56,142
1314,45.310344827586206,player,team_3,0.6849205493927002,680,237,737,381,57,144
1314,45.310344827586206,player,unknown,0.6780059933662415,595,447,656,621,61,174
1314,45.310344827586206,player,team_2,0.6426680088043213,828,316,934,470,106,154
1314,45.310344827586206,player,team_2,0.5977868437767029,706,367,777,533,71,166
1314,45.310344827586206,player,team_1,0.5306903719902039,934,354,1000,520,66,166
1315,45.3448275862069,player,team_3,0.7646622657775879,679,232,737,382,58,150
1315,45.3448275862069,player,unknown,0.731329083442688,182,283,229,460,47,177
1315,45.3448275862069,player,team_1,0.6909667253494263,592,447,652,619,60,172
1315,45.3448275862069,player,team_2,0.6823177337646484,468,248,531,390,63,142
1315,45.3448275862069,player,team_2,0.5330726504325867,828,318,935,463,107,145
1316,45.37931034482759,player,unknown,0.7682828903198242,178,282,225,460,47,178
1316,45.37931034482759,player,team_1,0.7444080710411072,589,448,650,619,61,171
1316,45.37931034482759,player,team_1,0.6989390254020691,676,228,731,389,55,161
1316,45.37931034482759,player,team_4,0.5458453297615051,475,248,526,390,51,142
1317,45.41379310344828,player,unknown,0.7534631490707397,176,282,221,460,45,178
1317,45.41379310344828,player,team_1,0.7476483583450317,586,448,648,622,62,174
1317,45.41379310344828,player,team_1,0.7157972455024719,674,223,728,389,54,166
1317,45.41379310344828,player,team_3,0.6392917037010193,461,250,524,394,63,144
1317,45.41379310344828,player,team_2,0.5176499485969543,470,579,529,636,59,57
1318,45.44827586206897,player,team_1,0.7680398225784302,585,448,647,623,62,175
1318,45.44827586206897,player,unknown,0.7628328204154968,170,281,217,458,47,177
1318,45.44827586206897,player,team_1,0.7375915050506592,672,218,727,392,55,174
1318,45.44827586206897,player,team_2,0.6841374039649963,455,249,520,397,65,148
1318,45.44827586206897,player,team_2,0.5614615082740784,848,317,953,454,105,137
1318,45.44827586206897,player,team_2,0.5327106714248657,468,579,528,636,60,57
1319,45.48275862068966,player,unknown,0.8196136355400085,167,281,215,461,48,180
1319,45.48275862068966,player,team_1,0.7565252780914307,670,214,725,390,55,176
1319,45.48275862068966,player,team_3,0.7305849194526672,447,250,517,398,70,148
1319,45.48275862068966,player,team_1,0.7055125832557678,584,446,645,622,61,176
1319,45.48275862068966,player,team_2,0.6920647621154785,857,314,951,461,94,147
1319,45.48275862068966,player,team_2,0.5412436127662659,466,580,527,636,61,56
1319,45.48275862068966,player,team_2,0.5361365675926208,758,240,816,357,58,117
1320,45.51724137931034,player,unknown,0.8361223936080933,164,280,214,462,50,182
1320,45.51724137931034,player,team_3,0.7405717968940735,446,252,514,398,68,146
1320,45.51724137931034,player,team_1,0.7348169088363647,668,211,724,382,56,171
1320,45.51724137931034,player,team_1,0.7213471531867981,582,445,644,620,62,175
1320,45.51724137931034,player,team_2,0.6337259411811829,867,312,955,467,88,155
1320,45.51724137931034,player,team_2,0.516812801361084,815,214,880,360,65,146
1320,45.51724137931034,player,team_2,0.5024921894073486,729,354,792,513,63,159
1321,45.55172413793103,player,unknown,0.8017330765724182,161,279,209,461,48,182
1321,45.55172413793103,player,team_3,0.7916914820671082,446,252,511,398,65,146
1321,45.55172413793103,player,team_1,0.7512160539627075,666,213,720,380,54,167
1321,45.55172413793103,player,team_1,0.7203683257102966,581,446,642,623,61,177
1321,45.55172413793103,player,team_2,0.6034454107284546,878,311,962,472,84,161
1321,45.55172413793103,player,team_2,0.540626049041748,809,215,881,369,72,154
1322,45.58620689655172,player,team_3,0.7939161062240601,445,253,507,401,62,148
1322,45.58620689655172,player,unknown,0.7863099575042725,159,279,208,461,49,182
1322,45.58620689655172,player,team_1,0.7639876008033752,665,212,719,377,54,165
1322,45.58620689655172,player,team_1,0.7066937685012817,579,446,640,622,61,176
1322,45.58620689655172,player,team_2,0.5196378231048584,808,211,877,365,69,154
1322,45.58620689655172,player,team_2,0.5125748515129089,458,582,518,635,60,53
1323,45.62068965517241,player,unknown,0.7786075472831726,154,277,206,462,52,185
1323,45.62068965517241,player,team_3,0.7766646146774292,445,253,503,403,58,150
1323,45.62068965517241,player,team_1,0.7358958721160889,663,208,718,376,55,168
1323,45.62068965517241,player,unknown,0.6758044362068176,577,447,638,621,61,174
1323,45.62068965517241,player,team_2,0.5611990690231323,749,327,805,538,56,211
1324,45.6551724137931,player,team_3,0.7765944004058838,151,276,201,459,50,183
1324,45.6551724137931,player,team_3,0.7750174403190613,437,253,502,405,65,152
1324,45.6551724137931,player,team_1,0.7744640111923218,659,207,718,370,59,163
1324,45.6551724137931,player,team_1,0.6610716581344604,574,449,636,623,62,174
1324,45.6551724137931,player,team_2,0.6208412051200867,751,331,806,538,55,207
1324,45.6551724137931,player,team_1,0.6036895513534546,1051,360,1116,555,65,195
1324,45.6551724137931,player,team_2,0.5012915134429932,804,209,872,364,68,155
1325,45.689655172413794,player,unknown,0.7772346138954163,149,275,197,459,48,184
1325,45.689655172413794,player,team_1,0.7491495013237,655,209,722,368,67,159
1325,45.689655172413794,player,team_2,0.7464113235473633,435,255,498,405,63,150
1325,45.689655172413794,player,team_1,0.7220999598503113,570,448,634,629,64,181
1325,45.689655172413794,player,team_1,0.6932017803192139,887,367,984,535,97,168
1325,45.689655172413794,class_32,,0.6192473769187927,887,515,916,536,29,21
1325,45.689655172413794,player,team_2,0.5861053466796875,750,335,807,538,57,203
1325,45.689655172413794,player,team_2,0.5728804469108582,453,583,511,635,58,52
1325,45.689655172413794,player,team_1,0.5427982211112976,1046,361,1118,559,72,198
1326,45.724137931034484,player,team_3,0.8051372766494751,146,275,195,457,49,182
1326,45.724137931034484,player,team_1,0.7404415607452393,884,356,977,528,93,172
1326,45.724137931034484,player,team_3,0.7283569574356079,652,208,724,369,72,161
1326,45.724137931034484,player,team_1,0.7193118929862976,568,446,632,628,64,182
1326,45.724137931034484,player,team_3,0.7126491665840149,434,255,496,407,62,152
1326,45.724137931034484,player,team_2,0.6529339551925659,748,339,807,538,59,199
1326,45.724137931034484,player,team_2,0.5595188736915588,928,325,981,476,53,151
1326,45.724137931034484,player,team_2,0.553429126739502,450,583,508,635,58,52
1326,45.724137931034484,class_32,,0.5312372446060181,886,513,915,535,29,22
1326,45.724137931034484,player,team_2,0.5100218057632446,510,579,557,634,47,55
1327,45.758620689655174,player,unknown,0.8162006735801697,141,274,193,457,52,183
1327,45.758620689655174,player,team_1,0.8016942739486694,879,355,966,534,87,179
1327,45.758620689655174,player,team_3,0.7804500460624695,429,255,491,408,62,153
1327,45.758620689655174,player,team_2,0.7335096597671509,929,328,990,496,61,168
1327,45.758620689655174,player,team_3,0.6954784393310547,647,213,727,369,80,156
1327,45.758620689655174,player,team_1,0.6883859038352966,568,444,631,625,63,181
1327,45.758620689655174,player,team_1,0.591805636882782,1039,365,1119,576,80,211
1327,45.758620689655174,player,team_2,0.511097252368927,449,582,505,635,56,53
1328,45.793103448275865,player,unknown,0.8021557331085205,137,273,189,456,52,183
1328,45.793103448275865,player,unknown,0.7208287715911865,565,444,629,623,64,179
1328,45.793103448275865,player,team_3,0.6945160627365112,426,254,487,405,61,151
1328,45.793103448275865,player,team_3,0.6627781391143799,641,206,725,370,84,164
1328,45.793103448275865,player,team_2,0.622387170791626,930,332,1000,491,70,159
1328,45.793103448275865,player,team_1,0.5151376724243164,185,130,240,270,55,140
1329,45.827586206896555,player,unknown,0.8260549902915955,134,272,186,455,52,183
1329,45.827586206896555,player,team_1,0.7643980383872986,562,444,627,624,65,180
1329,45.827586206896555,player,team_2,0.7489257454872131,924,332,1018,504,94,172
1329,45.827586206896555,player,team_3,0.710202157497406,421,254,484,404,63,150
1329,45.827586206896555,player,team_3,0.6971214413642883,636,203,717,366,81,163
1329,45.827586206896555,player,team_1,0.550617516040802,864,351,951,531,87,180
1329,45.827586206896555,player,team_1,0.54603511095047,195,131,237,269,42,138
1329,45.827586206896555,player,team_2,0.5019528865814209,444,580,501,635,57,55
1330,45.86206896551724,player,unknown,0.8343393206596375,131,272,180,452,49,180
1330,45.86206896551724,player,team_4,0.7830531001091003,417,254,479,404,62,150
1330,45.86206896551724,player,team_2,0.7419567704200745,925,338,1023,504,98,166
1330,45.86206896551724,player,team_1,0.6732330322265625,632,201,698,364,66,163
1330,45.86206896551724,player,team_1,0.6111462116241455,556,449,624,626,68,177
1331,45.89655172413793,player,team_3,0.8558204174041748,128,271,174,451,46,180
1331,45.89655172413793,player,team_4,0.7975622415542603,413,252,476,402,63,150
1331,45.89655172413793,player,unknown,0.7569482326507568,554,445,620,622,66,177
1331,45.89655172413793,player,team_2,0.7565695643424988,930,340,1030,507,100,167
1331,45.89655172413793,player,team_1,0.7135932445526123,851,348,942,531,91,183
1331,45.89655172413793,player,team_1,0.6986332535743713,627,203,690,361,63,158
1331,45.89655172413793,player,team_3,0.6410868167877197,760,352,823,534,63,182
1331,45.89655172413793,class_32,,0.6247414946556091,848,516,879,533,31,17
1331,45.89655172413793,player,team_2,0.5083299875259399,438,579,496,635,58,56
1332,45.93103448275862,player,unknown,0.814704179763794,127,271,173,451,46,180
1332,45.93103448275862,player,team_1,0.7938252091407776,552,442,616,622,64,180
1332,45.93103448275862,player,team_4,0.7657827734947205,409,252,470,404,61,152
1332,45.93103448275862,player,team_1,0.7283782362937927,623,202,692,361,69,159
1332,45.93103448275862,player,team_2,0.6153636574745178,932,343,1029,504,97,161
1332,45.93103448275862,player,team_2,0.6058486104011536,759,352,830,532,71,180
1332,45.93103448275862,player,team_2,0.5360780954360962,436,579,496,634,60,55
1333,45.96551724137931,player,team_3,0.7998526096343994,123,272,168,453,45,181
1333,45.96551724137931,player,team_3,0.7837064862251282,403,252,469,403,66,151
1333,45.96551724137931,player,team_3,0.7467524409294128,620,201,705,360,85,159
1333,45.96551724137931,player,team_1,0.740680992603302,550,443,614,621,64,178
1333,45.96551724137931,player,team_2,0.6469433903694153,918,345,1029,509,111,164
1333,45.96551724137931,player,team_1,0.6394760608673096,851,351,935,536,84,185
1333,45.96551724137931,player,team_2,0.5424607992172241,434,579,494,634,60,55
1334,46.0,player,unknown,0.7961399555206299,121,271,166,453,45,182
1334,46.0,player,team_4,0.744095504283905,402,252,464,403,62,151
1334,46.0,player,team_3,0.734869658946991,616,197,703,357,87,160
1334,46.0,player,team_1,0.7200675010681152,549,442,612,614,63,172
1334,46.0,player,team_1,0.6725848913192749,849,351,936,534,87,183
1334,46.0,player,team_2,0.5665268301963806,924,348,1025,507,101,159
1334,46.0,player,team_2,0.5487993955612183,753,351,841,533,88,182
1335,46.03448275862069,player,team_4,0.8042804598808289,399,254,462,407,63,153
1335,46.03448275862069,player,team_3,0.7763404250144958,613,196,700,356,87,160
1335,46.03448275862069,player,team_3,0.7719644904136658,118,271,163,452,45,181
1335,46.03448275862069,player,team_1,0.7232095003128052,845,349,933,530,88,181
1335,46.03448275862069,player,team_2,0.6077796816825867,928,351,1023,507,95,156
1335,46.03448275862069,player,team_3,0.6047418713569641,753,354,839,532,86,178
1335,46.03448275862069,player,team_1,0.5789713263511658,548,443,609,617,61,174
1336,46.06896551724138,player,team_3,0.7708682417869568,116,272,158,452,42,180
1336,46.06896551724138,player,team_4,0.7691066861152649,395,255,457,408,62,153
1336,46.06896551724138,player,team_1,0.7370002269744873,839,349,933,526,94,177
1336,46.06896551724138,player,team_3,0.6726414561271667,608,194,693,355,85,161
1336,46.06896551724138,player,team_2,0.6595637202262878,929,350,1018,509,89,159
1336,46.06896551724138,player,team_3,0.6320789456367493,753,358,833,532,80,174
1336,46.06896551724138,player,team_1,0.5744533538818359,545,443,608,625,63,182
1337,46.10344827586207,player,team_3,0.80768883228302,114,271,154,452,40,181
1337,46.10344827586207,player,team_3,0.7602372765541077,606,195,687,353,81,158
1337,46.10344827586207,player,team_4,0.7406467199325562,392,256,455,411,63,155
1337,46.10344827586207,player,team_3,0.6901536583900452,836,349,934,528,98,179
1337,46.10344827586207,player,team_3,0.6354930400848389,752,354,836,533,84,179
1337,46.10344827586207,player,team_2,0.5988309383392334,932,352,1018,507,86,155
1337,46.10344827586207,player,team_1,0.5009971261024475,543,445,605,621,62,176
1338,46.13793103448276,player,team_3,0.7857171893119812,603,194,685,353,82,159
1338,46.13793103448276,player,team_3,0.7774866223335266,111,272,153,452,42,180
1338,46.13793103448276,player,team_4,0.7706470489501953,390,258,453,412,63,154
1338,46.13793103448276,player,team_3,0.7039906978607178,831,349,932,529,101,180
1338,46.13793103448276,player,team_2,0.6619221568107605,927,353,1016,514,89,161
1338,46.13793103448276,player,team_3,0.6197394132614136,753,351,835,530,82,179
1338,46.13793103448276,player,team_1,0.5613805651664734,539,450,603,623,64,173
1339,46.172413793103445,player,team_4,0.7611502408981323,389,260,450,415,61,155
1339,46.172413793103445,player,team_1,0.7358919978141785,832,347,925,529,93,182
1339,46.172413793103445,player,team_3,0.7300629615783691,600,192,682,351,82,159
1339,46.172413793103445,player,team_3,0.7240830659866333,108,272,152,452,44,180
1339,46.172413793103445,player,team_3,0.6605808138847351,754,347,837,527,83,180
1339,46.172413793103445,player,team_1,0.5768882632255554,537,444,601,623,64,179
1339,46.172413793103445,player,team_2,0.5754784941673279,930,355,1016,515,86,160
1340,46.206896551724135,player,unknown,0.8075518608093262,105,274,151,450,46,176
1340,46.206896551724135,player,team_1,0.7883793115615845,831,346,924,530,93,184
1340,46.206896551724135,player,team_4,0.7675520181655884,389,261,446,417,57,156
1340,46.206896551724135,player,team_3,0.7255030870437622,756,344,840,523,84,179
1340,46.206896551724135,player,team_3,0.7221724987030029,600,190,676,351,76,161
1340,46.206896551724135,player,team_1,0.5321866273880005,537,443,600,624,63,181
1341,46.241379310344826,player,unknown,0.8257643580436707,103,274,149,450,46,176
1341,46.241379310344826,player,team_1,0.789518415927887,831,345,921,530,90,185
1341,46.241379310344826,player,team_4,0.7254571914672852,386,263,443,416,57,153
1341,46.241379310344826,player,team_2,0.7057105898857117,758,340,838,521,80,181
1341,46.241379310344826,class_32,,0.5401576161384583,829,510,856,530,27,20
1341,46.241379310344826,player,team_3,0.5215740203857422,931,362,1002,541,71,179
1342,46.275862068965516,player,unknown,0.8499906659126282,101,274,147,450,46,176
1342,46.275862068965516,player,team_1,0.7454125881195068,829,344,918,528,89,184
1342,46.275862068965516,player,team_2,0.7247288823127747,758,336,839,516,81,180
1342,46.275862068965516,player,team_4,0.6902646422386169,383,266,441,417,58,151
1342,46.275862068965516,player,team_3,0.6590833067893982,592,187,670,352,78,165
1342,46.275862068965516,player,team_2,0.6297625303268433,931,365,1003,546,72,181
1343,46.310344827586206,player,team_3,0.8587154150009155,99,275,144,450,45,175
1343,46.310344827586206,player,team_3,0.7872159481048584,586,187,667,352,81,165
1343,46.310344827586206,player,team_2,0.636558473110199,761,331,832,512,71,181
1343,46.310344827586206,player,team_4,0.6320428252220154,381,268,439,418,58,150
1343,46.310344827586206,player,team_1,0.5100831985473633,153,121,206,265,53,144
1344,46.3448275862069,player,team_3,0.8640279173851013,97,275,143,450,46,175
1344,46.3448275862069,player,team_3,0.7921867370605469,582,189,664,353,82,164
1344,46.3448275862069,player,team_4,0.6984938383102417,377,267,436,421,59,154
1344,46.3448275862069,player,team_2,0.6956779956817627,762,331,834,509,72,178
1344,46.3448275862069,player,team_1,0.6899349689483643,825,342,913,524,88,182
1344,46.3448275862069,player,team_2,0.5816866755485535,927,376,998,549,71,173
1344,46.3448275862069,player,team_1,0.5372487306594849,151,118,205,265,54,147
1345,46.37931034482759,player,team_3,0.8353305459022522,96,275,142,451,46,176
1345,46.37931034482759,player,team_3,0.7241092324256897,576,191,658,351,82,160
1345,46.37931034482759,player,team_4,0.681639552116394,375,267,433,422,58,155
1345,46.37931034482759,player,team_2,0.6747072339057922,766,331,831,507,65,176
1345,46.37931034482759,player,team_1,0.5000532269477844,831,342,900,505,69,163
1346,46.41379310344828,player,team_3,0.8346609473228455,94,276,140,450,46,174
1346,46.41379310344828,player,team_3,0.7143313884735107,574,189,651,351,77,162
1346,46.41379310344828,player,team_4,0.714055061340332,375,267,431,420,56,153
1346,46.41379310344828,player,team_2,0.6312625408172607,765,329,823,505,58,176
1347,46.44827586206897,player,team_3,0.7962927222251892,91,275,139,451,48,176
1347,46.44827586206897,player,team_4,0.6843552589416504,374,266,429,419,55,153
1347,46.44827586206897,player,team_1,0.633897602558136,818,342,897,498,79,156
1347,46.44827586206897,player,team_2,0.5956588983535767,765,328,821,504,56,176
1347,46.44827586206897,class_32,,0.5915361046791077,816,496,847,529,31,33
1347,46.44827586206897,player,team_3,0.5541129112243652,575,189,649,350,74,161
1348,46.48275862068966,player,team_1,0.8200569748878479,818,340,908,515,90,175
1348,46.48275862068966,player,team_3,0.8080004453659058,90,275,138,452,48,177
1348,46.48275862068966,player,team_4,0.7361235022544861,371,265,429,416,58,151
1348,46.48275862068966,player,team_2,0.6826132535934448,764,329,822,505,58,176
1348,46.48275862068966,player,team_3,0.636252224445343,569,187,638,347,69,160
1348,46.48275862068966,player,unknown,0.5815252661705017,522,448,586,618,64,170
1348,46.48275862068966,player,team_3,0.5001091361045837,674,201,740,347,66,146
1349,46.51724137931034,player,team_3,0.8136707544326782,88,274,137,452,49,178
1349,46.51724137931034,player,team_1,0.8035600781440735,821,341,905,513,84,172
1349,46.51724137931034,player,team_4,0.7260844707489014,370,266,428,417,58,151
1349,46.51724137931034,player,team_2,0.7077536582946777,763,331,823,505,60,174
1349,46.51724137931034,player,team_3,0.6357656121253967,569,186,642,345,73,159
1349,46.51724137931034,player,team_1,0.603193998336792,521,443,584,617,63,174
1350,46.55172413793103,player,team_3,0.8000542521476746,87,274,136,452,49,178
1350,46.55172413793103,player,team_1,0.7379987835884094,822,342,900,514,78,172
1350,46.55172413793103,player,team_4,0.735498309135437,369,265,430,420,61,155
1350,46.55172413793103,player,team_3,0.6913419961929321,565,179,641,342,76,163
1350,46.55172413793103,player,team_2,0.6596658825874329,762,332,819,505,57,173
1350,46.55172413793103,player,unknown,0.6275603771209717,520,441,583,616,63,175
1350,46.55172413793103,player,team_3,0.5115212202072144,662,195,721,344,59,149
1350,46.55172413793103,player,team_2,0.5017268061637878,403,578,464,635,61,57
1351,46.58620689655172,player,team_3,0.786802351474762,86,274,135,452,49,178
1351,46.58620689655172,player,team_4,0.7398133277893066,368,264,431,420,63,156
1351,46.58620689655172,player,team_1,0.7182173728942871,566,178,639,338,73,160
1351,46.58620689655172,player,team_3,0.6548672914505005,658,193,713,340,55,147
1351,46.58620689655172,player,team_1,0.6060596108436584,820,343,898,513,78,170
1351,46.58620689655172,player,team_1,0.5930782556533813,520,444,584,620,64,176
1351,46.58620689655172,player,team_2,0.578998327255249,761,334,821,505,60,171
1351,46.58620689655172,player,team_2,0.5025614500045776,402,578,463,635,61,57
1352,46.62068965517241,player,team_3,0.7857927680015564,85,273,134,452,49,179
1352,46.62068965517241,player,team_4,0.7652378678321838,368,264,432,419,64,155
1352,46.62068965517241,player,team_1,0.722006618976593,566,176,633,333,67,157
1352,46.62068965517241,player,team_3,0.5919904708862305,661,194,714,340,53,146
1352,46.62068965517241,player,team_3,0.575186014175415,815,346,894,515,79,169
1352,46.62068965517241,player,team_1,0.5477010607719421,520,443,583,617,63,174
1352,46.62068965517241,player,team_2,0.5383909344673157,760,333,817,505,57,172
1352,46.62068965517241,player,team_3,0.5128141045570374,896,383,979,544,83,161
1353,46.6551724137931,player,team_3,0.7791485786437988,84,273,134,452,50,179
1353,46.6551724137931,player,team_4,0.7719536423683167,367,266,432,419,65,153
1353,46.6551724137931,player,team_1,0.7395983934402466,564,175,629,331,65,156
1353,46.6551724137931,player,team_1,0.6217917203903198,519,442,582,615,63,173
1353,46.6551724137931,player,team_2,0.5865077376365662,759,332,816,505,57,173
1353,46.6551724137931,player,team_3,0.5681427121162415,653,190,709,341,56,151
1353,46.6551724137931,player,team_3,0.5634544491767883,814,350,890,516,76,166
1354,46.689655172413794,player,team_1,0.7901314496994019,562,176,624,330,62,154
1354,46.689655172413794,player,team_4,0.787422776222229,365,267,432,419,67,152
1354,46.689655172413794,player,team_3,0.7752810716629028,84,273,133,451,49,178
1354,46.689655172413794,player,team_3,0.6230621337890625,653,190,711,343,58,153
1354,46.689655172413794,player,team_2,0.5588745474815369,757,331,816,502,59,171
1354,46.689655172413794,player,team_1,0.5359318256378174,518,446,581,611,63,165
1354,46.689655172413794,player,team_1,0.5070312023162842,811,351,883,515,72,164
1355,46.724137931034484,player,team_1,0.7884609699249268,557,173,622,327,65,154
1355,46.724137931034484,player,team_3,0.7812443375587463,361,267,431,418,70,151
1355,46.724137931034484,player,team_3,0.7731627821922302,83,273,132,451,49,178
1355,46.724137931034484,player,team_3,0.7075452208518982,650,191,704,345,54,154
1355,46.724137931034484,player,team_1,0.7051210403442383,815,350,878,516,63,166
1355,46.724137931034484,player,team_2,0.5788123607635498,755,329,815,501,60,172
1356,46.758620689655174,player,team_2,0.7810704112052917,360,267,430,417,70,150
1356,46.758620689655174,player,team_3,0.7809782028198242,82,273,131,451,49,178
1356,46.758620689655174,player,team_1,0.7635403275489807,553,174,620,327,67,153
1356,46.758620689655174,player,team_2,0.7119901180267334,643,188,693,340,50,152
1356,46.758620689655174,player,team_3,0.6641582250595093,810,351,875,514,65,163
1356,46.758620689655174,player,team_2,0.5821728110313416,755,327,814,500,59,173
1357,46.793103448275865,player,team_3,0.7949608564376831,81,273,131,450,50,177
1357,46.793103448275865,player,team_1,0.7830962538719177,549,175,617,329,68,154
1357,46.793103448275865,player,team_2,0.7764940857887268,639,192,685,345,46,153
1357,46.793103448275865,player,team_3,0.7585688233375549,361,267,430,417,69,150
1357,46.793103448275865,player,team_2,0.5720493197441101,754,326,811,497,57,171
1357,46.793103448275865,player,team_1,0.5530921816825867,819,351,874,514,55,163
1358,46.827586206896555,player,team_3,0.8003438711166382,80,273,131,450,51,177
1358,46.827586206896555,player,team_1,0.7904483079910278,547,175,615,329,68,154
1358,46.827586206896555,player,team_3,0.7374514937400818,635,189,683,342,48,153
1358,46.827586206896555,player,team_4,0.7364524602890015,361,268,429,417,68,149
1358,46.827586206896555,player,team_1,0.5940773487091064,819,353,872,515,53,162
1358,46.827586206896555,player,team_2,0.5932298302650452,753,324,810,495,57,171
1359,46.86206896551724,player,team_3,0.8075291514396667,79,273,131,450,52,177
1359,46.86206896551724,player,team_1,0.7726913094520569,545,174,614,328,69,154
1359,46.86206896551724,player,team_3,0.7386302351951599,361,268,428,417,67,149
1359,46.86206896551724,player,team_3,0.7238014936447144,627,195,683,340,56,145
1359,46.86206896551724,player,team_1,0.6246406435966492,818,354,869,510,51,156
1359,46.86206896551724,player,team_2,0.5869602560997009,752,324,810,495,58,171
1360,46.89655172413793,player,team_3,0.8149411082267761,76,272,130,449,54,177
1360,46.89655172413793,player,team_1,0.7658839225769043,544,173,614,327,70,154
1360,46.89655172413793,player,team_4,0.737626850605011,362,269,427,417,65,148
1360,46.89655172413793,player,team_3,0.6697092056274414,618,193,683,342,65,149
1360,46.89655172413793,player,team_2,0.5962501764297485,750,324,809,496,59,172
1360,46.89655172413793,player,team_1,0.560806155204773,817,357,867,513,50,156
1361,46.93103448275862,player,team_3,0.8032140135765076,74,272,129,449,55,177
1361,46.93103448275862,player,team_3,0.761841356754303,362,269,426,417,64,148
1361,46.93103448275862,player,team_1,0.7127588391304016,543,170,612,325,69,155
1361,46.93103448275862,player,team_3,0.7051387429237366,609,191,682,341,73,150
1361,46.93103448275862,player,team_2,0.610971212387085,749,323,808,496,59,173
1361,46.93103448275862,player,team_1,0.557913601398468,817,357,869,511,52,154
1362,46.96551724137931,player,team_3,0.804701030254364,72,271,129,448,57,177
1362,46.96551724137931,player,team_4,0.7563978433609009,363,268,426,417,63,149
1362,46.96551724137931,player,team_3,0.7435243725776672,595,188,680,343,85,155
1362,46.96551724137931,player,team_1,0.7082278728485107,543,169,608,320,65,151
1362,46.96551724137931,player,team_4,0.5611553192138672,749,323,807,497,58,174
1363,47.0,player,team_3,0.8000553250312805,70,271,128,447,58,176
1363,47.0,player,team_4,0.7682737112045288,361,268,425,417,64,149
1363,47.0,player,team_3,0.710989236831665,596,195,677,344,81,149
1363,47.0,player,team_1,0.5997962951660156,541,168,605,316,64,148
1363,47.0,player,team_4,0.5928263664245605,751,323,806,496,55,173
1364,47.03448275862069,player,team_3,0.7920461297035217,69,271,127,448,58,177
1364,47.03448275862069,player,team_3,0.7853662967681885,360,270,425,418,65,148
1364,47.03448275862069,player,team_3,0.6778437495231628,595,194,673,344,78,150
1364,47.03448275862069,player,team_1,0.6018283367156982,537,166,603,317,66,151
1364,47.03448275862069,player,unknown,0.588813304901123,514,440,583,603,69,163
1364,47.03448275862069,player,team_4,0.5827934145927429,750,322,809,493,59,171
1365,47.06896551724138,player,team_3,0.8164694309234619,68,272,127,448,59,176
1365,47.06896551724138,player,team_2,0.789599597454071,359,270,425,417,66,147
1365,47.06896551724138,player,team_1,0.6828209161758423,515,441,584,604,69,163
1365,47.06896551724138,player,team_1,0.6435505747795105,532,154,599,317,67,163
1365,47.06896551724138,player,team_2,0.5650003552436829,749,321,809,491,60,170
1365,47.06896551724138,player,team_3,0.5059636235237122,598,187,667,341,69,154
1366,47.10344827586207,player,team_3,0.8199228644371033,65,272,125,449,60,177
1366,47.10344827586207,player,team_3,0.8062282204627991,357,271,425,417,68,146
1366,47.10344827586207,player,team_1,0.7113794684410095,528,154,595,318,67,164
1366,47.10344827586207,player,team_1,0.6768137812614441,516,441,585,603,69,162
1366,47.10344827586207,player,team_3,0.6218729019165039,597,184,663,341,66,157
1366,47.10344827586207,player,team_2,0.5912104249000549,747,320,806,489,59,169
1367,47.13793103448276,player,team_3,0.8152419328689575,64,273,125,449,61,176
1367,47.13793103448276,player,team_2,0.7907567620277405,355,271,425,417,70,146
1367,47.13793103448276,player,team_1,0.7058188915252686,524,152,586,315,62,163
1367,47.13793103448276,player,team_1,0.6937353610992432,517,442,586,604,69,162
1367,47.13793103448276,player,team_2,0.5698792934417725,745,319,805,487,60,168
1368,47.172413793103445,player,team_3,0.8063283562660217,64,273,124,449,60,176
1368,47.172413793103445,player,team_2,0.790416955947876,353,271,426,416,73,145
1368,47.172413793103445,player,team_1,0.7127490043640137,521,152,581,310,60,158
1368,47.172413793103445,player,team_1,0.6757559180259705,518,444,587,604,69,160
1368,47.172413793103445,player,team_3,0.5584204196929932,741,319,822,488,81,169
1368,47.172413793103445,player,team_3,0.5187005996704102,595,187,648,341,53,154
1369,47.206896551724135,player,team_3,0.8113376498222351,62,274,122,448,60,174
1369,47.206896551724135,player,team_3,0.7973312735557556,352,271,424,416,72,145
1369,47.206896551724135,player,team_1,0.720748782157898,517,150,576,309,59,159
1369,47.206896551724135,player,team_1,0.6387872099876404,519,443,588,604,69,161
1369,47.206896551724135,player,team_2,0.6000959277153015,737,320,822,485,85,165
1370,47.241379310344826,player,team_3,0.8055144548416138,60,275,121,449,61,174
1370,47.241379310344826,player,team_3,0.7612751126289368,349,271,422,416,73,145
1370,47.241379310344826,player,team_1,0.689391016960144,512,152,574,307,62,155
1370,47.241379310344826,player,team_2,0.6791204810142517,733,320,819,485,86,165
1370,47.241379310344826,player,team_1,0.5441217422485352,520,443,589,605,69,162
1370,47.241379310344826,player,team_3,0.5422589182853699,597,180,638,333,41,153
1371,47.275862068965516,player,team_3,0.8185744881629944,58,275,120,450,62,175
1371,47.275862068965516,player,team_3,0.7197383642196655,729,320,811,484,82,164
1371,47.275862068965516,player,team_3,0.7057228684425354,347,272,418,416,71,144
1371,47.275862068965516,player,team_1,0.678250789642334,506,149,571,303,65,154
1371,47.275862068965516,player,team_3,0.6315763592720032,589,182,635,341,46,159
1371,47.275862068965516,player,team_1,0.5394940972328186,522,443,591,604,69,161
1372,47.310344827586206,player,team_3,0.8255899548530579,56,275,118,449,62,174
1372,47.310344827586206,player,team_2,0.705792248249054,725,319,805,482,80,163
1372,47.310344827586206,player,team_3,0.6955618262290955,346,274,415,414,69,140
1372,47.310344827586206,player,team_1,0.6588632464408875,504,149,569,305,65,156
1372,47.310344827586206,player,team_1,0.5962947010993958,523,443,591,605,68,162
1372,47.310344827586206,player,team_3,0.5529725551605225,585,183,632,342,47,159
1373,47.3448275862069,player,unknown,0.8083678483963013,55,276,117,449,62,173
1373,47.3448275862069,player,team_1,0.6484283804893494,524,444,592,606,68,162
1373,47.3448275862069,player,team_1,0.6336077451705933,504,153,564,304,60,151
1373,47.3448275862069,player,team_2,0.6103173494338989,342,274,411,415,69,141
1373,47.3448275862069,player,team_2,0.5890982151031494,723,317,806,480,83,163
1374,47.37931034482759,player,unknown,0.8034270405769348,54,277,117,448,63,171
1374,47.37931034482759,player,team_1,0.6823304891586304,526,444,592,605,66,161
1374,47.37931034482759,player,team_2,0.6241837739944458,341,276,407,416,66,140
1374,47.37931034482759,player,team_1,0.6089540123939514,507,153,561,304,54,151
1374,47.37931034482759,player,team_2,0.6030216217041016,718,318,807,479,89,161
1374,47.37931034482759,player,team_2,0.5447579026222229,719,168,781,319,62,151
1375,47.41379310344828,player,unknown,0.8105806112289429,53,277,117,448,64,171
1375,47.41379310344828,player,unknown,0.6657562851905823,527,444,593,605,66,161
1375,47.41379310344828,player,team_3,0.592967689037323,339,275,399,417,60,142
1375,47.41379310344828,player,team_2,0.5304999351501465,714,320,806,478,92,158
1376,47.44827586206897,player,unknown,0.8080266714096069,53,278,119,449,66,171
1376,47.44827586206897,player,unknown,0.6810823678970337,527,445,594,605,67,160
1376,47.44827586206897,player,team_2,0.630544126033783,338,275,393,423,55,148
1376,47.44827586206897,player,team_2,0.615554928779602,708,322,803,478,95,156
1377,47.48275862068966,player,team_3,0.805363655090332,53,280,119,448,66,168
1377,47.48275862068966,player,team_2,0.7533096075057983,337,277,388,426,51,149
1377,47.48275862068966,player,team_1,0.6752312183380127,527,445,595,605,68,160
1377,47.48275862068966,player,team_1,0.6038044095039368,493,148,551,299,58,151
1377,47.48275862068966,player,team_2,0.5431739687919617,704,326,800,479,96,153
1378,47.51724137931034,player,team_3,0.7816383838653564,52,280,119,448,67,168
1378,47.51724137931034,player,team_3,0.7515184879302979,337,280,387,432,50,152
1378,47.51724137931034,player,team_3,0.6884510517120361,572,180,624,334,52,154
1378,47.51724137931034,player,team_1,0.6831508874893188,528,445,595,605,67,160
1378,47.51724137931034,player,team_1,0.6288248896598816,484,145,551,299,67,154
1378,47.51724137931034,player,team_3,0.5860746502876282,702,328,792,479,90,151
1378,47.51724137931034,player,team_2,0.565191388130188,588,180,625,334,37,154
1378,47.51724137931034,player,team_3,0.5189709067344666,806,364,922,533,116,169
1379,47.55172413793103,player,unknown,0.7800498008728027,52,281,117,449,65,168
1379,47.55172413793103,player,team_3,0.7367720007896423,564,180,624,332,60,152
1379,47.55172413793103,player,team_3,0.7321256995201111,337,283,387,434,50,151
1379,47.55172413793103,player,team_1,0.6801208853721619,492,143,549,298,57,155
1379,47.55172413793103,player,team_2,0.6272061467170715,584,182,627,339,43,157
1379,47.55172413793103,player,team_1,0.5920690894126892,528,445,595,606,67,161
1379,47.55172413793103,player,team_3,0.5835946202278137,807,364,921,532,114,168
1379,47.55172413793103,player,team_3,0.5095884799957275,696,330,791,480,95,150
1380,47.58620689655172,player,team_3,0.7811651229858398,53,281,113,448,60,167
1380,47.58620689655172,player,team_3,0.7738369703292847,564,178,624,330,60,152
1380,47.58620689655172,player,team_3,0.7487708330154419,337,286,386,437,49,151
1380,47.58620689655172,player,team_2,0.6618112921714783,581,181,626,336,45,155
1380,47.58620689655172,player,team_1,0.6395809650421143,491,144,551,295,60,151
1380,47.58620689655172,player,unknown,0.6040252447128296,529,446,594,601,65,155
1380,47.58620689655172,player,team_3,0.5246819853782654,693,337,782,482,89,145
1381,47.62068965517241,player,unknown,0.807110071182251,52,280,111,447,59,167
1381,47.62068965517241,player,team_2,0.7240532636642456,565,177,623,330,58,153
1381,47.62068965517241,player,team_3,0.7092745304107666,336,288,385,438,49,150
1381,47.62068965517241,player,team_2,0.6301798820495605,579,179,625,338,46,159
1381,47.62068965517241,player,team_1,0.6113178730010986,488,142,546,293,58,151
1381,47.62068965517241,player,unknown,0.5576474070549011,528,445,595,603,67,158
1382,47.6551724137931,player,team_3,0.8145226836204529,52,280,110,447,58,167
1382,47.6551724137931,player,team_2,0.6981613039970398,570,174,623,330,53,156
1382,47.6551724137931,player,team_3,0.6796502470970154,334,290,385,438,51,148
1382,47.6551724137931,player,team_1,0.6622098088264465,485,142,543,290,58,148
1382,47.6551724137931,player,unknown,0.5663619041442871,529,446,595,606,66,160
1383,47.689655172413794,player,unknown,0.8168047666549683,53,280,110,447,57,167
1383,47.689655172413794,player,team_2,0.7334986925125122,575,170,624,328,49,158
1383,47.689655172413794,player,team_1,0.7069926261901855,484,142,543,289,59,147
1383,47.689655172413794,player,team_3,0.6568377614021301,331,291,385,438,54,147
1383,47.689655172413794,player,unknown,0.5770189762115479,529,446,595,609,66,163
1384,47.724137931034484,player,team_3,0.8176842331886292,54,280,111,448,57,168
1384,47.724137931034484,player,team_2,0.8017016649246216,575,171,626,328,51,157
1384,47.724137931034484,player,team_3,0.6787283420562744,330,292,385,438,55,146
1384,47.724137931034484,player,team_1,0.6762847304344177,483,141,542,285,59,144
1384,47.724137931034484,player,unknown,0.6038644313812256,530,447,596,611,66,164
1385,47.758620689655174,player,team_3,0.7996982932090759,55,280,113,449,58,169
1385,47.758620689655174,player,team_2,0.7919427752494812,574,173,628,327,54,154
1385,47.758620689655174,player,team_3,0.7379251718521118,328,293,386,438,58,145
1385,47.758620689655174,player,team_1,0.727890133857727,478,139,539,284,61,145
1385,47.758620689655174,player,unknown,0.5591721534729004,532,446,597,609,65,163
1386,47.793103448275865,player,team_2,0.7753491401672363,573,173,632,325,59,152
1386,47.793103448275865,player,team_3,0.7650253772735596,55,279,114,449,59,170
1386,47.793103448275865,player,team_3,0.7236114740371704,330,292,386,437,56,145
1386,47.793103448275865,player,team_1,0.6845147609710693,473,139,535,281,62,142
1386,47.793103448275865,player,unknown,0.5468026995658875,533,446,599,607,66,161
1387,47.827586206896555,player,unknown,0.7488332390785217,56,280,117,447,61,167
1387,47.827586206896555,player,team_3,0.696961522102356,570,174,635,325,65,151
1387,47.827586206896555,player,team_3,0.6618362665176392,330,292,388,437,58,145
1387,47.827586206896555,player,unknown,0.5970515608787537,535,447,601,609,66,162
1387,47.827586206896555,player,team_1,0.5718423128128052,466,138,532,280,66,142
1388,47.86206896551724,player,team_3,0.7607330083847046,56,279,119,446,63,167
1388,47.86206896551724,player,team_3,0.7075163722038269,331,292,388,435,57,143
1388,47.86206896551724,player,team_2,0.6777454614639282,563,176,634,326,71,150
1388,47.86206896551724,player,team_1,0.5764817595481873,457,142,534,278,77,136
1389,47.89655172413793,player,unknown,0.7614983320236206,55,279,120,446,65,167
1389,47.89655172413793,player,team_3,0.7485514879226685,329,292,389,435,60,143
1389,47.89655172413793,player,team_2,0.6841649413108826,562,175,637,325,75,150
1389,47.89655172413793,player,unknown,0.5266019105911255,973,197,1023,338,50,141
1390,47.93103448275862,player,team_3,0.7730187177658081,56,278,122,446,66,168
1390,47.93103448275862,player,team_3,0.7574059367179871,324,292,391,434,67,142
1390,47.93103448275862,player,team_3,0.7274705767631531,557,176,639,326,82,150
1390,47.93103448275862,player,unknown,0.5460593700408936,544,446,611,603,67,157
1390,47.93103448275862,player,team_2,0.5179294347763062,699,334,770,456,71,122
1391,47.96551724137931,player,team_3,0.7827873826026917,320,291,393,434,73,143
1391,47.96551724137931,player,unknown,0.7656562328338623,57,278,125,446,68,168
1391,47.96551724137931,player,team_3,0.7039058208465576,555,179,641,325,86,146
1391,47.96551724137931,player,team_2,0.5175235271453857,699,334,768,458,69,124
1391,47.96551724137931,player,team_1,0.5172297358512878,547,446,616,606,69,160
1392,48.0,player,team_3,0.8059192299842834,317,291,395,436,78,145
1392,48.0,player,team_3,0.7982169985771179,57,278,125,444,68,166
1392,48.0,player,team_3,0.7309985756874084,561,179,643,324,82,145
1392,48.0,player,team_1,0.6196200251579285,550,448,621,601,71,153
1392,48.0,player,team_2,0.5354853868484497,700,334,767,466,67,132
1393,48.03448275862069,player,team_3,0.823777973651886,319,292,396,436,77,144
1393,48.03448275862069,player,team_3,0.7832190990447998,56,277,125,443,69,166
1393,48.03448275862069,player,team_3,0.6877618432044983,563,182,647,324,84,142
1393,48.03448275862069,player,unknown,0.539627194404602,981,213,1033,345,52,132
1394,48.06896551724138,player,team_3,0.848192036151886,321,293,399,434,78,141
1394,48.06896551724138,player,team_3,0.790198028087616,58,276,123,442,65,166
1394,48.06896551724138,player,team_2,0.7030454874038696,448,136,538,273,90,137
1394,48.06896551724138,player,team_3,0.6725912094116211,564,182,650,323,86,141
1395,48.10344827586207,player,team_3,0.858209490776062,322,292,402,435,80,143
1395,48.10344827586207,player,team_3,0.8072772026062012,60,276,123,445,63,169
1395,48.10344827586207,player,team_3,0.6375076174736023,566,185,647,325,81,140
1395,48.10344827586207,player,team_2,0.6098388433456421,452,135,536,272,84,137
1395,48.10344827586207,player,unknown,0.5011970400810242,988,209,1040,352,52,143
1396,48.13793103448276,player,team_3,0.8516076803207397,325,293,403,436,78,143
1396,48.13793103448276,player,team_3,0.8008074164390564,62,275,123,444,61,169
1396,48.13793103448276,player,team_2,0.6817384362220764,453,138,532,271,79,133
1396,48.13793103448276,player,team_3,0.6657185554504395,567,184,641,325,74,141
1397,48.172413793103445,player,team_3,0.8068981766700745,327,293,406,436,79,143
1397,48.172413793103445,player,team_3,0.7826933264732361,64,274,125,445,61,171
1397,48.172413793103445,player,team_1,0.7019707560539246,454,137,522,272,68,135
1397,48.172413793103445,player,team_3,0.690840482711792,568,182,640,323,72,141
1397,48.172413793103445,player,unknown,0.537711501121521,996,221,1048,354,52,133
1398,48.206896551724135,player,team_3,0.8135377168655396,67,273,131,444,64,171
1398,48.206896551724135,player,team_2,0.7714449167251587,329,294,408,436,79,142
1398,48.206896551724135,player,team_1,0.6821771264076233,453,129,516,274,63,145
1398,48.206896551724135,player,team_3,0.6613137722015381,569,180,638,322,69,142
1398,48.206896551724135,player,team_2,0.6123703718185425,684,351,811,502,127,151
1398,48.206896551724135,player,team_1,0.5323979258537292,798,319,879,490,81,171
1398,48.206896551724135,player,unknown,0.512220561504364,1002,218,1053,356,51,138
1399,48.241379310344826,player,team_3,0.8075833320617676,70,273,133,442,63,169
1399,48.241379310344826,player,team_3,0.7606062293052673,334,294,411,435,77,141
1399,48.241379310344826,player,team_2,0.7080473303794861,685,353,822,517,137,164
1399,48.241379310344826,player,team_3,0.6187662482261658,572,178,629,320,57,142
1399,48.241379310344826,player,team_1,0.5982412099838257,450,126,508,277,58,151
1399,48.241379310344826,player,team_1,0.5123440027236938,753,313,881,479,128,166
1399,48.241379310344826,player,team_2,0.5114271640777588,593,365,694,491,101,126
1400,48.275862068965516,player,team_3,0.8061578869819641,72,273,132,442,60,169
1400,48.275862068965516,player,team_2,0.6799811720848083,686,353,831,518,145,165
1400,48.275862068965516,player,team_2,0.6740555763244629,336,293,408,429,72,136
1400,48.275862068965516,player,team_2,0.6485287547111511,576,176,622,320,46,144
1400,48.275862068965516,player,team_1,0.5345156788825989,451,128,502,272,51,144
1401,48.310344827586206,player,team_3,0.7836000919342041,76,274,132,441,56,167
1401,48.310344827586206,player,team_2,0.6903244853019714,577,174,623,321,46,147
1401,48.310344827586206,player,team_3,0.6700266003608704,342,294,409,427,67,133
1401,48.310344827586206,player,team_2,0.613675594329834,687,357,819,530,132,173
1401,48.310344827586206,player,team_1,0.5042786598205566,449,127,496,270,47,143
1402,48.3448275862069,player,team_3,0.8035877346992493,77,275,134,441,57,166
1402,48.3448275862069,player,team_3,0.7737067937850952,344,292,420,429,76,137
1402,48.3448275862069,player,team_2,0.7068759202957153,575,174,623,322,48,148
1402,48.3448275862069,player,team_2,0.6280977725982666,689,358,795,532,106,174
1403,48.37931034482759,player,team_3,0.7848925590515137,79,276,137,441,58,165
1403,48.37931034482759,player,team_2,0.7647818922996521,688,354,801,533,113,179
1403,48.37931034482759,player,team_2,0.7625756859779358,347,293,430,429,83,136
1403,48.37931034482759,player,team_2,0.7249645590782166,577,175,621,323,44,148
1403,48.37931034482759,player,team_2,0.6919617056846619,590,362,674,527,84,165
1403,48.37931034482759,player,team_1,0.5094110369682312,448,128,490,269,42,141
1404,48.41379310344828,player,team_3,0.7932146191596985,82,276,141,442,59,166
1404,48.41379310344828,player,team_2,0.7806615233421326,352,294,437,428,85,134
1404,48.41379310344828,player,team_2,0.6570536494255066,578,178,620,323,42,145
1404,48.41379310344828,player,team_2,0.6367137432098389,696,354,791,534,95,180
1404,48.41379310344828,player,team_1,0.6349144577980042,445,129,489,269,44,140
1404,48.41379310344828,player,team_2,0.5301724076271057,1035,228,1087,367,52,139
1405,48.44827586206897,player,team_3,0.7937730550765991,85,278,145,444,60,166
1405,48.44827586206897,player,team_4,0.6975240707397461,578,180,621,325,43,145
1405,48.44827586206897,player,team_2,0.6851781010627747,355,296,441,427,86,131
1405,48.44827586206897,player,team_1,0.6441598534584045,439,129,489,271,50,142
1405,48.44827586206897,player,team_2,0.5504298210144043,706,351,791,532,85,181
1405,48.44827586206897,player,team_2,0.5300814509391785,568,362,662,515,94,153
1405,48.44827586206897,player,team_1,0.508249819278717,564,563,622,637,58,74
1406,48.48275862068966,player,team_3,0.7858501672744751,88,280,150,444,62,164
1406,48.48275862068966,player,team_2,0.7487550377845764,570,358,658,512,88,154
1406,48.48275862068966,player,team_3,0.6138205528259277,357,293,441,428,84,135
1406,48.48275862068966,player,team_3,0.520283043384552,862,301,912,456,50,155
1406,48.48275862068966,player,team_4,0.5180849432945251,580,181,625,322,45,141
1407,48.51724137931034,player,unknown,0.8040748834609985,89,281,154,443,65,162
1407,48.51724137931034,player,team_2,0.7686225771903992,565,355,660,515,95,160
1407,48.51724137931034,player,team_2,0.5752692818641663,705,370,766,534,61,164
1407,48.51724137931034,player,team_4,0.5300202965736389,580,177,627,323,47,146
1408,48.55172413793103,player,team_3,0.8264512419700623,93,282,157,443,64,161
1408,48.55172413793103,player,team_2,0.7842137217521667,565,354,659,517,94,163
1408,48.55172413793103,player,team_2,0.6180984377861023,368,296,469,427,101,131
1408,48.55172413793103,player,team_4,0.5720534324645996,582,180,629,323,47,143
1408,48.55172413793103,player,team_2,0.5218977928161621,738,339,802,475,64,136
1409,48.58620689655172,player,unknown,0.8331126570701599,96,282,161,444,65,162
1409,48.58620689655172,player,team_3,0.7562786340713501,373,301,476,429,103,128
1409,48.58620689655172,player,team_2,0.7180321216583252,568,354,659,520,91,166
1409,48.58620689655172,player,team_2,0.6743034720420837,582,178,632,323,50,145
1409,48.58620689655172,player,unknown,0.5901702642440796,876,300,921,435,45,135
1410,48.62068965517241,player,unknown,0.8164284229278564,98,284,162,445,64,161
1410,48.62068965517241,player,team_2,0.7010125517845154,583,177,634,326,51,149
1410,48.62068965517241,player,team_2,0.6667852997779846,571,354,659,522,88,168
1410,48.62068965517241,player,team_3,0.6002204418182373,376,301,456,431,80,130
1411,48.6551724137931,player,unknown,0.8012049198150635,100,285,164,444,64,159
1411,48.6551724137931,player,team_3,0.7407185435295105,379,301,493,431,114,130
1411,48.6551724137931,player,team_2,0.6699045300483704,583,178,634,321,51,143
1411,48.6551724137931,player,team_2,0.6545204520225525,574,352,660,522,86,170
1411,48.6551724137931,player,team_2,0.5904340147972107,741,336,828,477,87,141
1411,48.6551724137931,player,unknown,0.5581043362617493,672,438,749,619,77,181
1411,48.6551724137931,player,unknown,0.507339596748352,887,297,935,434,48,137
1412,48.689655172413794,player,unknown,0.8078668117523193,102,284,168,445,66,161
1412,48.689655172413794,player,team_3,0.8015989661216736,381,303,502,432,121,129
1412,48.689655172413794,player,team_2,0.6831327676773071,577,348,665,522,88,174
1412,48.689655172413794,player,team_3,0.6539660692214966,891,295,950,464,59,169
1412,48.689655172413794,player,team_2,0.6140733957290649,751,333,824,477,73,144
1412,48.689655172413794,player,unknown,0.5936852693557739,670,439,749,620,79,181
1412,48.689655172413794,player,team_2,0.5708633661270142,583,178,632,316,49,138
1413,48.724137931034484,player,team_3,0.8162384033203125,385,306,507,432,122,126
1413,48.724137931034484,player,unknown,0.7916730642318726,103,286,169,445,66,159
1413,48.724137931034484,player,team_2,0.6179230809211731,755,331,824,476,69,145
1413,48.724137931034484,player,team_2,0.5851995944976807,582,178,626,319,44,141
1413,48.724137931034484,player,team_2,0.5383670926094055,668,348,748,503,80,155
1414,48.758620689655174,player,unknown,0.7720159292221069,106,287,170,445,64,158
1414,48.758620689655174,player,team_3,0.7662791609764099,386,309,515,434,129,125
1414,48.758620689655174,player,team_2,0.6467463374137878,759,328,825,479,66,151
1414,48.758620689655174,player,team_2,0.6019859313964844,669,348,747,506,78,158
1414,48.758620689655174,player,team_2,0.5878893136978149,581,175,631,323,50,148
1414,48.758620689655174,player,team_3,0.569181501865387,585,339,671,518,86,179
1414,48.758620689655174,player,unknown,0.5031092762947083,691,454,752,623,61,169
1415,48.793103448275865,player,unknown,0.7584468722343445,109,287,171,447,62,160
1415,48.793103448275865,player,team_3,0.6677094101905823,389,311,521,438,132,127
1415,48.793103448275865,player,team_2,0.6305771470069885,578,174,634,324,56,150
1415,48.793103448275865,player,unknown,0.619682252407074,694,451,758,622,64,171
1415,48.793103448275865,player,team_1,0.6152982115745544,596,336,676,507,80,171
1415,48.793103448275865,player,team_2,0.5590859651565552,763,325,827,480,64,155
1415,48.793103448275865,player,team_1,0.5382354855537415,417,145,495,278,78,133
1416,48.827586206896555,player,team_3,0.7421920895576477,111,288,172,450,61,162
1416,48.827586206896555,player,team_3,0.7274057865142822,394,314,522,438,128,124
1416,48.827586206896555,player,team_2,0.6381203532218933,766,325,828,481,62,156
1416,48.827586206896555,player,team_4,0.6091164350509644,602,335,677,495,75,160
1416,48.827586206896555,player,team_2,0.6044312119483948,571,176,636,326,65,150
1416,48.827586206896555,player,team_1,0.5708073973655701,420,143,492,281,72,138
1416,48.827586206896555,player,team_1,0.5594697594642639,696,450,761,614,65,164
1416,48.827586206896555,player,team_1,0.5134685039520264,593,572,652,640,59,68
1417,48.86206896551724,player,team_3,0.7981719374656677,395,318,525,441,130,123
1417,48.86206896551724,player,unknown,0.7473372220993042,113,290,176,451,63,161
1417,48.86206896551724,player,team_2,0.6945315599441528,569,182,636,328,67,146
1417,48.86206896551724,player,team_2,0.6332854628562927,672,342,746,507,74,165
1417,48.86206896551724,player,team_2,0.6119318008422852,768,324,831,484,63,160
1417,48.86206896551724,player,team_1,0.596550703048706,604,331,683,476,79,145
1417,48.86206896551724,player,team_2,0.5451239943504333,595,573,652,639,57,66
1417,48.86206896551724,player,team_1,0.5288810729980469,706,451,765,612,59,161
1418,48.89655172413793,player,team_3,0.7850451469421387,400,319,526,444,126,125
1418,48.89655172413793,player,unknown,0.720223069190979,114,291,179,453,65,162
1418,48.89655172413793,player,team_2,0.6629469990730286,671,339,745,508,74,169
1418,48.89655172413793,player,team_2,0.6495082378387451,562,187,636,328,74,141
1418,48.89655172413793,player,team_2,0.6343283653259277,770,323,831,483,61,160
1418,48.89655172413793,player,team_4,0.5976712107658386,603,332,681,470,78,138
1418,48.89655172413793,player,team_2,0.5339514017105103,598,576,654,637,56,61
1419,48.93103448275862,player,team_3,0.7775040864944458,399,318,527,447,128,129
1419,48.93103448275862,player,unknown,0.7485065460205078,116,292,182,455,66,163
1419,48.93103448275862,player,team_2,0.6742148399353027,599,331,684,472,85,141
1419,48.93103448275862,player,team_1,0.6341630816459656,712,456,778,605,66,149
1419,48.93103448275862,player,team_2,0.6250523924827576,564,187,636,330,72,143
1419,48.93103448275862,player,team_2,0.5854774713516235,671,338,745,507,74,169
1419,48.93103448275862,player,team_2,0.522321343421936,598,578,655,636,57,58
1419,48.93103448275862,player,team_2,0.5114165544509888,772,324,831,481,59,157
1420,48.96551724137931,player,team_3,0.7860880494117737,404,318,528,448,124,130
1420,48.96551724137931,player,team_3,0.7510322332382202,116,295,184,458,68,163
1420,48.96551724137931,player,team_1,0.6822584867477417,601,330,689,476,88,146
1420,48.96551724137931,player,team_1,0.6751322150230408,715,456,780,607,65,151
1420,48.96551724137931,player,team_2,0.6239281296730042,773,322,835,481,62,159
1420,48.96551724137931,player,team_2,0.5644197463989258,671,336,743,501,72,165
1420,48.96551724137931,player,team_2,0.5249531865119934,599,581,654,637,55,56
1421,49.0,player,team_3,0.8106406331062317,407,319,528,448,121,129
1421,49.0,player,unknown,0.7690680027008057,116,297,185,462,69,165
1421,49.0,player,team_1,0.7525092363357544,601,328,690,478,89,150
1421,49.0,player,team_2,0.6918559670448303,774,318,835,480,61,162
1421,49.0,player,team_1,0.6688244938850403,718,459,783,615,65,156
1421,49.0,player,team_2,0.6547680497169495,668,334,742,498,74,164
1421,49.0,player,team_3,0.613055944442749,564,191,628,334,64,143
1421,49.0,player,team_2,0.5406092405319214,600,583,653,638,53,55
1422,49.03448275862069,player,team_3,0.8485567569732666,408,319,528,450,120,131
1422,49.03448275862069,player,unknown,0.7807453274726868,117,299,185,463,68,164
1422,49.03448275862069,player,team_4,0.7453104257583618,601,327,696,482,95,155
1422,49.03448275862069,player,team_2,0.7167880535125732,775,315,837,478,62,163
1422,49.03448275862069,player,team_1,0.7164576053619385,721,461,787,616,66,155
1422,49.03448275862069,player,team_4,0.6295062899589539,668,333,741,490,73,157
1422,49.03448275862069,player,team_1,0.5306969285011292,411,160,455,301,44,141
1422,49.03448275862069,player,team_3,0.5191309452056885,562,187,622,341,60,154
1423,49.06896551724138,player,team_3,0.7660608291625977,413,320,527,452,114,132
1423,49.06896551724138,player,unknown,0.7660537958145142,117,301,185,465,68,164
1423,49.06896551724138,player,team_3,0.718411386013031,777,312,839,470,62,158
1423,49.06896551724138,player,team_1,0.6718313694000244,723,462,790,622,67,160
1423,49.06896551724138,player,team_1,0.5532593727111816,605,322,709,485,104,163
1423,49.06896551724138,player,team_2,0.537778913974762,562,194,616,342,54,148
1424,49.10344827586207,player,team_3,0.799429714679718,415,321,527,453,112,132
1424,49.10344827586207,player,unknown,0.7325654029846191,118,304,184,468,66,164
1424,49.10344827586207,player,team_2,0.7091084122657776,780,311,841,471,61,160
1424,49.10344827586207,player,team_1,0.6912021636962891,726,465,794,617,68,152
1424,49.10344827586207,player,team_1,0.6863270998001099,604,322,710,486,106,164
1424,49.10344827586207,player,team_4,0.6339514851570129,558,196,606,345,48,149
1424,49.10344827586207,player,team_2,0.5143518447875977,597,591,652,637,55,46
1424,49.10344827586207,player,team_1,0.5015959739685059,403,168,449,307,46,139
1425,49.13793103448276,player,team_3,0.7997108101844788,415,324,528,454,113,130
1425,49.13793103448276,player,unknown,0.7455110549926758,118,307,184,469,66,162
1425,49.13793103448276,player,team_2,0.6904944181442261,783,309,843,471,60,162
1425,49.13793103448276,player,unknown,0.6488221287727356,728,469,803,631,75,162
1425,49.13793103448276,player,team_4,0.5796825885772705,553,204,601,347,48,143
1425,49.13793103448276,player,team_3,0.5512623190879822,869,303,967,443,98,140
1425,49.13793103448276,player,team_4,0.5465826392173767,625,319,715,488,90,169
1425,49.13793103448276,player,team_2,0.5385990738868713,598,594,652,636,54,42
1426,49.172413793103445,player,team_3,0.7963743209838867,414,327,528,456,114,129
1426,49.172413793103445,player,team_1,0.7341537475585938,730,471,804,633,74,162
1426,49.172413793103445,player,unknown,0.7218396067619324,119,308,184,472,65,164
1426,49.172413793103445,player,team_2,0.6686932444572449,635,316,721,488,86,172
1426,49.172413793103445,player,team_2,0.6657388806343079,785,311,845,470,60,159
1426,49.172413793103445,player,team_4,0.5055707693099976,549,198,600,345,51,147
1427,49.206896551724135,player,unknown,0.7297334671020508,734,477,806,634,72,157
1427,49.206896551724135,player,team_3,0.7254254221916199,413,329,527,460,114,131
1427,49.206896551724135,player,unknown,0.681581974029541,119,312,184,475,65,163
1427,49.206896551724135,player,team_1,0.5670570135116577,393,177,443,321,50,144
1427,49.206896551724135,player,team_4,0.5541068911552429,548,208,592,354,44,146
1427,49.206896551724135,player,team_2,0.5507182478904724,637,318,721,492,84,174
1428,49.241379310344826,player,unknown,0.7946740388870239,737,480,808,637,71,157
1428,49.241379310344826,player,team_3,0.7664409875869751,412,333,524,463,112,130
1428,49.241379310344826,player,unknown,0.7109385132789612,120,314,184,479,64,165
1428,49.241379310344826,player,team_4,0.5858100056648254,544,210,592,356,48,146
1429,49.275862068965516,player,unknown,0.8076663613319397,741,482,809,639,68,157
1429,49.275862068965516,player,team_3,0.7786024212837219,412,337,519,466,107,129
1429,49.275862068965516,player,unknown,0.7227272987365723,120,316,183,483,63,167
1429,49.275862068965516,player,team_4,0.6351146101951599,541,213,591,358,50,145
1429,49.275862068965516,player,unknown,0.5783722400665283,795,319,855,480,60,161
1429,49.275862068965516,player,team_1,0.5628510117530823,855,311,949,451,94,140
1429,49.275862068965516,player,team_4,0.5260902047157288,671,326,778,493,107,167
1429,49.275862068965516,player,team_1,0.5186699032783508,381,181,439,328,58,147
1430,49.310344827586206,player,unknown,0.7850893139839172,743,484,809,639,66,155
1430,49.310344827586206,player,team_3,0.7850444316864014,412,340,515,468,103,128
1430,49.310344827586206,player,unknown,0.7574373483657837,120,319,183,485,63,166
1430,49.310344827586206,player,team_4,0.679563045501709,537,213,590,362,53,149
1430,49.310344827586206,player,team_1,0.664069652557373,854,309,939,455,85,146
1430,49.310344827586206,player,team_2,0.616485059261322,795,322,858,484,63,162
1430,49.310344827586206,player,team_1,0.5618851184844971,380,184,440,330,60,146
1431,49.3448275862069,player,unknown,0.7971993088722229,120,321,183,488,63,167
1431,49.3448275862069,player,unknown,0.7890085577964783,744,487,810,638,66,151
1431,49.3448275862069,player,team_3,0.7773122787475586,411,344,512,472,101,128
1431,49.3448275862069,player,team_1,0.7013227343559265,856,310,931,458,75,148
1431,49.3448275862069,player,team_4,0.6889200210571289,530,217,590,365,60,148
1431,49.3448275862069,player,team_2,0.6264885663986206,794,324,865,487,71,163
1431,49.3448275862069,player,team_3,0.5301720499992371,668,326,783,468,115,142
1432,49.37931034482759,player,team_3,0.8295288681983948,411,346,509,475,98,129
1432,49.37931034482759,player,unknown,0.7863222360610962,119,324,182,493,63,169
1432,49.37931034482759,player,unknown,0.7825110554695129,745,487,811,639,66,152
1432,49.37931034482759,player,team_4,0.7763566970825195,525,220,589,367,64,147
1432,49.37931034482759,player,unknown,0.7001320123672485,693,320,778,485,85,165
1432,49.37931034482759,player,team_1,0.6780768632888794,862,314,923,457,61,143
1432,49.37931034482759,player,team_2,0.6110609173774719,793,338,873,488,80,150
1432,49.37931034482759,player,team_2,0.5260613560676575,379,187,437,339,58,152
1433,49.41379310344828,player,team_3,0.848539412021637,411,348,509,477,98,129
1433,49.41379310344828,player,unknown,0.779748260974884,119,327,180,497,61,170
1433,49.41379310344828,player,team_4,0.7782823443412781,524,225,588,371,64,146
1433,49.41379310344828,player,unknown,0.7653241157531738,747,491,812,639,65,148
1433,49.41379310344828,player,team_1,0.6155072450637817,856,318,918,461,62,143
1433,49.41379310344828,player,team_2,0.5388635993003845,796,339,872,480,76,141
1433,49.41379310344828,player,team_1,0.5321406126022339,370,185,432,340,62,155
1433,49.41379310344828,player,team_2,0.5075613260269165,696,317,789,476,93,159
1434,49.44827586206897,player,team_3,0.825763463973999,410,351,509,478,99,127
1434,49.44827586206897,player,unknown,0.7753501534461975,119,328,176,500,57,172
1434,49.44827586206897,player,team_4,0.7685462236404419,523,228,586,371,63,143
1434,49.44827586206897,player,unknown,0.7459795475006104,748,494,812,640,64,146
1435,49.48275862068966,player,team_3,0.8501700758934021,410,352,509,479,99,127
1435,49.48275862068966,player,team_4,0.7834603786468506,522,230,584,373,62,143
1435,49.48275862068966,player,unknown,0.7703221440315247,749,495,813,642,64,147
1435,49.48275862068966,player,team_3,0.7669191956520081,119,330,173,501,54,171
1435,49.48275862068966,player,team_1,0.5196512341499329,365,199,417,346,52,147
1436,49.51724137931034,player,team_3,0.8113491535186768,410,352,508,482,98,130
1436,49.51724137931034,player,team_4,0.7842863202095032,521,229,583,373,62,144
1436,49.51724137931034,player,unknown,0.7742069959640503,119,332,174,505,55,173
1436,49.51724137931034,player,unknown,0.7667851448059082,750,499,814,662,64,163
1436,49.51724137931034,player,team_4,0.6724700331687927,734,328,781,479,47,151
1436,49.51724137931034,player,team_1,0.5231342911720276,359,206,414,349,55,143
1436,49.51724137931034,player,team_1,0.5058225393295288,44,209,90,304,46,95
1437,49.55172413793103,player,team_3,0.7816295623779297,409,353,507,487,98,134
1437,49.55172413793103,player,team_4,0.7790297269821167,520,229,583,374,63,145
1437,49.55172413793103,player,team_3,0.7751730680465698,117,334,169,507,52,173
1437,49.55172413793103,player,unknown,0.7448804974555969,751,502,815,658,64,156
1437,49.55172413793103,player,team_4,0.6557911038398743,739,326,783,480,44,154
1437,49.55172413793103,player,team_1,0.5606896877288818,357,208,409,352,52,144
1438,49.58620689655172,player,team_3,0.7775441408157349,408,353,506,489,98,136
1438,49.58620689655172,player,team_4,0.7771490812301636,520,229,584,374,64,145
1438,49.58620689655172,player,team_1,0.7496457695960999,117,336,168,508,51,172
1438,49.58620689655172,player,unknown,0.7420658469200134,751,503,814,649,63,146
1438,49.58620689655172,player,team_4,0.6310185194015503,744,324,787,477,43,153
1438,49.58620689655172,player,team_1,0.6250246167182922,351,207,408,357,57,150
1439,49.62068965517241,player,team_4,0.7642197608947754,520,228,584,374,64,146
1439,49.62068965517241,player,team_1,0.7621371150016785,115,337,166,510,51,173
1439,49.62068965517241,player,unknown,0.7264520525932312,751,506,815,649,64,143
1439,49.62068965517241,player,team_1,0.6531493067741394,344,210,404,358,60,148
1439,49.62068965517241,player,team_4,0.613059937953949,748,321,791,481,43,160
1440,49.6551724137931,player,team_4,0.7645634412765503,520,225,582,375,62,150
1440,49.6551724137931,player,team_1,0.7614021301269531,114,339,166,513,52,174
1440,49.6551724137931,player,unknown,0.7482593655586243,752,509,816,639,64,130
1440,49.6551724137931,player,team_2,0.7086914777755737,335,212,403,361,68,149
1440,49.6551724137931,player,team_4,0.6340221762657166,750,320,797,476,47,156
1440,49.6551724137931,player,team_3,0.536622941493988,446,355,506,492,60,137
1441,49.689655172413794,player,unknown,0.7816882729530334,113,340,166,516,53,176
1441,49.689655172413794,player,team_2,0.7673043608665466,329,217,398,366,69,149
1441,49.689655172413794,player,team_4,0.7480157613754272,520,225,581,374,61,149
1441,49.689655172413794,player,unknown,0.7067688703536987,751,512,816,638,65,126
1441,49.689655172413794,player,team_4,0.6981019377708435,753,322,803,484,50,162
1441,49.689655172413794,player,team_3,0.6835631132125854,449,355,507,492,58,137
1442,49.724137931034484,player,team_2,0.8043262362480164,322,220,397,368,75,148
1442,49.724137931034484,player,unknown,0.802179753780365,111,342,167,519,56,177
1442,49.724137931034484,player,team_4,0.743768572807312,517,226,579,374,62,148
1442,49.724137931034484,player,team_3,0.67621248960495,452,355,510,495,58,140
1442,49.724137931034484,player,unknown,0.6714752912521362,750,513,816,638,66,125
1442,49.724137931034484,player,team_2,0.5955749750137329,757,322,809,481,52,159
1443,49.758620689655174,player,team_2,0.8227322101593018,320,219,396,374,76,155
1443,49.758620689655174,player,unknown,0.8055908679962158,110,344,165,521,55,177
1443,49.758620689655174,player,team_4,0.7041668891906738,517,227,579,373,62,146
1443,49.758620689655174,player,team_3,0.6802071928977966,452,356,516,497,64,141
1443,49.758620689655174,player,team_1,0.6458298563957214,750,516,817,637,67,121
1443,49.758620689655174,player,team_2,0.641327440738678,758,323,817,482,59,159
1444,49.793103448275865,player,team_2,0.8260794281959534,320,224,395,378,75,154
1444,49.793103448275865,player,unknown,0.7866335511207581,109,345,162,524,53,179
1444,49.793103448275865,player,team_3,0.7015726566314697,455,355,516,501,61,146
1444,49.793103448275865,player,team_4,0.6732139587402344,516,230,578,373,62,143
1444,49.793103448275865,player,team_1,0.6612100601196289,749,518,816,637,67,119
1444,49.793103448275865,player,team_2,0.6126682162284851,761,326,813,484,52,158
1444,49.793103448275865,player,unknown,0.5045812129974365,27,220,74,322,47,102
1445,49.827586206896555,player,team_2,0.8213079571723938,318,227,393,383,75,156
1445,49.827586206896555,player,unknown,0.7644063830375671,107,346,159,527,52,181
1445,49.827586206896555,player,team_4,0.7379085421562195,514,234,576,373,62,139
1445,49.827586206896555,player,team_3,0.7262678146362305,458,357,521,502,63,145
1445,49.827586206896555,player,team_1,0.6400051712989807,748,521,814,635,66,114
1445,49.827586206896555,player,team_4,0.6347638964653015,765,328,814,475,49,147
1445,49.827586206896555,player,team_1,0.5380340814590454,26,227,73,324,47,97
1446,49.86206896551724,player,team_1,0.816077470779419,314,233,388,387,74,154
1446,49.86206896551724,player,unknown,0.7949643135070801,104,350,157,531,53,181
1446,49.86206896551724,player,team_3,0.7662084102630615,456,358,521,505,65,147
1446,49.86206896551724,player,team_4,0.7568693161010742,514,240,576,376,62,136
1446,49.86206896551724,player,team_2,0.6728359460830688,768,330,812,481,44,151
1446,49.86206896551724,player,team_1,0.524111270904541,747,525,813,634,66,109
1447,49.89655172413793,player,unknown,0.7856459617614746,102,353,152,535,50,182
1447,49.89655172413793,player,team_3,0.7765173316001892,450,361,520,508,70,147
1447,49.89655172413793,player,team_1,0.763640820980072,311,238,383,389,72,151
1447,49.89655172413793,player,team_4,0.7159311771392822,515,244,576,379,61,135
1447,49.89655172413793,player,team_2,0.6952465176582336,769,332,815,489,46,157
1447,49.89655172413793,player,team_1,0.6350002884864807,746,528,813,634,67,106
1448,49.93103448275862,player,unknown,0.8085585832595825,98,355,150,536,52,181
1448,49.93103448275862,player,team_3,0.7683660984039307,453,362,518,515,65,153
1448,49.93103448275862,player,team_1,0.7267315983772278,308,244,380,391,72,147
1448,49.93103448275862,player,team_2,0.7057015299797058,771,331,815,488,44,157
1448,49.93103448275862,player,team_4,0.7027373313903809,516,246,575,381,59,135
1448,49.93103448275862,player,team_2,0.5643511414527893,808,351,888,516,80,165
1448,49.93103448275862,player,team_1,0.5196444392204285,745,531,811,637,66,106
1449,49.96551724137931,player,unknown,0.8005573153495789,95,359,147,540,52,181
1449,49.96551724137931,player,team_3,0.7646356821060181,461,365,517,520,56,155
1449,49.96551724137931,player,team_2,0.7454324960708618,771,330,820,490,49,160
1449,49.96551724137931,player,team_1,0.7158455848693848,743,535,810,636,67,101
1449,49.96551724137931,player,team_1,0.7102493047714233,303,242,373,392,70,150
1449,49.96551724137931,player,team_3,0.6600116491317749,514,246,573,384,59,138
1450,50.0,player,team_3,0.7951998114585876,463,370,516,529,53,159
1450,50.0,player,team_1,0.770858108997345,92,361,142,544,50,183
1450,50.0,player,team_4,0.6811841726303101,510,246,572,388,62,142
1450,50.0,player,team_1,0.6700962781906128,299,245,364,397,65,152
1450,50.0,player,team_2,0.6522026062011719,770,330,816,489,46,159
1450,50.0,player,team_1,0.6465665698051453,742,540,808,636,66,96
1450,50.0,player,team_4,0.6405494213104248,807,358,890,522,83,164
1450,50.0,player,team_4,0.5738558173179626,1095,375,1177,522,82,147
1451,50.03448275862069,player,team_3,0.8188919425010681,462,372,515,536,53,164
1451,50.03448275862069,player,team_1,0.7619274854660034,87,364,137,550,50,186
1451,50.03448275862069,player,team_4,0.7163279056549072,510,247,570,391,60,144
1451,50.03448275862069,player,team_1,0.6708362698554993,295,246,355,402,60,156
1451,50.03448275862069,player,team_2,0.6463936567306519,803,367,887,525,84,158
1451,50.03448275862069,player,team_2,0.5756130814552307,771,329,817,490,46,161
1451,50.03448275862069,player,team_1,0.5060563683509827,738,544,805,636,67,92
1452,50.06896551724138,player,unknown,0.7765106558799744,82,369,136,553,54,184
1452,50.06896551724138,player,team_3,0.7739405035972595,458,376,516,541,58,165
1452,50.06896551724138,player,team_1,0.7543008327484131,288,255,346,407,58,152
1452,50.06896551724138,player,team_4,0.6773200631141663,511,248,571,395,60,147
1452,50.06896551724138,player,team_2,0.5273016095161438,771,331,830,495,59,164
1453,50.10344827586207,player,unknown,0.8014928102493286,77,371,132,557,55,186
1453,50.10344827586207,player,team_1,0.7825074195861816,275,247,335,409,60,162
1453,50.10344827586207,player,team_3,0.7137224674224854,456,380,524,546,68,166
1453,50.10344827586207,player,team_3,0.6896461248397827,801,374,890,534,89,160
1453,50.10344827586207,player,team_4,0.6739389300346375,511,251,571,397,60,146
1453,50.10344827586207,player,team_2,0.5449090600013733,771,333,826,493,55,160
1454,50.13793103448276,player,unknown,0.7829753160476685,72,375,124,565,52,190
1454,50.13793103448276,player,team_1,0.7209724187850952,274,253,326,415,52,162
1454,50.13793103448276,player,team_4,0.7179140448570251,512,253,571,400,59,147
1454,50.13793103448276,player,team_3,0.715986967086792,798,397,892,539,94,142
1454,50.13793103448276,player,team_3,0.6750861406326294,454,373,521,543,67,170
1454,50.13793103448276,player,team_4,0.5918287038803101,1102,390,1167,540,65,150
1454,50.13793103448276,player,team_2,0.5499162673950195,770,336,824,498,54,162
1455,50.172413793103445,player,team_1,0.7783809304237366,66,378,118,568,52,190
1455,50.172413793103445,player,team_4,0.7529876232147217,509,256,572,405,63,149
1455,50.172413793103445,player,team_3,0.7300348877906799,452,382,532,552,80,170
1455,50.172413793103445,player,team_1,0.687589704990387,268,256,323,422,55,166
1455,50.172413793103445,player,team_2,0.6511194109916687,769,339,822,504,53,165
1455,50.172413793103445,player,team_3,0.558215856552124,1061,651,1124,720,63,69
1455,50.172413793103445,player,team_3,0.5114502906799316,799,401,895,542,96,141
1456,50.206896551724135,player,unknown,0.7678191661834717,61,382,117,571,56,189
1456,50.206896551724135,player,team_4,0.6985577344894409,509,259,573,407,64,148
1456,50.206896551724135,player,team_2,0.6515335440635681,771,342,823,510,52,168
1456,50.206896551724135,player,team_3,0.6402273178100586,450,389,529,555,79,166
1456,50.206896551724135,player,team_1,0.6249280571937561,263,254,321,427,58,173
1456,50.206896551724135,player,team_2,0.5693877339363098,794,396,874,544,80,148
1457,50.241379310344826,player,unknown,0.7460424304008484,56,386,111,576,55,190
1457,50.241379310344826,player,team_1,0.7167564630508423,254,263,315,434,61,171
1457,50.241379310344826,player,team_2,0.7102943658828735,796,388,877,552,81,164
1457,50.241379310344826,player,team_4,0.7069002985954285,510,266,574,411,64,145
1457,50.241379310344826,player,team_3,0.6903283596038818,448,393,525,559,77,166
1457,50.241379310344826,player,team_3,0.6384400129318237,762,345,812,509,50,164
1458,50.275862068965516,player,team_1,0.7419138550758362,51,387,104,581,53,194
1458,50.275862068965516,player,team_3,0.7047401666641235,795,373,875,554,80,181
1458,50.275862068965516,player,team_4,0.6938104629516602,513,268,576,415,63,147
1458,50.275862068965516,player,team_1,0.6316430568695068,252,270,303,437,51,167
1458,50.275862068965516,player,team_3,0.6131447553634644,449,390,521,563,72,173
1458,50.275862068965516,player,team_3,0.6021503210067749,756,348,808,513,52,165
1459,50.310344827586206,player,unknown,0.8047170042991638,45,389,105,584,60,195
1459,50.310344827586206,player,team_4,0.7334096431732178,514,268,576,418,62,150
1459,50.310344827586206,player,team_2,0.7130147218704224,795,379,871,556,76,177
1459,50.310344827586206,player,team_3,0.628646194934845,754,353,809,514,55,161
1459,50.310344827586206,player,team_3,0.5810668468475342,451,389,520,566,69,177
1459,50.310344827586206,player,team_1,0.5647785067558289,240,272,298,442,58,170
1460,50.3448275862069,player,unknown,0.8279507160186768,38,392,99,589,61,197
1460,50.3448275862069,player,team_4,0.7096230983734131,796,384,869,558,73,174
1460,50.3448275862069,player,team_4,0.7070769667625427,512,269,574,420,62,151
1460,50.3448275862069,player,team_3,0.6307799816131592,752,355,815,520,63,165
1460,50.3448275862069,player,team_1,0.6014495491981506,238,276,290,447,52,171
1460,50.3448275862069,player,team_3,0.5881252288818359,458,391,520,576,62,185
1461,50.37931034482759,player,unknown,0.8334594964981079,34,394,93,590,59,196
1461,50.37931034482759,player,team_4,0.6986017823219299,513,271,572,422,59,151
1461,50.37931034482759,player,team_3,0.6536496877670288,459,391,523,579,64,188
1461,50.37931034482759,player,team_4,0.62458735704422,795,385,869,558,74,173
1461,50.37931034482759,player,team_3,0.6137391924858093,750,356,822,523,72,167
1462,50.41379310344828,player,unknown,0.82900470495224,28,395,89,595,61,200
1462,50.41379310344828,player,team_4,0.6858469843864441,514,271,573,423,59,152
1462,50.41379310344828,player,team_3,0.6819289922714233,466,390,522,583,56,193
1462,50.41379310344828,player,team_3,0.6197147965431213,750,355,824,526,74,171
1462,50.41379310344828,player,team_1,0.5492545962333679,229,274,280,454,51,180
1462,50.41379310344828,player,team_4,0.5401347875595093,803,388,869,556,66,168
1463,50.44827586206897,player,unknown,0.8088935613632202,21,397,86,598,65,201
1463,50.44827586206897,player,team_2,0.6804025173187256,469,395,525,584,56,189
1463,50.44827586206897,player,team_4,0.6682878136634827,513,271,572,426,59,155
1463,50.44827586206897,player,team_3,0.6399781107902527,751,356,824,528,73,172
1463,50.44827586206897,player,team_1,0.6036589741706848,209,275,272,457,63,182
1464,50.48275862068966,player,unknown,0.8046692609786987,15,400,79,600,64,200
1464,50.48275862068966,player,team_4,0.6708929538726807,515,272,570,428,55,156
1464,50.48275862068966,player,team_1,0.6635000109672546,208,282,263,458,55,176
1464,50.48275862068966,player,team_2,0.6407499313354492,472,407,525,587,53,180
1464,50.48275862068966,player,team_3,0.5328349471092224,756,357,825,539,69,182
1465,50.51724137931034,player,unknown,0.7528815865516663,8,404,75,603,67,199
1465,50.51724137931034,player,team_2,0.6599106788635254,473,411,527,589,54,178
1465,50.51724137931034,player,team_4,0.6531882286071777,514,273,570,433,56,160
1465,50.51724137931034,player,team_1,0.6367529630661011,201,285,263,460,62,175
1465,50.51724137931034,player,team_4,0.5431036353111267,794,397,867,572,73,175
1466,50.55172413793103,player,unknown,0.8135857582092285,0,405,68,607,68,202
1466,50.55172413793103,player,team_3,0.7203068733215332,472,411,524,591,52,180
1466,50.55172413793103,player,team_4,0.6932483315467834,793,398,868,575,75,177
1466,50.55172413793103,player,team_1,0.6790553331375122,195,287,253,461,58,174
1466,50.55172413793103,player,team_4,0.6297228336334229,513,273,569,439,56,166
1467,50.58620689655172,player,unknown,0.7869067192077637,0,407,60,608,60,201
1467,50.58620689655172,player,team_1,0.7522791028022766,185,289,242,465,57,176
1467,50.58620689655172,player,team_2,0.7173184752464294,471,416,526,594,55,178
1467,50.58620689655172,player,team_4,0.6877985000610352,511,274,567,441,56,167
1467,50.58620689655172,player,team_4,0.6329348087310791,794,403,868,575,74,172
1468,50.62068965517241,player,unknown,0.7724589109420776,0,409,56,612,56,203
1468,50.62068965517241,player,team_4,0.6776196956634521,511,276,566,445,55,169
1468,50.62068965517241,player,team_1,0.6728277206420898,176,292,252,467,76,175
1468,50.62068965517241,player,team_3,0.6359114646911621,470,418,540,596,70,178
1468,50.62068965517241,player,team_2,0.5033260583877563,794,342,866,581,72,239
1469,50.6551724137931,player,unknown,0.7145398855209351,0,408,53,611,53,203
1469,50.6551724137931,player,team_3,0.6982645392417908,468,421,547,598,79,177
1469,50.6551724137931,player,team_1,0.6899523735046387,169,294,225,469,56,175
1469,50.6551724137931,player,team_2,0.6478275656700134,510,277,565,450,55,173
1470,50.689655172413794,player,team_1,0.7473146915435791,159,293,221,471,62,178
1470,50.689655172413794,player,team_3,0.6976582407951355,467,421,535,601,68,180
1470,50.689655172413794,player,unknown,0.665871798992157,0,419,48,608,48,189
1470,50.689655172413794,player,team_4,0.6580817103385925,509,278,563,452,54,174
1470,50.689655172413794,player,team_2,0.5487125515937805,795,371,866,583,71,212
1470,50.689655172413794,player,team_1,0.537929892539978,769,371,816,542,47,171
1471,50.724137931034484,player,team_1,0.8304324150085449,147,297,217,475,70,178
1471,50.724137931034484,player,team_2,0.7181774973869324,464,424,532,603,68,179
1471,50.724137931034484,player,unknown,0.656980574131012,0,436,42,612,42,176
1471,50.724137931034484,player,team_4,0.6013430953025818,508,278,561,453,53,175
1471,50.724137931034484,player,team_2,0.594779372215271,793,379,864,586,71,207
1471,50.724137931034484,player,team_1,0.5172640085220337,768,372,815,538,47,166
1472,50.758620689655174,player,team_1,0.7915618419647217,136,301,213,478,77,177
1472,50.758620689655174,player,team_3,0.7170870900154114,460,424,527,607,67,183
1472,50.758620689655174,player,team_4,0.6579562425613403,508,279,559,455,51,176
1472,50.758620689655174,player,team_2,0.6497418880462646,794,379,866,587,72,208
1472,50.758620689655174,player,team_3,0.6332730054855347,0,500,37,612,37,112
1472,50.758620689655174,player,team_3,0.5356601476669312,768,373,816,543,48,170
1473,50.793103448275865,player,team_1,0.8297235369682312,126,302,210,485,84,183
1473,50.793103448275865,player,team_3,0.7477623224258423,458,425,525,608,67,183
1473,50.793103448275865,player,team_4,0.6910181641578674,507,281,558,457,51,176
1473,50.793103448275865,player,team_2,0.666677713394165,791,383,864,592,73,209
1473,50.793103448275865,player,team_4,0.6500459313392639,1007,384,1102,573,95,189
1473,50.793103448275865,player,team_1,0.5859677791595459,767,373,816,549,49,176
1474,50.827586206896555,player,team_1,0.8500754833221436,122,304,204,487,82,183
1474,50.827586206896555,player,team_3,0.7530355453491211,458,426,522,610,64,184
1474,50.827586206896555,player,team_4,0.682621955871582,507,283,560,458,53,175
1474,50.827586206896555,player,team_2,0.6758411526679993,788,391,865,595,77,204
1474,50.827586206896555,player,team_1,0.6362976431846619,767,373,815,560,48,187
1474,50.827586206896555,player,team_4,0.5753675699234009,1021,383,1100,577,79,194
1475,50.86206896551724,player,team_1,0.8618744611740112,114,306,197,488,83,182
1475,50.86206896551724,player,team_3,0.7336464524269104,457,427,522,614,65,187
1475,50.86206896551724,player,team_4,0.6819109320640564,508,284,560,458,52,174
1475,50.86206896551724,player,team_1,0.652359664440155,766,373,819,583,53,210
1475,50.86206896551724,player,team_2,0.5455859899520874,790,394,865,595,75,201
1476,50.89655172413793,player,team_1,0.8569288849830627,110,305,192,489,82,184
1476,50.89655172413793,player,team_3,0.7153236269950867,509,285,562,462,53,177
1476,50.89655172413793,player,team_1,0.7032674551010132,766,374,820,569,54,195
1476,50.89655172413793,player,team_3,0.7022058963775635,458,429,521,615,63,186
1476,50.89655172413793,player,team_4,0.585574746131897,1046,396,1104,581,58,185
1476,50.89655172413793,player,team_4,0.5855416059494019,790,422,868,594,78,172
1476,50.89655172413793,player,team_4,0.5187004208564758,1152,449,1210,617,58,168
1477,50.93103448275862,player,team_1,0.8564493656158447,104,306,186,493,82,187
1477,50.93103448275862,player,team_2,0.7030898332595825,790,385,872,597,82,212
1477,50.93103448275862,player,team_4,0.6962761282920837,508,285,562,460,54,175
1477,50.93103448275862,player,team_1,0.6783339977264404,763,374,819,572,56,198
1477,50.93103448275862,player,team_4,0.6745900511741638,1156,449,1216,621,60,172
1477,50.93103448275862,player,team_3,0.6424303650856018,461,429,524,614,63,185
1477,50.93103448275862,player,team_4,0.6360749006271362,1051,394,1109,583,58,189
1478,50.96551724137931,player,team_1,0.8410643339157104,100,308,178,495,78,187
1478,50.96551724137931,player,team_2,0.7860799431800842,787,402,872,603,85,201
1478,50.96551724137931,player,team_2,0.6968684196472168,507,285,563,463,56,178
1478,50.96551724137931,player,team_4,0.6494457721710205,1157,447,1219,622,62,175
1478,50.96551724137931,player,team_1,0.6451274752616882,764,372,821,568,57,196
1478,50.96551724137931,player,team_4,0.5846792459487915,1055,394,1111,586,56,192
1478,50.96551724137931,player,team_2,0.5516080260276794,463,430,539,637,76,207
1479,51.0,player,team_1,0.8497863411903381,91,304,171,498,80,194
1479,51.0,player,team_2,0.8057644367218018,787,399,874,606,87,207
1479,51.0,player,team_1,0.6739583015441895,767,369,822,567,55,198
1479,51.0,player,team_4,0.6558277606964111,1159,445,1218,626,59,181
1479,51.0,player,team_4,0.6191365718841553,507,287,562,465,55,178
1479,51.0,player,team_4,0.5872783064842224,1059,384,1116,590,57,206
1480,51.03448275862069,player,team_1,0.8383449912071228,88,303,161,499,73,196
1480,51.03448275862069,player,team_2,0.7820355892181396,786,400,874,607,88,207
1480,51.03448275862069,player,team_4,0.746243417263031,506,286,562,467,56,181
1480,51.03448275862069,player,team_1,0.7192451357841492,767,360,825,568,58,208
1480,51.03448275862069,player,team_4,0.68955397605896,1064,375,1122,592,58,217
1480,51.03448275862069,player,team_2,0.503304123878479,475,432,528,625,53,193
1481,51.06896551724138,player,team_1,0.8449574112892151,85,304,154,500,69,196
1481,51.06896551724138,player,team_4,0.7718594670295715,783,406,879,608,96,202
1481,51.06896551724138,player,team_2,0.7620532512664795,505,287,563,468,58,181
1481,51.06896551724138,player,team_4,0.706400990486145,1064,384,1132,598,68,214
1481,51.06896551724138,player,team_1,0.7034462690353394,766,360,825,568,59,208
1481,51.06896551724138,player,team_2,0.5925233364105225,474,434,525,618,51,184
1482,51.10344827586207,player,team_1,0.8395968675613403,79,306,149,502,70,196
1482,51.10344827586207,player,team_4,0.7683694958686829,504,288,564,470,60,182
1482,51.10344827586207,player,team_2,0.7243740558624268,781,377,880,608,99,231
1482,51.10344827586207,player,team_4,0.6424731016159058,1066,390,1142,603,76,213
1482,51.10344827586207,player,team_1,0.6201816201210022,765,357,824,569,59,212
1482,51.10344827586207,player,team_2,0.5881786942481995,475,435,527,639,52,204
1483,51.13793103448276,player,team_1,0.8136675953865051,75,305,143,505,68,200
1483,51.13793103448276,player,team_2,0.7850435376167297,779,402,877,607,98,205
1483,51.13793103448276,player,team_4,0.7533870935440063,503,290,569,472,66,182
1483,51.13793103448276,player,team_4,0.7136729955673218,1072,389,1155,615,83,226
1483,51.13793103448276,player,team_1,0.6599449515342712,761,363,823,568,62,205
1483,51.13793103448276,player,team_2,0.6575073003768921,477,436,525,635,48,199
1484,51.172413793103445,player,team_4,0.7814071178436279,783,404,878,604,95,200
1484,51.172413793103445,player,team_1,0.7753288149833679,74,306,141,507,67,201
1484,51.172413793103445,player,team_3,0.7500142455101013,503,288,573,475,70,187
1484,51.172413793103445,player,team_2,0.7054798603057861,478,436,526,634,48,198
1484,51.172413793103445,player,team_1,0.6764402985572815,756,352,822,571,66,219
1484,51.172413793103445,player,team_4,0.6698608994483948,1074,399,1151,605,77,206
1485,51.206896551724135,player,team_1,0.8065471053123474,70,302,139,510,69,208
1485,51.206896551724135,player,team_2,0.7852610945701599,789,403,881,605,92,202
1485,51.206896551724135,player,team_4,0.7647696137428284,503,288,573,475,70,187
1485,51.206896551724135,player,team_2,0.6638791561126709,478,436,528,648,50,212
1485,51.206896551724135,player,team_1,0.6181626319885254,753,367,825,571,72,204
1485,51.206896551724135,player,team_4,0.6044633984565735,1080,402,1159,615,79,213
1486,51.241379310344826,player,team_1,0.8262805938720703,68,309,137,515,69,206
1486,51.241379310344826,player,team_2,0.8068005442619324,790,405,881,604,91,199
1486,51.241379310344826,player,team_1,0.7482205033302307,749,348,827,576,78,228
1486,51.241379310344826,player,team_3,0.7367894053459167,503,291,573,475,70,184
1486,51.241379310344826,player,team_2,0.6645135879516602,478,436,526,636,48,200
1486,51.241379310344826,player,unknown,0.5036780834197998,993,399,1060,491,67,92
1487,51.275862068965516,player,team_1,0.8224500417709351,64,308,136,516,72,208
1487,51.275862068965516,player,team_1,0.7899184226989746,745,346,825,581,80,235
1487,51.275862068965516,player,team_2,0.7657335996627808,793,403,883,602,90,199
1487,51.275862068965516,player,team_4,0.7513233423233032,503,291,571,476,68,185
1487,51.275862068965516,player,team_2,0.5847024321556091,477,435,525,642,48,207
1488,51.310344827586206,player,team_1,0.8218615651130676,63,310,131,517,68,207
1488,51.310344827586206,player,team_1,0.7936509251594543,743,348,827,575,84,227
1488,51.310344827586206,player,team_4,0.756222128868103,502,290,570,476,68,186
1488,51.310344827586206,player,team_4,0.715591549873352,807,400,882,602,75,202
1488,51.310344827586206,player,team_2,0.5743393301963806,477,435,520,630,43,195
1488,51.310344827586206,player,team_4,0.5176795125007629,1081,389,1165,602,84,213
1489,51.3448275862069,player,team_1,0.8316450119018555,62,310,127,518,65,208
1489,51.3448275862069,player,team_1,0.7733505368232727,740,345,822,568,82,223
1489,51.3448275862069,player,team_4,0.738857626914978,501,289,566,476,65,187
1489,51.3448275862069,player,team_4,0.7338200211524963,808,402,882,602,74,200
1489,51.3448275862069,player,team_4,0.5981075763702393,476,435,519,628,43,193
1490,51.37931034482759,player,team_1,0.8446146249771118,60,308,127,518,67,210
1490,51.37931034482759,player,team_1,0.8036746382713318,737,344,814,570,77,226
1490,51.37931034482759,player,team_4,0.7699075937271118,800,400,881,600,81,200
1490,51.37931034482759,player,team_4,0.7259799242019653,500,290,564,479,64,189
1490,51.37931034482759,player,team_4,0.595175564289093,475,434,517,629,42,195
1491,51.41379310344828,player,team_1,0.8454104661941528,58,310,127,518,69,208
1491,51.41379310344828,player,team_1,0.8115279078483582,734,343,812,572,78,229
1491,51.41379310344828,player,team_4,0.7064449787139893,501,288,561,481,60,193
1491,51.41379310344828,player,team_4,0.6985887885093689,801,400,878,599,77,199
1491,51.41379310344828,player,team_4,0.6086618304252625,474,435,516,632,42,197
1492,51.44827586206897,player,team_1,0.8472273349761963,56,314,126,519,70,205
1492,51.44827586206897,player,team_1,0.8046887516975403,729,341,808,570,79,229
1492,51.44827586206897,player,team_4,0.7530885338783264,501,288,559,483,58,195
1492,51.44827586206897,player,team_4,0.732199490070343,810,401,877,599,67,198
1492,51.44827586206897,player,team_4,0.6432986259460449,471,435,514,634,43,199
1493,51.48275862068966,player,team_1,0.8467082381248474,55,317,125,519,70,202
1493,51.48275862068966,player,team_4,0.7455354332923889,499,287,558,484,59,197
1493,51.48275862068966,player,team_4,0.7075468897819519,809,403,869,599,60,196
1493,51.48275862068966,player,team_4,0.6972627639770508,464,437,513,634,49,197
1493,51.48275862068966,player,team_1,0.6715309619903564,722,355,807,568,85,213
1494,51.51724137931034,player,team_1,0.8364831209182739,53,321,126,519,73,198
1494,51.51724137931034,player,team_1,0.7743946313858032,714,339,803,558,89,219
1494,51.51724137931034,player,team_4,0.7468440532684326,499,285,554,482,55,197
1494,51.51724137931034,class_32,,0.7128611207008362,726,544,759,576,33,32
1494,51.51724137931034,player,team_4,0.7102895975112915,813,401,867,600,54,199
1494,51.51724137931034,player,team_4,0.6976125836372375,465,436,511,634,46,198
1495,51.55172413793103,player,team_1,0.8326711654663086,50,322,127,520,77,198
1495,51.55172413793103,player,team_4,0.7640555500984192,498,286,552,480,54,194
1495,51.55172413793103,player,team_1,0.7602748274803162,707,341,800,563,93,222
1495,51.55172413793103,player,team_4,0.7312862277030945,462,435,510,634,48,199
1495,51.55172413793103,player,team_4,0.7167090773582458,813,401,869,601,56,200
1495,51.55172413793103,class_32,,0.5434855222702026,722,544,754,574,32,30
1496,51.58620689655172,player,team_1,0.8343976140022278,48,319,128,518,80,199
1496,51.58620689655172,player,team_4,0.7671747803688049,498,288,550,483,52,195
1496,51.58620689655172,player,team_4,0.7414769530296326,815,400,870,601,55,201
1496,51.58620689655172,player,team_4,0.7228156328201294,460,436,509,636,49,200
1496,51.58620689655172,player,team_1,0.6579195261001587,725,369,797,557,72,188
1496,51.58620689655172,class_32,,0.5476051568984985,720,539,753,575,33,36
1497,51.62068965517241,player,team_1,0.8277783393859863,47,320,128,520,81,200
1497,51.62068965517241,player,team_4,0.798245906829834,496,290,549,482,53,192
1497,51.62068965517241,player,team_4,0.7854678630828857,812,401,871,601,59,200
1497,51.62068965517241,player,team_3,0.7581512928009033,699,346,796,565,97,219
1497,51.62068965517241,player,team_2,0.7521950602531433,457,435,509,635,52,200
1498,51.6551724137931,player,team_3,0.8395511507987976,43,321,133,522,90,201
1498,51.6551724137931,player,team_4,0.8076239228248596,495,291,548,482,53,191
1498,51.6551724137931,player,team_3,0.7778620719909668,811,401,870,601,59,200
1498,51.6551724137931,player,team_4,0.7444799542427063,455,436,509,633,54,197
1498,51.6551724137931,player,team_1,0.606189489364624,702,354,795,570,93,216
1498,51.6551724137931,player,team_4,0.5783597826957703,1140,460,1208,658,68,198
1499,51.689655172413794,player,team_3,0.8459432721138,39,323,136,526,97,203
1499,51.689655172413794,player,team_4,0.8024694323539734,812,397,869,600,57,203
1499,51.689655172413794,player,team_4,0.8000382781028748,494,291,547,484,53,193
1499,51.689655172413794,player,team_4,0.7806910276412964,451,437,511,634,60,197
1499,51.689655172413794,player,team_1,0.6548284888267517,723,366,794,563,71,197
1499,51.689655172413794,player,team_4,0.5598331689834595,1131,449,1206,658,75,209
1499,51.689655172413794,player,team_4,0.5206884741783142,497,334,545,484,48,150
1500,51.724137931034484,player,team_3,0.8566576838493347,37,323,138,530,101,207
1500,51.724137931034484,player,team_3,0.7692329287528992,811,398,867,599,56,201
1500,51.724137931034484,player,team_4,0.7646717429161072,490,291,546,486,56,195
1500,51.724137931034484,player,team_4,0.7541700005531311,450,436,514,635,64,199
1500,51.724137931034484,player,team_1,0.7376143932342529,719,369,794,565,75,196
1500,51.724137931034484,player,team_4,0.6034178137779236,1118,421,1201,656,83,235
1501,51.758620689655174,player,team_3,0.8598299026489258,37,323,139,531,102,208
1501,51.758620689655174,player,team_2,0.7575749754905701,810,397,867,598,57,201
1501,51.758620689655174,player,team_4,0.7483713030815125,449,436,515,634,66,198
1501,51.758620689655174,player,team_4,0.7428432106971741,488,291,545,485,57,194
1501,51.758620689655174,player,team_1,0.7228041887283325,723,364,793,561,70,197
1501,51.758620689655174,player,team_4,0.6997928619384766,1118,421,1199,656,81,235
1501,51.758620689655174,player,unknown,0.5212098360061646,581,219,636,353,55,134
1502,51.793103448275865,player,team_3,0.8743749260902405,38,323,143,531,105,208
1502,51.793103448275865,player,team_4,0.7737739682197571,447,435,517,635,70,200
1502,51.793103448275865,player,team_4,0.7624414563179016,486,290,544,484,58,194
1502,51.793103448275865,player,team_4,0.7571027278900146,1114,417,1199,658,85,241
1502,51.793103448275865,player,team_1,0.7067788243293762,723,360,794,556,71,196
1502,51.793103448275865,player,team_4,0.6919714212417603,808,400,868,598,60,198
1502,51.793103448275865,player,unknown,0.5132044553756714,580,220,637,356,57,136
1503,51.827586206896555,player,team_3,0.8875174522399902,38,324,146,530,108,206
1503,51.827586206896555,player,team_4,0.7830910682678223,1112,416,1199,660,87,244
1503,51.827586206896555,player,team_4,0.7469625473022461,483,290,544,484,61,194
1503,51.827586206896555,player,team_4,0.7256763577461243,445,435,518,636,73,201
1503,51.827586206896555,player,team_1,0.6764791011810303,723,357,793,555,70,198
1503,51.827586206896555,player,team_4,0.6606717109680176,808,406,867,595,59,189
1503,51.827586206896555,player,team_3,0.6255344748497009,687,345,753,546,66,201
1504,51.86206896551724,player,team_3,0.8836231827735901,41,328,150,527,109,199
1504,51.86206896551724,player,team_4,0.7784345149993896,1107,417,1199,661,92,244
1504,51.86206896551724,player,team_4,0.7625845670700073,482,290,543,486,61,196
1504,51.86206896551724,player,team_4,0.7008183598518372,805,406,870,591,65,185
1504,51.86206896551724,player,team_1,0.6669507622718811,725,353,795,555,70,202
1504,51.86206896551724,player,team_3,0.6571153998374939,687,343,752,547,65,204
1504,51.86206896551724,player,team_4,0.6156782507896423,443,436,501,636,58,200
1505,51.89655172413793,player,team_3,0.8319050073623657,44,326,153,528,109,202
1505,51.89655172413793,player,team_4,0.7754443883895874,481,290,544,488,63,198
1505,51.89655172413793,player,team_4,0.772005558013916,1106,419,1200,663,94,244
1505,51.89655172413793,player,team_3,0.7017397880554199,688,343,751,543,63,200
1505,51.89655172413793,player,team_4,0.6675947308540344,434,435,499,635,65,200
1505,51.89655172413793,player,team_1,0.6455844044685364,734,353,794,552,60,199
1505,51.89655172413793,player,team_4,0.5929774641990662,807,396,871,589,64,193
1506,51.93103448275862,player,team_3,0.8406451344490051,47,327,154,529,107,202
1506,51.93103448275862,player,team_4,0.7978755235671997,481,290,546,488,65,198
1506,51.93103448275862,player,team_4,0.7889503240585327,1097,419,1202,664,105,245
1506,51.93103448275862,player,team_3,0.7342979907989502,688,346,750,542,62,196
1506,51.93103448275862,player,team_4,0.7087938189506531,426,435,499,634,73,199
1506,51.93103448275862,player,team_1,0.645227313041687,735,352,792,553,57,201
1506,51.93103448275862,player,team_2,0.5279481410980225,807,377,872,591,65,214
1507,51.96551724137931,player,team_3,0.8013330698013306,51,326,155,528,104,202
1507,51.96551724137931,player,team_4,0.800494372844696,480,291,549,487,69,196
1507,51.96551724137931,player,team_2,0.755419135093689,690,345,751,541,61,196
1507,51.96551724137931,player,team_4,0.7008537650108337,1093,422,1214,665,121,243
1507,51.96551724137931,player,team_4,0.6721621155738831,423,436,495,633,72,197
1507,51.96551724137931,player,team_4,0.568947970867157,813,403,874,585,61,182
1507,51.96551724137931,player,unknown,0.5072975158691406,575,218,646,356,71,138
1508,52.0,player,team_3,0.834799587726593,55,328,153,527,98,199
1508,52.0,player,team_4,0.8038036227226257,479,290,550,486,71,196
1508,52.0,player,team_2,0.7585793733596802,689,346,750,537,61,191
1508,52.0,player,team_1,0.6836047172546387,737,349,794,553,57,204
1508,52.0,player,team_4,0.6471627354621887,422,437,498,633,76,196
1508,52.0,player,team_4,0.6311054229736328,1091,447,1191,664,100,217
1508,52.0,player,team_4,0.529167652130127,814,398,877,587,63,189
1508,52.0,player,team_4,0.5059420466423035,1092,425,1226,663,134,238
1509,52.03448275862069,player,team_4,0.7817532420158386,478,291,550,490,72,199
1509,52.03448275862069,player,team_3,0.7784085273742676,60,329,146,529,86,200
1509,52.03448275862069,player,team_2,0.7499822974205017,688,346,750,534,62,188
1509,52.03448275862069,player,team_1,0.6952852606773376,737,350,793,552,56,202
1509,52.03448275862069,player,team_4,0.6312681436538696,815,400,878,588,63,188
1509,52.03448275862069,player,team_4,0.6273275017738342,1088,479,1187,664,99,185
1509,52.03448275862069,player,team_4,0.6269235610961914,438,437,497,632,59,195
1510,52.06896551724138,player,team_3,0.7974487543106079,70,325,147,529,77,204
1510,52.06896551724138,player,team_3,0.7810245156288147,477,291,551,490,74,199
1510,52.06896551724138,player,team_2,0.7496742606163025,688,348,748,544,60,196
1510,52.06896551724138,player,team_1,0.7036316990852356,736,350,792,552,56,202
1510,52.06896551724138,player,team_4,0.7015182375907898,1079,478,1186,664,107,186
1510,52.06896551724138,player,team_4,0.6696000099182129,442,436,494,632,52,196
1510,52.06896551724138,player,team_2,0.6481433510780334,815,397,880,590,65,193
1511,52.10344827586207,player,team_1,0.8303074836730957,80,326,146,528,66,202
1511,52.10344827586207,player,team_3,0.7805476188659668,477,290,552,493,75,203
1511,52.10344827586207,player,team_4,0.7626792192459106,1064,477,1178,664,114,187
1511,52.10344827586207,player,team_2,0.7606562376022339,688,346,745,545,57,199
1511,52.10344827586207,player,team_1,0.7061752676963806,737,350,792,550,55,200
1511,52.10344827586207,player,team_3,0.642871081829071,817,393,884,585,67,192
1511,52.10344827586207,player,team_4,0.6378047466278076,441,435,497,633,56,198
1511,52.10344827586207,player,team_4,0.5081687569618225,1125,427,1214,656,89,229
1512,52.13793103448276,player,team_3,0.8077833652496338,85,321,151,528,66,207
1512,52.13793103448276,player,team_4,0.7759477496147156,477,290,551,491,74,201
1512,52.13793103448276,player,team_2,0.7518422603607178,687,347,746,544,59,197
1512,52.13793103448276,player,team_4,0.7352834343910217,1120,426,1217,655,97,229
1512,52.13793103448276,player,team_4,0.6972421407699585,438,436,495,635,57,199
1512,52.13793103448276,player,team_4,0.6866520643234253,1060,478,1157,665,97,187
1512,52.13793103448276,player,team_4,0.6558890342712402,815,395,885,586,70,191
1512,52.13793103448276,player,team_1,0.6194999814033508,738,350,791,546,53,196
1513,52.172413793103445,player,team_1,0.8039888143539429,95,328,154,528,59,200
1513,52.172413793103445,player,team_4,0.7576251029968262,476,290,550,490,74,200
1513,52.172413793103445,player,team_2,0.7406208515167236,684,346,745,542,61,196
1513,52.172413793103445,player,team_4,0.7289431691169739,1056,478,1131,664,75,186
1513,52.172413793103445,player,team_4,0.722934901714325,1124,429,1216,653,92,224
1513,52.172413793103445,player,team_4,0.7167890071868896,815,390,888,585,73,195
1513,52.172413793103445,player,team_4,0.6723334789276123,439,435,496,636,57,201
1514,52.206896551724135,player,team_1,0.7926900386810303,97,330,159,527,62,197
1514,52.206896551724135,player,team_4,0.7685645222663879,475,289,548,489,73,200
1514,52.206896551724135,player,team_2,0.7626600861549377,682,344,745,545,63,201
1514,52.206896551724135,player,team_3,0.7625164985656738,814,391,888,584,74,193
1514,52.206896551724135,player,team_4,0.7583941221237183,1054,477,1128,664,74,187
1514,52.206896551724135,player,team_4,0.7527557611465454,1127,430,1215,649,88,219
1514,52.206896551724135,player,team_4,0.6564013957977295,438,433,508,636,70,203
1514,52.206896551724135,player,team_1,0.5143141746520996,737,347,790,546,53,199
1515,52.241379310344826,player,team_1,0.7965171337127686,96,328,161,528,65,200
1515,52.241379310344826,player,team_4,0.7844346165657043,818,389,888,584,70,195
1515,52.241379310344826,player,team_4,0.7820411920547485,1049,477,1127,663,78,186
1515,52.241379310344826,player,team_4,0.7681089639663696,475,288,546,487,71,199
1515,52.241379310344826,player,team_4,0.7641640901565552,1128,428,1216,648,88,220
1515,52.241379310344826,player,team_2,0.7632875442504883,681,341,744,549,63,208
1515,52.241379310344826,player,team_4,0.5127069354057312,432,433,500,636,68,203
1516,52.275862068965516,player,team_4,0.8041728734970093,677,341,743,544,66,203
1516,52.275862068965516,player,team_3,0.7928964495658875,97,320,177,527,80,207
1516,52.275862068965516,player,team_4,0.7780617475509644,1044,476,1126,663,82,187
1516,52.275862068965516,player,team_4,0.7556989789009094,475,287,545,486,70,199
1516,52.275862068965516,player,team_4,0.7548871040344238,816,389,889,583,73,194
1516,52.275862068965516,player,team_4,0.6384279727935791,1132,428,1217,649,85,221
1516,52.275862068965516,player,team_1,0.5535535216331482,738,357,787,543,49,186
1516,52.275862068965516,player,team_4,0.5489066243171692,401,433,497,637,96,204
1516,52.275862068965516,player,team_4,0.5096425414085388,429,433,495,637,66,204
1517,52.310344827586206,player,team_4,0.8438036441802979,674,342,739,536,65,194
1517,52.310344827586206,player,team_4,0.81456059217453,801,385,889,583,88,198
1517,52.310344827586206,player,team_3,0.7580574154853821,96,321,190,528,94,207
1517,52.310344827586206,player,team_4,0.7453687787055969,475,287,545,484,70,197
1517,52.310344827586206,player,team_4,0.7303637266159058,1041,474,1124,662,83,188
1517,52.310344827586206,player,team_2,0.6981786489486694,384,430,496,638,112,208
1517,52.310344827586206,player,team_4,0.6659169793128967,1134,428,1218,646,84,218
1517,52.310344827586206,player,team_1,0.5860532522201538,737,351,786,543,49,192
1517,52.310344827586206,player,team_4,0.5312513113021851,425,432,496,637,71,205
1518,52.3448275862069,player,team_4,0.8234531879425049,672,341,741,535,69,194
1518,52.3448275862069,player,team_4,0.7868956923484802,1036,474,1114,663,78,189
1518,52.3448275862069,player,team_3,0.7849926948547363,97,339,200,526,103,187
1518,52.3448275862069,player,team_4,0.7719049453735352,476,287,543,485,67,198
1518,52.3448275862069,player,team_4,0.7433589100837708,816,386,888,583,72,197
1518,52.3448275862069,player,team_4,0.7192232012748718,1136,430,1216,645,80,215
1518,52.3448275862069,player,team_1,0.5690444707870483,738,367,785,543,47,176
1518,52.3448275862069,player,team_4,0.5141404867172241,432,433,491,637,59,204
1519,52.37931034482759,player,team_3,0.8268908262252808,97,337,212,524,115,187
1519,52.37931034482759,player,team_4,0.8210693597793579,669,337,739,537,70,200
1519,52.37931034482759,player,team_4,0.7970280051231384,475,287,542,489,67,202
1519,52.37931034482759,player,team_4,0.7798386812210083,1033,473,1112,662,79,189
1519,52.37931034482759,player,team_4,0.7447035908699036,824,386,888,582,64,196
1519,52.37931034482759,player,team_4,0.7149887084960938,1138,430,1214,641,76,211
1519,52.37931034482759,player,team_1,0.5797850489616394,739,365,783,539,44,174
1519,52.37931034482759,player,team_4,0.5443617701530457,430,431,496,635,66,204
1520,52.41379310344828,player,team_2,0.8382516503334045,666,336,738,541,72,205
1520,52.41379310344828,player,team_3,0.8294454216957092,96,343,217,523,121,180
1520,52.41379310344828,player,team_4,0.8098593950271606,475,287,540,488,65,201
1520,52.41379310344828,player,team_4,0.7972456812858582,1028,471,1115,662,87,191
1520,52.41379310344828,player,team_4,0.6523123979568481,827,387,888,582,61,195
1520,52.41379310344828,player,team_4,0.6465624570846558,1144,430,1217,649,73,219
1520,52.41379310344828,player,team_1,0.6305549740791321,740,350,783,539,43,189
1520,52.41379310344828,player,team_4,0.5683008432388306,429,430,490,635,61,205
1521,52.44827586206897,player,team_4,0.8255871534347534,664,337,732,539,68,202
1521,52.44827586206897,player,team_3,0.8232308030128479,97,340,219,521,122,181
1521,52.44827586206897,player,team_4,0.8007270693778992,1024,471,1114,662,90,191
1521,52.44827586206897,player,team_4,0.792616069316864,473,288,539,490,66,202
1521,52.44827586206897,player,team_4,0.6783219575881958,1145,430,1216,651,71,221
1521,52.44827586206897,player,team_4,0.6634078621864319,431,428,487,633,56,205
1521,52.44827586206897,player,team_1,0.6260998845100403,738,340,784,518,46,178
1521,52.44827586206897,player,team_4,0.6094988584518433,826,401,887,582,61,181
1522,52.48275862068966,player,team_3,0.8426051139831543,96,345,223,521,127,176
1522,52.48275862068966,player,team_2,0.8245785236358643,659,338,732,538,73,200
1522,52.48275862068966,player,team_4,0.809085488319397,1017,471,1113,660,96,189
1522,52.48275862068966,player,team_4,0.7791033387184143,472,289,537,489,65,200
1522,52.48275862068966,player,team_4,0.6693127751350403,429,427,485,633,56,206
1522,52.48275862068966,player,team_1,0.6461702585220337,739,336,788,523,49,187
1522,52.48275862068966,player,team_4,0.6367247700691223,1150,430,1216,646,66,216
1523,52.51724137931034,player,team_2,0.830601155757904,655,337,733,539,78,202
1523,52.51724137931034,player,team_3,0.8282756805419922,97,346,223,520,126,174
1523,52.51724137931034,player,team_4,0.8117354512214661,1012,473,1110,660,98,187
1523,52.51724137931034,player,team_4,0.7676658034324646,471,291,536,492,65,201
1523,52.51724137931034,player,team_4,0.6785712838172913,427,427,483,634,56,207
1523,52.51724137931034,player,team_4,0.675918459892273,1152,430,1218,653,66,223
1523,52.51724137931034,player,team_1,0.6320294141769409,738,331,791,521,53,190
1524,52.55172413793103,player,team_4,0.8783891201019287,1007,471,1108,657,101,186
1524,52.55172413793103,player,team_2,0.8269709348678589,653,337,732,539,79,202
1524,52.55172413793103,player,team_3,0.7502871751785278,100,338,223,522,123,184
1524,52.55172413793103,player,team_4,0.727190375328064,469,292,534,488,65,196
1524,52.55172413793103,player,team_4,0.7011297345161438,1153,430,1219,654,66,224
1524,52.55172413793103,player,team_4,0.6944085955619812,421,425,485,634,64,209
1524,52.55172413793103,player,team_1,0.6104775667190552,736,331,791,515,55,184
1524,52.55172413793103,player,team_1,0.5526368021965027,0,409,40,620,40,211
1524,52.55172413793103,player,team_2,0.514953076839447,820,396,895,578,75,182
1525,52.58620689655172,player,team_4,0.8514110445976257,1003,474,1107,656,104,182
1525,52.58620689655172,player,team_3,0.7744163274765015,107,332,221,519,114,187
1525,52.58620689655172,player,team_2,0.7442110180854797,649,337,728,540,79,203
1525,52.58620689655172,player,team_4,0.7242816686630249,469,290,531,488,62,198
1525,52.58620689655172,player,team_4,0.70035320520401,1153,431,1219,654,66,223
1525,52.58620689655172,player,team_4,0.6837447285652161,422,424,482,634,60,210
1525,52.58620689655172,player,unknown,0.6565532088279724,0,408,51,619,51,211
1525,52.58620689655172,player,team_1,0.573531985282898,736,330,790,512,54,182
1525,52.58620689655172,player,unknown,0.5380945205688477,817,397,887,577,70,180
1526,52.62068965517241,player,team_4,0.8409198522567749,995,470,1103,656,108,186
1526,52.62068965517241,player,team_3,0.7851749062538147,114,326,222,516,108,190
1526,52.62068965517241,player,team_2,0.7589517831802368,648,337,728,538,80,201
1526,52.62068965517241,player,team_4,0.7220073938369751,468,291,530,487,62,196
1526,52.62068965517241,player,unknown,0.7120494246482849,0,405,71,617,71,212
1526,52.62068965517241,player,team_4,0.6579460501670837,416,424,481,632,65,208
1526,52.62068965517241,player,team_4,0.654541015625,1154,430,1220,647,66,217
1526,52.62068965517241,player,team_1,0.5596576929092407,734,327,793,510,59,183
1527,52.6551724137931,player,team_4,0.8287551999092102,999,471,1101,657,102,186
1527,52.6551724137931,player,team_3,0.794238269329071,124,336,221,515,97,179
1527,52.6551724137931,player,unknown,0.7596035599708557,0,406,81,612,81,206
1527,52.6551724137931,player,team_3,0.7589459419250488,644,335,728,538,84,203
1527,52.6551724137931,player,team_4,0.72833251953125,466,292,528,489,62,197
1527,52.6551724137931,player,team_4,0.6788815259933472,1154,433,1221,643,67,210
1527,52.6551724137931,player,team_4,0.6766501069068909,421,423,480,631,59,208
1527,52.6551724137931,player,unknown,0.5734731554985046,807,380,886,576,79,196
1527,52.6551724137931,player,team_1,0.5161241888999939,738,335,794,511,56,176
1528,52.689655172413794,player,team_4,0.8175740242004395,998,470,1094,656,96,186
1528,52.689655172413794,player,team_3,0.7956175804138184,635,334,730,538,95,204
1528,52.689655172413794,player,team_4,0.732673168182373,465,291,527,487,62,196
1528,52.689655172413794,player,team_3,0.7247046232223511,133,338,219,513,86,175
1528,52.689655172413794,player,team_4,0.7060770988464355,423,423,479,632,56,209
1528,52.689655172413794,player,team_4,0.6556228995323181,1156,435,1222,644,66,209
1528,52.689655172413794,player,unknown,0.5897915959358215,0,403,91,613,91,210
1528,52.689655172413794,player,team_3,0.5007351636886597,806,376,888,576,82,200
1529,52.724137931034484,player,unknown,0.8205022215843201,0,402,96,615,96,213
1529,52.724137931034484,player,team_4,0.8004134297370911,994,468,1095,654,101,186
1529,52.724137931034484,player,team_4,0.7609978318214417,465,291,527,485,62,194
1529,52.724137931034484,player,team_3,0.756138265132904,149,332,219,514,70,182
1529,52.724137931034484,player,team_3,0.7425727844238281,638,334,728,539,90,205
1529,52.724137931034484,player,team_4,0.7179844975471497,422,422,478,633,56,211
1529,52.724137931034484,player,team_1,0.6224228143692017,803,377,887,576,84,199
1529,52.724137931034484,player,team_4,0.5886067748069763,1158,436,1226,638,68,202
1530,52.758620689655174,player,unknown,0.8495466709136963,0,404,98,612,98,208
1530,52.758620689655174,player,team_4,0.7987092733383179,990,466,1086,653,96,187
1530,52.758620689655174,player,team_4,0.7857749462127686,462,291,527,487,65,196
1530,52.758620689655174,player,team_3,0.7423833608627319,634,335,724,539,90,204
1530,52.758620689655174,player,team_4,0.6757262945175171,1157,439,1226,639,69,200
1530,52.758620689655174,player,team_3,0.6715924739837646,161,328,220,512,59,184
1530,52.758620689655174,player,team_1,0.6657329797744751,801,377,883,576,82,199
1530,52.758620689655174,player,team_4,0.6380068063735962,419,421,477,633,58,212
1531,52.793103448275865,player,unknown,0.816753089427948,1,403,100,613,99,210
1531,52.793103448275865,player,team_4,0.7922713160514832,461,290,527,485,66,195
1531,52.793103448275865,player,team_3,0.7458614110946655,631,334,719,538,88,204
1531,52.793103448275865,player,team_1,0.6882455348968506,171,333,222,514,51,181
1531,52.793103448275865,player,team_3,0.6720470786094666,988,466,1074,652,86,186
1531,52.793103448275865,player,team_4,0.6114342212677002,398,420,478,633,80,213
1531,52.793103448275865,class_32,,0.6058223247528076,905,481,934,509,29,28
1531,52.793103448275865,player,team_1,0.5747398734092712,802,382,882,575,80,193
1531,52.793103448275865,player,team_4,0.5720400810241699,1156,440,1228,637,72,197
1531,52.793103448275865,player,team_1,0.555932879447937,736,326,800,508,64,182
1532,52.827586206896555,player,team_4,0.8031827211380005,459,290,527,489,68,199
1532,52.827586206896555,player,team_3,0.7569922208786011,628,333,717,537,89,204
1532,52.827586206896555,player,team_4,0.7370312809944153,988,467,1061,650,73,183
1532,52.827586206896555,player,unknown,0.7162562012672424,7,402,99,609,92,207
1532,52.827586206896555,player,team_4,0.712955892086029,1155,439,1230,640,75,201
1532,52.827586206896555,player,team_1,0.7043306827545166,176,332,226,513,50,181
1532,52.827586206896555,player,team_4,0.6739562153816223,418,419,478,632,60,213
1532,52.827586206896555,player,team_1,0.625239372253418,734,323,802,511,68,188
1532,52.827586206896555,player,team_1,0.5688977837562561,801,400,881,575,80,175
1532,52.827586206896555,player,team_1,0.5187956690788269,391,234,450,393,59,159
1533,52.86206896551724,player,team_3,0.8072707653045654,459,290,525,487,66,197
1533,52.86206896551724,player,team_2,0.7721071243286133,630,333,716,535,86,202
1533,52.86206896551724,player,team_4,0.766342282295227,983,465,1052,650,69,185
1533,52.86206896551724,player,unknown,0.7240776419639587,1,398,99,612,98,214
1533,52.86206896551724,player,team_4,0.7209829688072205,1155,440,1231,641,76,201
1533,52.86206896551724,player,team_1,0.7118167281150818,179,324,236,513,57,189
1533,52.86206896551724,player,team_1,0.6450622081756592,732,324,801,510,69,186
1533,52.86206896551724,player,team_4,0.6400834321975708,418,418,476,633,58,215
1533,52.86206896551724,player,team_1,0.5715009570121765,801,397,879,574,78,177
1533,52.86206896551724,player,team_4,0.5224315524101257,396,420,474,633,78,213
1533,52.86206896551724,player,team_1,0.5012420415878296,396,233,453,393,57,160
1534,52.89655172413793,player,team_4,0.7881831526756287,458,291,524,486,66,195
1534,52.89655172413793,player,team_2,0.7839935421943665,626,333,713,533,87,200
1534,52.89655172413793,player,team_3,0.7666825652122498,979,465,1036,650,57,185
1534,52.89655172413793,player,unknown,0.7289687395095825,25,399,99,603,74,204
1534,52.89655172413793,player,team_4,0.7196609377861023,416,418,475,633,59,215
1534,52.89655172413793,player,team_3,0.704634428024292,182,315,253,512,71,197
1534,52.89655172413793,player,team_1,0.6660946607589722,736,321,801,505,65,184
1534,52.89655172413793,player,team_4,0.615868866443634,1156,442,1233,640,77,198
1534,52.89655172413793,player,team_1,0.5944854617118835,802,403,878,574,76,171
1534,52.89655172413793,player,team_1,0.5207591652870178,399,234,456,395,57,161
1535,52.93103448275862,player,team_3,0.830345094203949,181,325,268,510,87,185
1535,52.93103448275862,player,team_4,0.7870593667030334,457,291,524,485,67,194
1535,52.93103448275862,player,team_2,0.7597344517707825,629,333,710,533,81,200
1535,52.93103448275862,player,team_4,0.7214211225509644,415,417,474,634,59,217
1535,52.93103448275862,player,unknown,0.691238522529602,975,463,1027,649,52,186
1535,52.93103448275862,player,team_1,0.6726559400558472,15,392,98,607,83,215
1535,52.93103448275862,player,team_3,0.6651961803436279,801,378,878,574,77,196
1535,52.93103448275862,player,team_4,0.6291321516036987,1158,442,1234,652,76,210
1535,52.93103448275862,player,team_1,0.6052626967430115,733,320,801,501,68,181
1535,52.93103448275862,player,team_1,0.5569136738777161,399,234,458,396,59,162
1536,52.96551724137931,player,team_3,0.8219302892684937,180,319,280,508,100,189
1536,52.96551724137931,player,team_3,0.8082895874977112,457,291,523,484,66,193
1536,52.96551724137931,player,team_2,0.7576004266738892,633,334,708,533,75,199
1536,52.96551724137931,player,unknown,0.7555335760116577,23,389,94,602,71,213
1536,52.96551724137931,player,unknown,0.7218905091285706,973,462,1026,649,53,187
1536,52.96551724137931,player,team_4,0.716475784778595,414,417,473,632,59,215
1536,52.96551724137931,player,team_3,0.7062779068946838,800,375,876,574,76,199
1536,52.96551724137931,player,team_1,0.6859351992607117,734,314,804,500,70,186
1536,52.96551724137931,player,unknown,0.6063299179077148,401,236,461,396,60,160
1536,52.96551724137931,player,team_4,0.5993507504463196,1158,443,1234,638,76,195
1537,53.0,player,team_4,0.8139873147010803,456,293,523,483,67,190
1537,53.0,player,team_3,0.7812155485153198,801,375,875,573,74,198
1537,53.0,player,team_3,0.7798628211021423,24,390,94,600,70,210
1537,53.0,player,team_2,0.779157817363739,636,334,707,532,71,198
1537,53.0,player,team_3,0.7762168645858765,179,323,288,508,109,185
1537,53.0,player,team_4,0.7511885166168213,1159,442,1235,668,76,226
1537,53.0,player,team_4,0.7292201519012451,414,418,472,628,58,210
1537,53.0,player,team_4,0.6748851537704468,963,461,1027,647,64,186
1537,53.0,player,team_1,0.6166686415672302,735,310,808,500,73,190
1537,53.0,player,team_1,0.5234658122062683,405,235,463,397,58,162
1538,53.03448275862069,player,team_3,0.8365763425827026,179,323,291,506,112,183
1538,53.03448275862069,player,team_4,0.8179269433021545,457,293,524,483,67,190
1538,53.03448275862069,player,team_1,0.8115823268890381,35,389,96,601,61,212
1538,53.03448275862069,player,team_3,0.7705587148666382,801,372,874,572,73,200
1538,53.03448275862069,player,team_2,0.7381550669670105,633,332,706,531,73,199
1538,53.03448275862069,player,team_4,0.7342195510864258,945,462,1026,647,81,185
1538,53.03448275862069,player,team_4,0.7236855626106262,1160,443,1242,667,82,224
1538,53.03448275862069,player,team_4,0.7031117081642151,414,417,472,627,58,210
1538,53.03448275862069,player,team_1,0.5575263500213623,738,312,803,495,65,183
1538,53.03448275862069,player,team_1,0.553264319896698,406,237,465,395,59,158
1539,53.06896551724138,player,team_1,0.8109365105628967,45,387,102,598,57,211
1539,53.06896551724138,player,team_4,0.8061427474021912,456,293,524,482,68,189
1539,53.06896551724138,player,team_4,0.8009410500526428,635,331,704,531,69,200
1539,53.06896551724138,player,team_3,0.7930170297622681,800,372,873,571,73,199
1539,53.06896551724138,player,team_3,0.7756121158599854,179,334,292,507,113,173
1539,53.06896551724138,player,team_4,0.7488861680030823,414,416,472,629,58,213
1539,53.06896551724138,player,team_4,0.7483298778533936,1161,444,1256,663,95,219
1539,53.06896551724138,player,team_4,0.7148756384849548,929,459,1025,646,96,187
1539,53.06896551724138,player,team_1,0.6727989912033081,739,306,815,496,76,190
1539,53.06896551724138,player,team_1,0.5916878581047058,406,241,467,394,61,153
1540,53.10344827586207,player,team_4,0.8122276067733765,455,293,526,482,71,189
1540,53.10344827586207,player,unknown,0.8084166646003723,53,387,109,599,56,212
1540,53.10344827586207,player,team_3,0.802870512008667,178,311,293,507,115,196
1540,53.10344827586207,player,team_4,0.7834729552268982,634,330,703,529,69,199
1540,53.10344827586207,player,team_3,0.7703126668930054,799,372,873,571,74,199
1540,53.10344827586207,player,team_4,0.7396777272224426,1162,447,1255,665,93,218
1540,53.10344827586207,player,team_4,0.7058139443397522,413,416,471,627,58,211
1540,53.10344827586207,player,team_1,0.6805289387702942,744,309,814,495,70,186
1540,53.10344827586207,player,team_1,0.5966638326644897,407,242,470,394,63,152
1540,53.10344827586207,player,team_4,0.5395300984382629,878,363,1017,644,139,281
1541,53.13793103448276,player,team_3,0.80329430103302,183,331,293,506,110,175
1541,53.13793103448276,player,team_3,0.7941045165061951,799,372,872,571,73,199
1541,53.13793103448276,player,team_4,0.7938082814216614,452,291,525,483,73,192
1541,53.13793103448276,player,unknown,0.7831145524978638,55,387,114,599,59,212
1541,53.13793103448276,player,team_2,0.7777189016342163,633,331,702,529,69,198
1541,53.13793103448276,player,team_4,0.7520064115524292,1162,448,1252,668,90,220
1541,53.13793103448276,player,team_3,0.7284075021743774,915,464,1021,644,106,180
1541,53.13793103448276,player,team_1,0.6941176056861877,746,311,816,491,70,180
1541,53.13793103448276,player,team_4,0.6896070241928101,412,416,470,627,58,211
1542,53.172413793103445,player,team_3,0.846872866153717,188,330,293,506,105,176
1542,53.172413793103445,player,unknown,0.8340213298797607,59,387,122,600,63,213
1542,53.172413793103445,player,team_2,0.7805832624435425,450,292,523,483,73,191
1542,53.172413793103445,player,team_1,0.7628433108329773,797,374,870,570,73,196
1542,53.172413793103445,player,team_4,0.7558527588844299,627,334,702,530,75,196
1542,53.172413793103445,player,team_1,0.7390924692153931,750,306,816,488,66,182
1542,53.172413793103445,player,team_4,0.6947475671768188,1162,448,1252,669,90,221
1542,53.172413793103445,player,team_4,0.6477998495101929,411,416,469,622,58,206
1542,53.172413793103445,player,team_2,0.585601806640625,566,169,623,325,57,156
1542,53.172413793103445,player,team_3,0.5815032124519348,915,464,1019,643,104,179
1543,53.206896551724135,player,unknown,0.813094437122345,61,388,134,600,73,212
1543,53.206896551724135,player,team_3,0.7887780666351318,194,330,292,505,98,175
1543,53.206896551724135,player,team_2,0.7789689302444458,613,333,703,531,90,198
1543,53.206896551724135,player,team_2,0.7730327248573303,449,292,522,485,73,193
1543,53.206896551724135,player,team_4,0.7193705439567566,1163,449,1245,673,82,224
1543,53.206896551724135,player,team_1,0.7042734622955322,754,304,813,487,59,183
1543,53.206896551724135,player,team_4,0.6651208996772766,410,416,468,621,58,205
1543,53.206896551724135,player,team_3,0.6424472332000732,797,379,870,570,73,191
1543,53.206896551724135,player,team_2,0.5915201902389526,566,168,622,323,56,155
1543,53.206896551724135,player,team_4,0.5265403389930725,901,384,1014,642,113,258
1544,53.241379310344826,player,unknown,0.8643579483032227,59,386,152,600,93,214
1544,53.241379310344826,player,team_3,0.8234460353851318,204,321,291,504,87,183
1544,53.241379310344826,player,team_4,0.764599084854126,449,293,522,486,73,193
1544,53.241379310344826,player,team_2,0.7503831386566162,618,332,702,531,84,199
1544,53.241379310344826,player,team_2,0.723952054977417,795,386,867,568,72,182
1544,53.241379310344826,player,team_4,0.7202090620994568,912,437,1007,643,95,206
1544,53.241379310344826,player,team_4,0.6981905102729797,410,416,467,618,57,202
1544,53.241379310344826,player,team_4,0.6707003712654114,1164,452,1242,671,78,219
1544,53.241379310344826,player,team_1,0.6504191756248474,758,305,813,486,55,181
1544,53.241379310344826,player,team_1,0.6179596185684204,837,281,893,471,56,190
1544,53.241379310344826,player,team_2,0.5654404163360596,565,167,622,323,57,156
1545,53.275862068965516,player,unknown,0.8703177571296692,59,386,164,598,105,212
1545,53.275862068965516,player,team_3,0.7777178883552551,213,324,290,504,77,180
1545,53.275862068965516,player,team_4,0.7654908895492554,450,292,521,488,71,196
1545,53.275862068965516,player,team_2,0.7609915733337402,604,330,699,529,95,199
1545,53.275862068965516,player,team_4,0.7121317982673645,410,415,466,617,56,202
1545,53.275862068965516,player,team_2,0.6988766193389893,793,377,865,568,72,191
1545,53.275862068965516,player,team_4,0.663080632686615,1166,454,1237,671,71,217
1545,53.275862068965516,player,team_1,0.6414609551429749,759,301,814,488,55,187
1545,53.275862068965516,player,team_1,0.5944277048110962,838,282,893,467,55,185
1545,53.275862068965516,player,team_2,0.5345190167427063,564,163,621,323,57,160
1545,53.275862068965516,player,team_4,0.5028336644172668,884,364,1004,641,120,277
1546,53.310344827586206,player,unknown,0.8781552910804749,59,387,172,598,113,211
1546,53.310344827586206,player,team_4,0.7770633101463318,453,293,521,490,68,197
1546,53.310344827586206,player,team_2,0.7572229504585266,605,329,698,527,93,198
1546,53.310344827586206,player,team_4,0.7431191205978394,409,415,466,617,57,202
1546,53.310344827586206,player,team_3,0.734676718711853,222,313,291,504,69,191
1546,53.310344827586206,player,team_4,0.6200932860374451,1168,458,1238,673,70,215
1546,53.310344827586206,player,team_4,0.6172168850898743,880,364,996,640,116,276
1546,53.310344827586206,player,team_1,0.615461528301239,761,298,814,489,53,191
1546,53.310344827586206,player,team_2,0.5977821946144104,564,162,621,325,57,163
1546,53.310344827586206,player,team_1,0.56006920337677,839,280,891,468,52,188
1547,53.3448275862069,player,unknown,0.9038099646568298,59,386,176,598,117,212
1547,53.3448275862069,player,team_2,0.8033933043479919,600,329,696,525,96,196
1547,53.3448275862069,player,team_4,0.786731481552124,447,294,522,491,75,197
1547,53.3448275862069,player,team_4,0.7415637969970703,409,415,466,617,57,202
1547,53.3448275862069,player,team_1,0.735058605670929,234,308,292,503,58,195
1547,53.3448275862069,player,team_2,0.5907235741615295,564,162,621,325,57,163
1547,53.3448275862069,player,team_4,0.5678761601448059,1169,459,1239,673,70,214
1547,53.3448275862069,player,team_1,0.5678035020828247,761,299,814,489,53,190
1547,53.3448275862069,player,team_1,0.5536285638809204,839,280,894,462,55,182
1547,53.3448275862069,player,team_2,0.5395470261573792,792,375,862,567,70,192
1548,53.37931034482759,player,unknown,0.906557559967041,59,387,179,598,120,211
1548,53.37931034482759,player,team_2,0.8356562256813049,599,327,695,525,96,198
1548,53.37931034482759,player,team_4,0.8177481889724731,449,295,522,490,73,195
1548,53.37931034482759,player,team_1,0.7646141648292542,244,301,297,504,53,203
1548,53.37931034482759,player,team_4,0.7256231307983398,409,415,467,617,58,202
1548,53.37931034482759,player,team_2,0.5839603543281555,564,162,621,326,57,164
1548,53.37931034482759,player,team_1,0.5351199507713318,840,280,895,461,55,181
1548,53.37931034482759,player,team_2,0.5153838396072388,789,313,858,568,69,255
1549,53.41379310344828,player,unknown,0.8948619961738586,59,388,179,598,120,210
1549,53.41379310344828,player,team_4,0.8131436705589294,447,298,523,491,76,193
1549,53.41379310344828,player,team_2,0.8016180396080017,599,328,692,525,93,197
1549,53.41379310344828,player,team_4,0.7327044010162354,409,414,466,618,57,204
1549,53.41379310344828,player,team_1,0.7260949015617371,249,310,306,504,57,194
1549,53.41379310344828,player,team_2,0.6288560032844543,787,367,858,569,71,202
1549,53.41379310344828,player,team_2,0.5655877590179443,563,161,620,328,57,167
1549,53.41379310344828,player,team_4,0.5260782241821289,1169,457,1248,685,79,228
1550,53.44827586206897,player,unknown,0.8811407685279846,65,388,181,596,116,208
1550,53.44827586206897,player,team_1,0.8066819310188293,250,318,313,502,63,184
1550,53.44827586206897,player,team_4,0.7908049821853638,450,300,522,492,72,192
1550,53.44827586206897,player,team_2,0.7726503610610962,599,329,692,525,93,196
1550,53.44827586206897,player,team_4,0.740125834941864,409,414,466,617,57,203
1550,53.44827586206897,player,team_2,0.7279161810874939,782,371,856,568,74,197
1550,53.44827586206897,player,team_2,0.528191089630127,562,160,620,328,58,168
1551,53.48275862068966,player,unknown,0.8709370493888855,72,386,181,591,109,205
1551,53.48275862068966,player,team_1,0.8174242377281189,252,307,321,502,69,195
1551,53.48275862068966,player,team_2,0.7767086029052734,771,373,851,567,80,194
1551,53.48275862068966,player,team_2,0.770081639289856,598,330,693,526,95,196
1551,53.48275862068966,player,team_4,0.7698559165000916,455,303,522,492,67,189
1551,53.48275862068966,player,team_4,0.7153518795967102,408,414,466,618,58,204
1551,53.48275862068966,player,team_2,0.511513352394104,561,160,620,326,59,166
1552,53.51724137931034,player,team_3,0.8410882353782654,251,319,334,502,83,183
1552,53.51724137931034,player,team_2,0.7789807319641113,771,372,846,568,75,196
1552,53.51724137931034,player,team_4,0.7489972114562988,460,305,523,492,63,187
1552,53.51724137931034,player,team_2,0.743712842464447,599,328,692,526,93,198
1552,53.51724137931034,player,unknown,0.7355395555496216,83,386,182,588,99,202
1552,53.51724137931034,player,team_4,0.6831194162368774,408,414,467,619,59,205
1552,53.51724137931034,player,team_2,0.6204423904418945,876,441,940,634,64,193
1552,53.51724137931034,player,team_2,0.5173066854476929,560,160,619,327,59,167
1553,53.55172413793103,player,team_3,0.8707768321037292,250,318,348,502,98,184
1553,53.55172413793103,player,team_2,0.7762024998664856,774,372,843,568,69,196
1553,53.55172413793103,player,team_4,0.7594413161277771,451,302,523,494,72,192
1553,53.55172413793103,player,team_1,0.7543892860412598,864,445,939,633,75,188
1553,53.55172413793103,player,unknown,0.7455053925514221,91,384,181,588,90,204
1553,53.55172413793103,player,team_4,0.7098137736320496,408,414,464,618,56,204
1553,53.55172413793103,player,team_2,0.708639919757843,615,328,691,526,76,198
1553,53.55172413793103,player,team_2,0.5486788153648376,559,160,618,327,59,167
1554,53.58620689655172,player,team_3,0.8264074325561523,250,325,354,502,104,177
1554,53.58620689655172,player,team_4,0.7857259511947632,448,302,524,495,76,193
1554,53.58620689655172,player,team_3,0.7640098333358765,847,444,938,632,91,188
1554,53.58620689655172,player,team_2,0.7584320902824402,771,372,835,568,64,196
1554,53.58620689655172,player,team_2,0.7388271689414978,608,328,691,526,83,198
1554,53.58620689655172,player,unknown,0.7068151831626892,98,382,180,587,82,205
1554,53.58620689655172,player,team_2,0.5284030437469482,559,160,618,326,59,166
1554,53.58620689655172,player,team_4,0.5277581810951233,408,414,464,619,56,205
1555,53.62068965517241,player,team_3,0.7978255748748779,837,444,936,629,99,185
1555,53.62068965517241,player,team_3,0.7975966334342957,249,330,356,501,107,171
1555,53.62068965517241,player,team_4,0.7855178713798523,447,302,524,495,77,193
1555,53.62068965517241,player,team_3,0.781115710735321,763,370,829,566,66,196
1555,53.62068965517241,player,unknown,0.7629452347755432,103,380,180,587,77,207
1555,53.62068965517241,player,team_2,0.7335423827171326,613,324,690,526,77,202
1555,53.62068965517241,player,team_2,0.5223353505134583,558,159,617,327,59,168
1555,53.62068965517241,player,team_4,0.5163261294364929,406,414,464,620,58,206
1555,53.62068965517241,player,team_2,0.5159273743629456,1169,459,1258,682,89,223
1556,53.6551724137931,player,team_2,0.7954629063606262,445,301,523,496,78,195
1556,53.6551724137931,player,team_3,0.7909186482429504,757,370,828,565,71,195
1556,53.6551724137931,player,team_3,0.7494756579399109,251,326,354,502,103,176
1556,53.6551724137931,player,team_2,0.7472426891326904,598,327,689,526,91,199
1556,53.6551724137931,player,team_2,0.7440519332885742,831,447,932,628,101,181
1556,53.6551724137931,player,team_3,0.7393600940704346,123,381,179,586,56,205
1556,53.6551724137931,player,team_2,0.5550102591514587,1170,459,1265,688,95,229
1556,53.6551724137931,player,team_4,0.5542739629745483,349,414,464,619,115,205
1556,53.6551724137931,player,team_4,0.5317773222923279,407,413,463,619,56,206
1556,53.6551724137931,player,team_2,0.5082582831382751,557,159,616,329,59,170
1557,53.689655172413794,player,team_3,0.8214759826660156,254,317,353,501,99,184
1557,53.689655172413794,player,team_1,0.8155769109725952,829,445,930,628,101,183
1557,53.689655172413794,player,team_4,0.795307457447052,446,301,524,495,78,194
1557,53.689655172413794,player,team_3,0.7820951342582703,753,368,826,565,73,197
1557,53.689655172413794,player,team_2,0.7489042282104492,598,328,689,526,91,198
1557,53.689655172413794,player,unknown,0.7437789440155029,127,378,183,586,56,208
1557,53.689655172413794,player,team_4,0.6323069930076599,1170,460,1270,689,100,229
1557,53.689655172413794,player,team_4,0.5758591890335083,351,415,462,617,111,202
1557,53.689655172413794,player,team_2,0.5114498138427734,557,158,614,328,57,170
1558,53.724137931034484,player,team_4,0.8654720783233643,0,19,865,714,865,695
1559,53.758620689655174,player,team_4,0.7750644683837891,0,26,870,713,870,687
1560,53.793103448275865,player,team_4,0.6992817521095276,0,11,871,714,871,703
1560,53.793103448275865,class_38,,0.5304509997367859,652,535,796,717,144,182
1561,53.827586206896555,player,team_4,0.8615682125091553,0,8,873,713,873,705
1562,53.86206896551724,player,team_4,0.8846321105957031,0,6,875,714,875,708
1563,53.89655172413793,player,team_4,0.842889130115509,0,36,879,713,879,677
1564,53.93103448275862,player,team_4,0.8595663905143738,0,10,880,712,880,702
1565,53.96551724137931,player,team_4,0.8061361908912659,1,5,735,713,734,708
1565,53.96551724137931,class_38,,0.565181314945221,602,418,850,715,248,297
1566,54.0,player,team_4,0.784072995185852,0,6,881,712,881,706
1566,54.0,class_38,,0.5243381857872009,696,404,874,715,178,311
1566,54.0,player,team_4,0.5150144100189209,349,3,659,257,310,254
1567,54.03448275862069,player,team_4,0.8103591799736023,0,5,872,713,872,708
1567,54.03448275862069,player,team_2,0.5170201659202576,350,3,656,260,306,257
1568,54.06896551724138,player,team_4,0.7166858911514282,1,4,862,714,861,710
1569,54.10344827586207,player,team_4,0.6496347188949585,1,6,865,712,864,706
1570,54.13793103448276,player,team_4,0.7256016135215759,0,4,522,713,522,709
1571,54.172413793103445,player,team_4,0.7304670810699463,2,4,839,713,837,709
1572,54.206896551724135,player,unknown,0.7035317420959473,100,7,823,711,723,704
1572,54.206896551724135,class_38,,0.5273776054382324,572,429,815,714,243,285
1573,54.241379310344826,player,team_1,0.5737664699554443,93,44,806,710,713,666
1574,54.275862068965516,player,team_1,0.6350452303886414,322,67,791,710,469,643
1575,54.310344827586206,player,team_2,0.7486189603805542,250,73,770,711,520,638
1575,54.310344827586206,class_38,,0.5167374014854431,579,397,768,714,189,317
1576,54.3448275862069,player,team_2,0.6495228409767151,108,71,750,713,642,642
1576,54.3448275862069,class_38,,0.6170595288276672,584,394,752,714,168,320
1577,54.37931034482759,player,team_1,0.7732195854187012,170,87,742,712,572,625
1577,54.37931034482759,class_38,,0.5282325744628906,583,426,746,714,163,288
1578,54.41379310344828,player,team_1,0.6776028871536255,51,96,736,711,685,615
1579,54.44827586206897,player,team_1,0.7374839186668396,39,98,738,713,699,615
1579,54.44827586206897,player,team_2,0.5592843294143677,0,11,272,710,272,699
1580,54.48275862068966,player,team_1,0.6106008291244507,208,120,747,714,539,594
1580,54.48275862068966,player,team_2,0.5358306169509888,0,21,279,710,279,689
1581,54.51724137931034,player,team_1,0.7121416330337524,118,104,748,713,630,609
1581,54.51724137931034,player,team_2,0.6127208471298218,960,4,1137,327,177,323
1582,54.55172413793103,player,team_2,0.7124047875404358,140,109,757,712,617,603
1582,54.55172413793103,player,team_2,0.541541576385498,0,37,291,711,291,674
1582,54.55172413793103,player,team_4,0.5073737502098083,687,2,1160,386,473,384
1583,54.58620689655172,player,team_2,0.7027313709259033,242,108,775,711,533,603
1583,54.58620689655172,player,team_2,0.5579893589019775,745,4,1179,390,434,386
1584,54.62068965517241,player,team_2,0.809080183506012,158,97,793,711,635,614
1585,54.6551724137931,player,team_1,0.7684327960014343,143,91,825,712,682,621
1585,54.6551724137931,player,team_2,0.6151401996612549,282,3,544,269,262,266
1585,54.6551724137931,player,team_2,0.5048040151596069,847,3,1226,412,379,409
1586,54.689655172413794,player,team_1,0.8157472014427185,177,75,844,711,667,636
1586,54.689655172413794,player,team_2,0.5072410702705383,306,3,550,287,244,284
1587,54.724137931034484,player,team_1,0.7704452872276306,185,61,862,710,677,649
1588,54.758620689655174,player,team_1,0.8266738653182983,217,41,880,710,663,669
1589,54.793103448275865,player,team_1,0.85612553358078,229,24,890,712,661,688
1589,54.793103448275865,player,team_2,0.6290088295936584,846,5,1278,504,432,499
1590,54.827586206896555,player,team_1,0.776910126209259,223,5,896,713,673,708
1590,54.827586206896555,player,team_2,0.6451435685157776,0,4,374,709,374,705
1591,54.86206896551724,player,team_1,0.8270516395568848,250,5,907,709,657,704
1591,54.86206896551724,player,team_2,0.7028268575668335,0,4,396,711,396,707
1592,54.89655172413793,player,team_1,0.5840389728546143,261,4,913,713,652,709
1592,54.89655172413793,player,team_2,0.5338234901428223,0,5,420,711,420,706
1593,54.93103448275862,player,team_2,0.6815679669380188,0,3,451,710,451,707
1593,54.93103448275862,player,team_1,0.6302580237388611,293,4,928,713,635,709
1594,54.96551724137931,player,team_2,0.8297669887542725,0,8,468,711,468,703
1594,54.96551724137931,player,team_1,0.763540506362915,339,4,938,712,599,708
1594,54.96551724137931,player,team_2,0.6281684637069702,970,6,1279,611,309,605
1595,55.0,player,team_1,0.8576701283454895,384,4,945,711,561,707
1595,55.0,player,team_2,0.8272438049316406,0,14,493,711,493,697
1596,55.03448275862069,player,team_1,0.8882519602775574,0,4,511,711,511,707
1596,55.03448275862069,player,team_1,0.8821581602096558,424,4,944,712,520,708
1596,55.03448275862069,player,team_2,0.5386000275611877,1116,4,1279,415,163,411
1597,55.06896551724138,player,team_1,0.9000465273857117,5,3,540,709,535,706
1597,55.06896551724138,player,team_1,0.895935595035553,465,4,943,713,478,709
1598,55.10344827586207,player,team_1,0.9044671654701233,485,4,950,710,465,706
1598,55.10344827586207,player,team_1,0.8813167214393616,60,4,536,711,476,707
1598,55.10344827586207,player,team_4,0.5158340334892273,873,5,1201,476,328,471
1599,55.13793103448276,player,team_1,0.9258880019187927,499,3,960,711,461,708
1599,55.13793103448276,player,team_1,0.8788728713989258,87,2,570,709,483,707
1599,55.13793103448276,player,team_4,0.5898988842964172,891,4,1215,498,324,494
1600,55.172413793103445,player,team_1,0.9021345376968384,102,4,646,710,544,706
1600,55.172413793103445,player,team_1,0.8668075203895569,503,2,962,712,459,710
1600,55.172413793103445,player,team_4,0.689879834651947,914,5,1241,516,327,511
1601,55.206896551724135,player,team_1,0.8984618186950684,516,4,973,712,457,708
1601,55.206896551724135,player,team_1,0.8886568546295166,121,5,686,712,565,707
1601,55.206896551724135,player,team_4,0.5481767654418945,932,6,1260,536,328,530
1602,55.241379310344826,player,team_1,0.886413037776947,146,4,721,711,575,707
1602,55.241379310344826,player,team_1,0.8807812333106995,524,4,1000,709,476,705
1603,55.275862068965516,player,unknown,0.8725881576538086,538,3,1018,711,480,708
1603,55.275862068965516,player,team_1,0.7797872424125671,173,3,762,710,589,707
1603,55.275862068965516,player,team_4,0.6930904984474182,0,264,309,710,309,446
1604,55.310344827586206,player,unknown,0.8460997939109802,553,3,1028,709,475,706
1604,55.310344827586206,player,team_1,0.8129827976226807,190,14,814,710,624,696
1604,55.310344827586206,player,team_4,0.5378614664077759,0,283,226,708,226,425
1605,55.3448275862069,player,team_1,0.8606073260307312,218,20,845,711,627,691
1605,55.3448275862069,player,unknown,0.8147473931312561,563,4,1041,708,478,704
1605,55.3448275862069,player,team_4,0.6714209914207458,0,79,262,713,262,634
1606,55.37931034482759,player,unknown,0.7312437891960144,0,102,398,712,398,610
1606,55.37931034482759,player,unknown,0.7182672023773193,574,5,1051,709,477,704
1606,55.37931034482759,player,team_1,0.5069424510002136,277,38,881,711,604,673
1607,55.41379310344828,player,unknown,0.7950835824012756,0,106,332,714,332,608
1607,55.41379310344828,player,team_1,0.6226412057876587,323,45,908,711,585,666
1607,55.41379310344828,player,unknown,0.517848014831543,0,2,419,575,419,573
1607,55.41379310344828,player,team_2,0.5065385103225708,579,7,1061,701,482,694
1608,55.44827586206897,player,team_2,0.8794137239456177,342,9,1071,710,729,701
1608,55.44827586206897,player,unknown,0.8002651929855347,0,122,364,712,364,590
1608,55.44827586206897,player,unknown,0.648503839969635,162,2,449,641,287,639
1609,55.48275862068966,player,unknown,0.7704666256904602,183,0,463,686,280,686
1609,55.48275862068966,player,team_2,0.7139443159103394,375,74,1039,712,664,638
1609,55.48275862068966,player,unknown,0.5996521711349487,1,146,385,713,384,567
1609,55.48275862068966,player,team_4,0.5306118130683899,778,4,997,291,219,287
1610,55.51724137931034,player,team_2,0.8504472970962524,0,171,184,714,184,543
1610,55.51724137931034,player,team_2,0.8464422821998596,417,148,979,714,562,566
1610,55.51724137931034,player,unknown,0.6654088497161865,198,1,486,700,288,699
1610,55.51724137931034,player,team_4,0.5407453179359436,783,4,1008,299,225,295
1611,55.55172413793103,player,team_2,0.8790330290794373,0,193,199,715,199,522
1611,55.55172413793103,player,team_2,0.8073690533638,467,173,991,714,524,541
1611,55.55172413793103,player,unknown,0.7596883773803711,200,4,510,709,310,705
1612,55.58620689655172,player,team_2,0.888131320476532,0,211,211,714,211,503
1612,55.58620689655172,player,team_2,0.8601041436195374,500,194,983,714,483,520
1612,55.58620689655172,player,unknown,0.8378987312316895,216,3,534,710,318,707
1612,55.58620689655172,player,team_4,0.584123969078064,693,3,954,358,261,355
1613,55.62068965517241,player,team_2,0.8744747638702393,0,232,220,713,220,481
1613,55.62068965517241,player,team_2,0.8351951241493225,522,217,987,714,465,497
1613,55.62068965517241,player,team_4,0.6282280087471008,707,4,961,395,254,391
1613,55.62068965517241,player,team_2,0.5639955401420593,377,86,828,627,451,541
1614,55.6551724137931,player,team_2,0.8676626682281494,0,251,231,712,231,461
1614,55.6551724137931,player,team_2,0.8040980100631714,542,235,983,715,441,480
1614,55.6551724137931,player,team_4,0.7371991872787476,721,8,975,439,254,431
1614,55.6551724137931,player,team_2,0.6145973205566406,398,102,829,610,431,508
1615,55.689655172413794,player,team_2,0.8741528987884521,0,261,237,713,237,452
1615,55.689655172413794,player,team_4,0.7265996932983398,727,12,989,465,262,453
1615,55.689655172413794,player,team_2,0.6883853077888489,556,255,1086,715,530,460
1615,55.689655172413794,player,team_1,0.6370195746421814,44,102,405,713,361,611
1615,55.689655172413794,player,team_2,0.5095138549804688,406,120,830,648,424,528
1616,55.724137931034484,player,team_2,0.9006799459457397,0,272,245,713,245,441
1616,55.724137931034484,player,team_4,0.7322079539299011,739,25,1005,500,266,475
1616,55.724137931034484,player,team_2,0.6124270558357239,564,264,947,715,383,451
1616,55.724137931034484,player,team_1,0.5641837120056152,56,4,413,708,357,704
1616,55.724137931034484,player,team_2,0.5152540802955627,409,128,834,673,425,545
1617,55.758620689655174,player,team_2,0.9092755317687988,0,276,250,712,250,436
1617,55.758620689655174,player,team_4,0.7278417944908142,747,11,1011,510,264,499
1617,55.758620689655174,player,team_2,0.7118616104125977,576,285,941,716,365,431
1617,55.758620689655174,player,team_1,0.6452123522758484,59,4,421,710,362,706
1618,55.793103448275865,player,team_2,0.9090645909309387,0,278,257,713,257,435
1618,55.793103448275865,player,team_4,0.7949626445770264,758,36,1016,523,258,487
1618,55.793103448275865,player,team_1,0.781969428062439,73,4,428,712,355,708
1618,55.793103448275865,player,team_2,0.6857584118843079,585,295,947,715,362,420
1619,55.827586206896555,player,team_3,0.6463751792907715,978,375,1089,579,111,204
1619,55.827586206896555,player,team_3,0.6398974061012268,954,238,1021,421,67,183
1619,55.827586206896555,player,team_2,0.630572497844696,231,98,297,253,66,155
1619,55.827586206896555,player,team_3,0.595543384552002,297,296,384,491,87,195
1619,55.827586206896555,player,team_1,0.5607005953788757,298,149,371,297,73,148
1619,55.827586206896555,player,team_2,0.533406674861908,253,425,320,569,67,144
1619,55.827586206896555,player,team_3,0.5233154296875,577,214,676,382,99,168
1620,55.86206896551724,player,team_3,0.7895539999008179,653,311,706,516,53,205
1620,55.86206896551724,player,team_3,0.7118468284606934,583,221,677,386,94,165
1620,55.86206896551724,player,team_3,0.6875300407409668,281,298,391,491,110,193
1620,55.86206896551724,player,team_3,0.6274686455726624,287,148,378,303,91,155
1620,55.86206896551724,player,team_2,0.6032609939575195,236,94,296,252,60,158
1620,55.86206896551724,player,team_3,0.5998755693435669,960,369,1093,581,133,212
1621,55.89655172413793,player,team_3,0.7832964658737183,655,311,707,510,52,199
1621,55.89655172413793,player,team_3,0.7137019038200378,283,301,398,489,115,188
1621,55.89655172413793,player,team_3,0.7099810242652893,588,221,681,387,93,166
1621,55.89655172413793,player,team_1,0.6982487440109253,293,149,381,305,88,156
1622,55.93103448275862,player,team_3,0.7699799537658691,595,213,684,387,89,174
1622,55.93103448275862,player,team_3,0.7383086085319519,655,310,709,507,54,197
1622,55.93103448275862,player,team_1,0.6463608145713806,303,150,379,302,76,152
1622,55.93103448275862,player,team_2,0.6446824073791504,277,306,398,489,121,183
1622,55.93103448275862,player,team_3,0.6364785432815552,943,238,1000,381,57,143
1623,55.96551724137931,player,team_3,0.7488119006156921,600,216,687,387,87,171
1623,55.96551724137931,player,team_3,0.6785993576049805,940,236,999,373,59,137
1623,55.96551724137931,player,team_2,0.6659389734268188,281,306,397,487,116,181
1623,55.96551724137931,player,team_3,0.6324857473373413,1073,151,1188,326,115,175
1623,55.96551724137931,player,team_1,0.6076012849807739,308,152,379,301,71,149
1623,55.96551724137931,player,team_2,0.5270181894302368,196,660,254,720,58,60
1623,55.96551724137931,player,unknown,0.5078360438346863,195,460,281,635,86,175
1624,56.0,player,team_2,0.8211427330970764,277,307,397,499,120,192
1624,56.0,player,team_3,0.7596824169158936,604,212,689,387,85,175
1624,56.0,player,team_3,0.7567543387413025,933,232,998,417,65,185
1624,56.0,player,team_4,0.6517128944396973,994,386,1087,584,93,198
1624,56.0,player,team_1,0.6468672156333923,316,142,382,304,66,162
1624,56.0,player,team_4,0.5717916488647461,254,88,311,247,57,159
1624,56.0,player,team_4,0.5656425356864929,1074,148,1178,319,104,171
1625,56.03448275862069,player,team_2,0.8285942673683167,283,306,395,502,112,196
1625,56.03448275862069,player,team_3,0.7852293848991394,927,232,1014,428,87,196
1625,56.03448275862069,player,team_3,0.7821435332298279,612,215,692,386,80,171
1625,56.03448275862069,player,team_1,0.7077929973602295,323,136,378,303,55,167
1625,56.03448275862069,player,team_4,0.6343256831169128,989,385,1078,583,89,198
1625,56.03448275862069,player,team_4,0.6298645734786987,1075,141,1170,308,95,167
1625,56.03448275862069,player,team_2,0.6280199289321899,210,659,268,720,58,61
1625,56.03448275862069,player,team_4,0.5261021852493286,257,90,313,247,56,157
1626,56.06896551724138,player,team_2,0.8280699849128723,292,302,390,500,98,198
1626,56.06896551724138,player,team_3,0.79018634557724,954,386,1065,585,111,199
1626,56.06896551724138,player,team_3,0.7586820721626282,911,230,1005,420,94,190
1626,56.06896551724138,player,team_1,0.7294908165931702,327,133,379,299,52,166
1626,56.06896551724138,player,team_3,0.7239660024642944,617,215,688,386,71,171
1627,56.10344827586207,player,team_2,0.8135790824890137,299,300,384,498,85,198
1627,56.10344827586207,player,team_3,0.7927841544151306,963,383,1053,585,90,202
1627,56.10344827586207,player,team_3,0.6903108954429626,896,229,1003,420,107,191
1627,56.10344827586207,player,team_1,0.676845371723175,331,131,380,296,49,165
1627,56.10344827586207,player,team_4,0.5774528980255127,260,92,320,250,60,158
1627,56.10344827586207,player,team_2,0.5482186079025269,224,658,284,720,60,62
1627,56.10344827586207,player,team_2,0.5081474781036377,181,416,243,629,62,213
1628,56.13793103448276,player,team_2,0.815319836139679,302,292,373,502,71,210
1628,56.13793103448276,player,team_3,0.7763743996620178,972,383,1050,582,78,199
1628,56.13793103448276,player,team_1,0.7367016077041626,336,134,384,294,48,160
1628,56.13793103448276,player,unknown,0.72130286693573,632,324,744,512,112,188
1628,56.13793103448276,player,team_3,0.6920551657676697,885,228,1006,418,121,190
1628,56.13793103448276,player,team_4,0.6500953435897827,260,95,322,249,62,154
1628,56.13793103448276,player,team_2,0.522603452205658,174,418,235,620,61,202
1629,56.172413793103445,player,unknown,0.8326682448387146,635,325,748,517,113,192
1629,56.172413793103445,player,team_1,0.7863213419914246,308,293,362,501,54,208
1629,56.172413793103445,player,team_3,0.7669623494148254,971,382,1052,582,81,200
1629,56.172413793103445,player,team_4,0.6697400808334351,259,103,326,249,67,146
1629,56.172413793103445,player,team_1,0.6213343739509583,338,136,390,290,52,154
1629,56.172413793103445,player,team_3,0.5331655144691467,887,228,1012,419,125,191
1629,56.172413793103445,player,team_2,0.5253832340240479,237,654,296,720,59,66
1630,56.206896551724135,player,unknown,0.8264381289482117,640,324,750,517,110,193
1630,56.206896551724135,player,team_3,0.8027726411819458,971,384,1056,582,85,198
1630,56.206896551724135,player,team_1,0.7649597525596619,309,294,358,502,49,208
1630,56.206896551724135,player,team_2,0.6232367157936096,153,421,227,600,74,179
1630,56.206896551724135,player,team_3,0.6108027696609497,894,232,1007,418,113,186
1630,56.206896551724135,player,team_2,0.5895301103591919,244,653,303,720,59,67
1630,56.206896551724135,player,team_3,0.5479830503463745,637,214,685,386,48,172
1630,56.206896551724135,player,team_2,0.5208539366722107,264,108,331,252,67,144
1631,56.241379310344826,player,unknown,0.8730778694152832,644,325,751,516,107,191
1631,56.241379310344826,player,team_3,0.8198477625846863,962,384,1059,583,97,199
1631,56.241379310344826,player,team_1,0.7705531120300293,310,298,358,502,48,204
1631,56.241379310344826,player,team_3,0.6340151429176331,902,235,971,418,69,183
1631,56.241379310344826,player,team_2,0.6325953602790833,143,423,223,605,80,182
1631,56.241379310344826,player,team_3,0.6110830903053284,640,216,687,385,47,169
1631,56.241379310344826,player,team_2,0.588822603225708,250,655,309,720,59,65
1631,56.241379310344826,player,unknown,0.583297848701477,225,475,296,632,71,157
1631,56.241379310344826,player,team_2,0.5772635340690613,268,114,333,254,65,140
1632,56.275862068965516,player,unknown,0.8789544701576233,650,324,749,516,99,192
1632,56.275862068965516,player,team_3,0.8324447870254517,950,385,1063,583,113,198
1632,56.275862068965516,player,team_3,0.6841883063316345,904,235,965,418,61,183
1632,56.275862068965516,player,team_3,0.6658819913864136,643,215,693,384,50,169
1632,56.275862068965516,player,team_3,0.6464857459068298,300,302,360,502,60,200
1632,56.275862068965516,player,team_2,0.5509287118911743,133,426,214,605,81,179
1632,56.275862068965516,player,unknown,0.5190722346305847,229,478,298,638,69,160
1633,56.310344827586206,player,team_3,0.8636353015899658,656,323,743,515,87,192
1633,56.310344827586206,player,team_3,0.774760365486145,949,388,1064,584,115,196
1633,56.310344827586206,player,team_3,0.6877022385597229,907,239,971,417,64,178
1633,56.310344827586206,player,unknown,0.6544843316078186,233,475,299,636,66,161
1633,56.310344827586206,player,team_3,0.6012628674507141,647,223,696,383,49,160
1633,56.310344827586206,player,team_1,0.5309845209121704,347,153,403,294,56,141
1634,56.3448275862069,player,team_3,0.8674889802932739,662,323,736,515,74,192
1634,56.3448275862069,player,team_3,0.7260120511054993,954,390,1066,584,112,194
1634,56.3448275862069,player,team_3,0.7044830918312073,647,212,705,379,58,167
1634,56.3448275862069,player,team_3,0.6985582709312439,908,237,968,420,60,183
1634,56.3448275862069,player,team_2,0.649097204208374,119,429,194,598,75,169
1634,56.3448275862069,player,team_2,0.550997793674469,282,306,375,501,93,195
1634,56.3448275862069,player,unknown,0.5155306458473206,238,475,306,632,68,157
1635,56.37931034482759,player,team_3,0.7785698771476746,665,322,730,517,65,195
1635,56.37931034482759,player,team_3,0.7589681148529053,899,231,967,419,68,188
1635,56.37931034482759,player,team_2,0.6681017875671387,112,429,194,577,82,148
1635,56.37931034482759,player,team_3,0.6489549279212952,645,213,707,379,62,166
1635,56.37931034482759,player,unknown,0.5937284231185913,242,468,311,632,69,164
1635,56.37931034482759,player,team_2,0.5555510520935059,284,308,378,500,94,192
1636,56.41379310344828,player,team_3,0.8143018484115601,669,324,728,516,59,192
1636,56.41379310344828,player,team_2,0.7818282246589661,894,232,968,418,74,186
1636,56.41379310344828,player,team_2,0.6979272961616516,103,426,190,569,87,143
1636,56.41379310344828,player,unknown,0.6677554249763489,246,467,313,629,67,162
1636,56.41379310344828,player,team_2,0.6435695886611938,287,307,387,501,100,194
1636,56.41379310344828,player,team_3,0.5760817527770996,644,212,709,378,65,166
1636,56.41379310344828,player,team_1,0.5732659101486206,354,152,419,308,65,156
1636,56.41379310344828,player,team_3,0.5033751130104065,291,307,359,444,68,137
1637,56.44827586206897,player,team_1,0.8013612627983093,671,325,731,516,60,191
1637,56.44827586206897,player,team_3,0.7682057023048401,896,226,958,418,62,192
1637,56.44827586206897,player,team_3,0.7628207206726074,287,309,390,501,103,192
1637,56.44827586206897,player,unknown,0.7211688756942749,250,468,318,630,68,162
1637,56.44827586206897,player,team_3,0.6895978450775146,971,394,1052,584,81,190
1637,56.44827586206897,player,team_1,0.6626870036125183,361,151,420,308,59,157
1637,56.44827586206897,player,team_3,0.5865710377693176,642,224,710,378,68,154
1637,56.44827586206897,player,team_3,0.5766223669052124,97,421,185,610,88,189
1638,56.48275862068966,player,team_3,0.7632231116294861,672,324,736,518,64,194
1638,56.48275862068966,player,team_1,0.7618023753166199,366,150,427,306,61,156
1638,56.48275862068966,player,team_3,0.7299913763999939,887,226,962,416,75,190
1638,56.48275862068966,player,team_3,0.6396613717079163,91,418,182,638,91,220
1638,56.48275862068966,player,team_3,0.6030125617980957,298,311,375,489,77,178
1638,56.48275862068966,player,team_3,0.5949549078941345,974,396,1042,584,68,188
1638,56.48275862068966,player,unknown,0.5776042938232422,255,466,323,633,68,167
1638,56.48275862068966,player,team_3,0.5346459746360779,642,225,711,376,69,151
1639,56.51724137931034,player,team_1,0.7412959933280945,372,148,431,311,59,163
1639,56.51724137931034,player,team_3,0.7071623802185059,297,312,392,498,95,186
1639,56.51724137931034,player,team_3,0.6788666844367981,82,420,176,630,94,210
1639,56.51724137931034,player,team_3,0.6745152473449707,670,325,741,519,71,194
1639,56.51724137931034,player,team_3,0.6644566059112549,883,229,961,411,78,182
1639,56.51724137931034,player,team_3,0.6324449181556702,972,393,1033,585,61,192
1639,56.51724137931034,player,team_3,0.5921674966812134,640,222,719,376,79,154
1640,56.55172413793103,player,team_1,0.754553496837616,375,149,434,305,59,156
1640,56.55172413793103,player,unknown,0.7097919583320618,675,326,743,518,68,192
1640,56.55172413793103,player,team_2,0.6838076114654541,299,312,390,498,91,186
1640,56.55172413793103,player,team_3,0.6668912768363953,76,417,172,620,96,203
1640,56.55172413793103,player,team_3,0.6232603192329407,965,391,1022,588,57,197
1640,56.55172413793103,player,team_3,0.6178503036499023,876,233,961,409,85,176
1641,56.58620689655172,player,team_3,0.7686000466346741,875,228,960,409,85,181
1641,56.58620689655172,player,team_2,0.7404174208641052,299,311,388,499,89,188
1641,56.58620689655172,player,team_1,0.7251104116439819,380,150,440,304,60,154
1641,56.58620689655172,player,team_3,0.6287328004837036,961,391,1021,589,60,198
1641,56.58620689655172,player,team_3,0.5605902075767517,69,419,163,609,94,190
1641,56.58620689655172,player,team_3,0.5048320889472961,643,222,721,376,78,154
1641,56.58620689655172,player,unknown,0.5031800270080566,655,325,745,516,90,191
1642,56.62068965517241,player,team_3,0.7908824682235718,953,391,1026,592,73,201
1642,56.62068965517241,player,team_3,0.761772871017456,306,309,385,503,79,194
1642,56.62068965517241,player,team_3,0.7265008687973022,880,230,957,406,77,176
1642,56.62068965517241,player,team_1,0.6760298013687134,384,150,444,301,60,151
1642,56.62068965517241,player,unknown,0.5800800323486328,269,469,339,629,70,160
1642,56.62068965517241,player,team_3,0.5767317414283752,64,422,156,561,92,139
1643,56.6551724137931,player,team_3,0.8022460341453552,940,392,1031,587,91,195
1643,56.6551724137931,player,team_3,0.7517715096473694,643,218,729,376,86,158
1643,56.6551724137931,player,team_3,0.7037216424942017,59,422,150,566,91,144
1643,56.6551724137931,player,team_1,0.6979494690895081,386,148,448,301,62,153
1643,56.6551724137931,player,team_3,0.6863992810249329,309,307,375,501,66,194
1643,56.6551724137931,player,team_3,0.6510677337646484,882,228,954,406,72,178
1644,56.689655172413794,player,team_3,0.8471351265907288,927,393,1033,588,106,195
1644,56.689655172413794,player,team_3,0.7421618103981018,54,427,145,565,91,138
1644,56.689655172413794,player,team_4,0.657191812992096,883,232,943,406,60,174
1644,56.689655172413794,player,team_3,0.6481410264968872,310,306,365,496,55,190
1644,56.689655172413794,player,team_3,0.6118865013122559,647,220,729,376,82,156
1644,56.689655172413794,player,team_1,0.5893913507461548,393,149,452,297,59,148
1645,56.724137931034484,player,team_3,0.8571951985359192,918,396,1033,589,115,193
1645,56.724137931034484,player,team_2,0.7614424228668213,49,429,138,570,89,141
1645,56.724137931034484,player,team_1,0.7356634140014648,396,151,461,296,65,145
1645,56.724137931034484,player,team_3,0.6626344323158264,881,234,936,406,55,172
1645,56.724137931034484,player,team_3,0.6425820589065552,313,306,361,500,48,194
1646,56.758620689655174,player,team_3,0.8433001041412354,918,397,1034,589,116,192
1646,56.758620689655174,player,team_3,0.7150121927261353,878,236,932,407,54,171
1646,56.758620689655174,player,team_1,0.6791677474975586,399,150,466,296,67,146
1646,56.758620689655174,player,team_3,0.6589279770851135,651,219,727,376,76,157
1646,56.758620689655174,player,team_3,0.6320172548294067,46,428,131,596,85,168
1646,56.758620689655174,player,team_3,0.6219927668571472,312,305,359,477,47,172
1646,56.758620689655174,player,unknown,0.5547015070915222,635,334,746,514,111,180
1646,56.758620689655174,player,team_2,0.5519315004348755,236,657,305,720,69,63
1647,56.793103448275865,player,team_3,0.850686252117157,916,398,1033,589,117,191
1647,56.793103448275865,player,team_1,0.7899908423423767,401,151,477,295,76,144
1647,56.793103448275865,player,team_4,0.7503039836883545,872,221,927,406,55,185
1647,56.793103448275865,player,team_3,0.6271422505378723,654,217,725,376,71,159
1647,56.793103448275865,player,unknown,0.570063591003418,639,335,749,516,110,181
1647,56.793103448275865,player,team_2,0.5547431707382202,40,427,123,598,83,171
1647,56.793103448275865,player,team_4,0.5058112144470215,359,129,417,260,58,131
1648,56.827586206896555,player,team_3,0.8268009424209595,917,399,1030,588,113,189
1648,56.827586206896555,player,team_3,0.8045831322669983,867,225,926,405,59,180
1648,56.827586206896555,player,team_1,0.7646424174308777,404,150,483,296,79,146
1648,56.827586206896555,player,team_3,0.5748190879821777,657,222,725,374,68,152
1648,56.827586206896555,player,team_2,0.5425373911857605,32,425,113,595,81,170
1649,56.86206896551724,player,team_3,0.77963787317276,857,230,921,404,64,174
1649,56.86206896551724,player,team_1,0.765514075756073,408,151,491,295,83,144
1649,56.86206896551724,player,team_3,0.7569987773895264,917,399,1023,588,106,189
1649,56.86206896551724,player,team_4,0.6840017437934875,23,422,101,608,78,186
1649,56.86206896551724,player,unknown,0.5614504814147949,640,336,751,515,111,179
1650,56.89655172413793,player,team_3,0.7793241739273071,844,236,923,403,79,167
1650,56.89655172413793,player,team_1,0.7706316113471985,411,153,494,296,83,143
1650,56.89655172413793,player,team_4,0.7117149829864502,13,419,91,606,78,187
1650,56.89655172413793,player,team_3,0.6669384241104126,916,398,1012,588,96,190
1650,56.89655172413793,player,team_3,0.5381017923355103,295,309,363,498,68,189
1651,56.93103448275862,player,team_3,0.8023937940597534,834,235,922,403,88,168
1651,56.93103448275862,player,team_1,0.7997751235961914,412,153,498,296,86,143
1651,56.93103448275862,player,team_1,0.57329922914505,280,312,359,499,79,187
1652,56.96551724137931,player,team_3,0.8182154893875122,415,152,498,297,83,145
1652,56.96551724137931,player,team_3,0.7936065196990967,826,235,922,402,96,167
1652,56.96551724137931,player,unknown,0.6802553534507751,276,312,365,498,89,186
1652,56.96551724137931,player,team_3,0.6325744986534119,921,395,976,588,55,193
1652,56.96551724137931,player,team_3,0.5549516677856445,0,418,90,603,90,185
1653,57.0,player,team_1,0.8264255523681641,418,152,500,296,82,144
1653,57.0,player,team_3,0.7475741505622864,826,236,921,402,95,166
1653,57.0,player,team_3,0.6070945858955383,274,313,364,497,90,184
1653,57.0,player,team_3,0.5065691471099854,920,394,974,587,54,193
1654,57.03448275862069,player,team_3,0.8134660720825195,421,152,502,293,81,141
1654,57.03448275862069,player,team_3,0.7330134510993958,827,246,918,399,91,153
1654,57.03448275862069,player,team_1,0.6362861394882202,272,314,366,497,94,183
1654,57.03448275862069,player,team_3,0.572192370891571,913,393,965,587,52,194
1655,57.06896551724138,player,team_3,0.759358823299408,828,246,914,395,86,149
1655,57.06896551724138,player,team_1,0.7340982556343079,436,151,504,282,68,131
1655,57.06896551724138,player,team_3,0.6907212734222412,902,393,962,586,60,193
1655,57.06896551724138,player,team_3,0.6504766345024109,270,315,366,497,96,182
1656,57.10344827586207,player,team_3,0.8198190927505493,895,393,961,585,66,192
1656,57.10344827586207,player,team_3,0.724770724773407,829,229,911,393,82,164
1656,57.10344827586207,player,team_1,0.6439089179039001,440,151,506,286,66,135
1656,57.10344827586207,player,team_3,0.5164177417755127,270,316,366,495,96,179
1657,57.13793103448276,player,team_1,0.8236492276191711,433,151,509,293,76,142
1657,57.13793103448276,player,team_3,0.8135037422180176,880,393,961,584,81,191
1657,57.13793103448276,player,team_3,0.6738446354866028,828,227,905,392,77,165
1658,57.172413793103445,player,team_3,0.8511357307434082,868,396,962,584,94,188
1658,57.172413793103445,player,team_1,0.7833224534988403,437,150,510,292,73,142
1658,57.172413793103445,player,team_3,0.6208821535110474,805,224,895,393,90,169
1659,57.206896551724135,player,team_3,0.8513634204864502,857,396,963,584,106,188
1659,57.206896551724135,player,team_1,0.7297779321670532,445,146,513,293,68,147
1659,57.206896551724135,player,team_3,0.6844395995140076,830,221,889,392,59,171
1660,57.241379310344826,player,team_3,0.8490046262741089,853,398,964,584,111,186
1660,57.241379310344826,player,team_3,0.7174469232559204,830,218,887,391,57,173
1660,57.241379310344826,player,team_1,0.6984196305274963,451,146,515,292,64,146
1660,57.241379310344826,player,team_1,0.645255982875824,276,316,334,495,58,179
1660,57.241379310344826,player,unknown,0.5134398937225342,295,475,348,628,53,153
1661,57.275862068965516,player,team_3,0.8537195324897766,853,398,966,584,113,186
1661,57.275862068965516,player,team_1,0.7112634181976318,454,147,519,291,65,144
1661,57.275862068965516,player,team_1,0.705816388130188,276,315,329,502,53,187
1661,57.275862068965516,player,team_3,0.7013641595840454,828,219,888,390,60,171
1662,57.310344827586206,player,team_3,0.8437438607215881,855,399,962,583,107,184
1662,57.310344827586206,player,team_1,0.7156702876091003,280,314,328,500,48,186
1662,57.310344827586206,player,team_3,0.6955907344818115,825,218,889,390,64,172
1662,57.310344827586206,player,team_1,0.6420870423316956,455,149,522,292,67,143
1662,57.310344827586206,player,team_1,0.543495774269104,679,222,739,377,60,155
1663,57.3448275862069,player,team_3,0.8002842664718628,857,399,959,582,102,183
1663,57.3448275862069,player,team_1,0.7307865619659424,281,314,327,499,46,185
1663,57.3448275862069,player,team_2,0.6890814900398254,814,218,890,391,76,173
1663,57.3448275862069,player,team_1,0.5786789655685425,684,225,740,379,56,154
1664,57.37931034482759,player,team_1,0.7256946563720703,277,315,324,497,47,182
1664,57.37931034482759,player,team_3,0.69182950258255,859,397,954,581,95,184
1664,57.37931034482759,player,team_2,0.6864201426506042,818,218,890,389,72,171
1664,57.37931034482759,player,team_1,0.5633655786514282,466,150,527,294,61,144
1664,57.37931034482759,player,team_1,0.5138403177261353,687,228,742,382,55,154
1665,57.41379310344828,player,team_3,0.760464608669281,863,396,945,578,82,182
1665,57.41379310344828,player,team_1,0.7454872131347656,271,315,323,495,52,180
1665,57.41379310344828,player,team_3,0.69594407081604,824,218,892,386,68,168
1665,57.41379310344828,player,team_1,0.6407042741775513,688,225,746,380,58,155
1665,57.41379310344828,player,team_1,0.6370519995689392,471,151,530,294,59,143
1666,57.44827586206897,player,team_3,0.7665275931358337,866,394,936,576,70,182
1666,57.44827586206897,player,team_3,0.6971856951713562,264,316,325,495,61,179
1666,57.44827586206897,player,team_1,0.6267477869987488,689,228,749,377,60,149
1666,57.44827586206897,player,team_3,0.626583993434906,827,219,891,384,64,165
1666,57.44827586206897,player,team_3,0.6200650930404663,692,343,773,511,81,168
1666,57.44827586206897,player,team_1,0.5826801061630249,468,151,533,293,65,142
1667,57.48275862068966,player,team_3,0.7392888069152832,258,316,328,494,70,178
1667,57.48275862068966,player,team_3,0.6621391177177429,866,392,923,576,57,184
1667,57.48275862068966,player,team_1,0.5804038643836975,690,234,750,374,60,140
1667,57.48275862068966,player,team_3,0.5587303042411804,831,221,889,383,58,162
1667,57.48275862068966,player,team_1,0.5270119309425354,468,152,535,294,67,142
1668,57.51724137931034,player,team_3,0.7331469058990479,255,316,331,493,76,177
1668,57.51724137931034,player,team_1,0.6677454113960266,475,152,539,294,64,142
1668,57.51724137931034,player,team_3,0.6156876087188721,865,391,915,575,50,184
1668,57.51724137931034,player,team_1,0.5688638687133789,690,239,751,372,61,133
1668,57.51724137931034,player,team_3,0.5076594948768616,831,225,888,383,57,158
1669,57.55172413793103,player,team_3,0.7317212224006653,863,391,911,577,48,186
1669,57.55172413793103,player,team_3,0.7196795344352722,251,316,334,491,83,175
1669,57.55172413793103,player,team_1,0.700381338596344,475,152,542,294,67,142
1669,57.55172413793103,player,team_3,0.602629542350769,692,232,757,369,65,137
1669,57.55172413793103,player,team_3,0.5157692432403564,832,225,888,383,56,158
1670,57.58620689655172,player,team_3,0.8031132817268372,859,390,909,577,50,187
1670,57.58620689655172,player,team_3,0.7880550026893616,251,317,338,490,87,173
1670,57.58620689655172,player,team_1,0.6733137965202332,480,153,544,294,64,141
1670,57.58620689655172,player,team_3,0.62059485912323,831,221,891,382,60,161
1670,57.58620689655172,player,team_1,0.5317903757095337,691,238,758,368,67,130
1671,57.62068965517241,player,team_3,0.832724928855896,252,316,344,492,92,176
1671,57.62068965517241,player,team_3,0.7842605710029602,850,390,911,576,61,186
1671,57.62068965517241,player,team_1,0.7375214695930481,484,150,549,294,65,144
1671,57.62068965517241,player,team_3,0.6699179410934448,833,219,893,381,60,162
1671,57.62068965517241,player,team_3,0.5854966044425964,686,239,766,365,80,126
1672,57.6551724137931,player,team_3,0.8479836583137512,256,316,342,491,86,175
1672,57.6551724137931,player,team_3,0.754141092300415,834,390,916,576,82,186
1672,57.6551724137931,player,team_3,0.6639846563339233,830,220,895,381,65,161
1672,57.6551724137931,player,team_1,0.6423001289367676,490,152,553,295,63,143
1673,57.689655172413794,player,team_3,0.8173709511756897,260,317,345,489,85,172
1673,57.689655172413794,player,team_3,0.8060731291770935,825,390,919,574,94,184
1673,57.689655172413794,player,team_3,0.7387990355491638,828,222,897,381,69,159
1673,57.689655172413794,player,team_1,0.6845256090164185,497,151,556,296,59,145
1673,57.689655172413794,player,team_3,0.5128710865974426,681,242,766,360,85,118
1674,57.724137931034484,player,team_3,0.783681333065033,267,318,352,489,85,171
1674,57.724137931034484,player,team_3,0.7788336277008057,820,392,922,574,102,182
1674,57.724137931034484,player,team_3,0.7297050952911377,832,217,898,381,66,164
1674,57.724137931034484,player,team_1,0.6210235953330994,500,151,559,295,59,144
1674,57.724137931034484,player,team_3,0.5163721442222595,680,240,765,360,85,120
1675,57.758620689655174,player,team_3,0.824662983417511,819,392,926,574,107,182
1675,57.758620689655174,player,team_3,0.8030099272727966,269,318,354,489,85,171
1675,57.758620689655174,player,team_3,0.7620011568069458,834,219,901,382,67,163
1675,57.758620689655174,player,team_1,0.5481135249137878,509,154,565,296,56,142
1675,57.758620689655174,player,team_3,0.5215986371040344,682,240,758,356,76,116
1676,57.793103448275865,player,team_3,0.8550553917884827,822,394,931,573,109,179
1676,57.793103448275865,player,team_3,0.8297067284584045,276,317,359,488,83,171
1676,57.793103448275865,player,team_3,0.7858622670173645,839,217,907,381,68,164
1676,57.793103448275865,player,team_1,0.6493148803710938,511,155,571,296,60,141
1676,57.793103448275865,player,team_3,0.5484099984169006,688,242,753,357,65,115
1677,57.827586206896555,player,team_3,0.8425979018211365,825,395,934,573,109,178
1677,57.827586206896555,player,team_3,0.8285964131355286,281,315,365,490,84,175
1677,57.827586206896555,player,team_3,0.7407310009002686,843,216,911,382,68,166
1678,57.86206896551724,player,team_3,0.8283940553665161,831,395,937,573,106,178
1678,57.86206896551724,player,team_3,0.7303219437599182,850,211,917,383,67,172
1678,57.86206896551724,player,unknown,0.7075522541999817,288,314,370,492,82,178
1678,57.86206896551724,player,team_3,0.5897015333175659,907,190,993,349,86,159
1679,57.89655172413793,player,unknown,0.8035928010940552,294,313,377,492,83,179
1679,57.89655172413793,player,team_3,0.7096094489097595,856,209,919,381,63,172
1679,57.89655172413793,player,team_1,0.627926766872406,703,242,753,362,50,120
1679,57.89655172413793,player,team_3,0.5917505025863647,837,393,937,572,100,179
1680,57.93103448275862,player,unknown,0.789871335029602,299,312,382,491,83,179
1680,57.93103448275862,player,team_4,0.7616174817085266,861,204,925,379,64,175
1680,57.93103448275862,player,team_3,0.5828173756599426,704,233,775,369,71,136
1680,57.93103448275862,player,team_3,0.5802884697914124,735,317,793,487,58,170
1680,57.93103448275862,player,team_1,0.5778453946113586,907,183,966,346,59,163
1681,57.96551724137931,player,team_3,0.7201218605041504,297,312,351,490,54,178
1681,57.96551724137931,player,team_3,0.6867610812187195,854,391,932,570,78,179
1681,57.96551724137931,player,team_4,0.5877699851989746,869,212,927,376,58,164
1681,57.96551724137931,player,team_3,0.5474039912223816,704,229,775,369,71,140
1682,58.0,player,team_3,0.7533330321311951,856,388,930,572,74,184
1682,58.0,player,team_3,0.6113964915275574,296,313,378,490,82,177
1682,58.0,player,team_3,0.5653018355369568,873,186,972,377,99,191
1683,58.03448275862069,player,team_3,0.6734298467636108,878,182,970,377,92,195
1683,58.03448275862069,player,team_3,0.6542229056358337,295,314,368,492,73,178
1683,58.03448275862069,player,team_3,0.5557281374931335,863,388,927,571,64,183
1684,58.06896551724138,player,team_3,0.6664018034934998,297,316,408,491,111,175
1684,58.06896551724138,player,team_3,0.5587886571884155,743,328,797,483,54,155
1684,58.06896551724138,player,team_3,0.522637665271759,865,388,922,572,57,184
1685,58.10344827586207,player,team_3,0.7476680278778076,741,323,803,484,62,161
1685,58.10344827586207,player,team_3,0.6600552797317505,865,390,920,570,55,180
1685,58.10344827586207,player,team_3,0.6201784610748291,303,317,409,491,106,174
1685,58.10344827586207,player,team_3,0.5765929222106934,304,317,368,490,64,173
1685,58.10344827586207,player,team_3,0.5651000142097473,892,215,961,377,69,162
1685,58.10344827586207,player,team_3,0.5440447926521301,701,237,771,366,70,129
1686,58.13793103448276,player,team_3,0.7248785495758057,739,324,806,481,67,157
1686,58.13793103448276,player,team_1,0.6749831438064575,310,316,375,491,65,175
1686,58.13793103448276,player,team_3,0.651179850101471,702,239,755,363,53,124
1686,58.13793103448276,player,team_3,0.5953131318092346,866,387,920,572,54,185
1687,58.172413793103445,player,team_1,0.7388763427734375,315,316,382,491,67,175
1687,58.172413793103445,player,team_3,0.7388480305671692,735,324,808,473,73,149
1687,58.172413793103445,player,team_1,0.6921408176422119,704,242,756,359,52,117
1687,58.172413793103445,player,team_3,0.6329917311668396,872,390,923,572,51,182
1687,58.172413793103445,player,team_3,0.6104274988174438,907,222,975,378,68,156
1688,58.206896551724135,player,team_3,0.7960548400878906,857,389,928,571,71,182
1688,58.206896551724135,player,team_1,0.7548398971557617,322,316,386,489,64,173
1688,58.206896551724135,player,team_3,0.749383270740509,734,324,817,483,83,159
1688,58.206896551724135,player,team_1,0.6536664366722107,704,242,753,366,49,124
1689,58.241379310344826,player,team_3,0.794467568397522,861,388,934,571,73,183
1689,58.241379310344826,player,team_1,0.7582519054412842,328,315,391,489,63,174
1689,58.241379310344826,player,team_3,0.7010695338249207,731,323,816,473,85,150
1689,58.241379310344826,player,team_3,0.5324909687042236,699,237,782,377,83,140
1689,58.241379310344826,player,team_3,0.5080148577690125,918,236,988,380,70,144
1690,58.275862068965516,player,team_3,0.780354917049408,852,390,941,573,89,183
1690,58.275862068965516,player,team_3,0.7774913907051086,334,315,396,490,62,175
1690,58.275862068965516,player,team_3,0.5633342266082764,925,236,996,380,71,144
1690,58.275862068965516,player,team_3,0.559863269329071,731,323,836,483,105,160
1690,58.275862068965516,player,team_3,0.5133858919143677,691,238,763,392,72,154
1691,58.310344827586206,player,team_3,0.8271359801292419,861,390,948,573,87,183
1691,58.310344827586206,player,team_1,0.7475706934928894,342,312,400,491,58,179
1691,58.310344827586206,player,team_3,0.6545241475105286,728,321,842,485,114,164
1692,58.3448275862069,player,team_3,0.8201169371604919,863,390,953,572,90,182
1692,58.3448275862069,player,team_3,0.7279508113861084,348,311,405,491,57,180
1692,58.3448275862069,player,team_3,0.6984732151031494,733,319,847,484,114,165
1693,58.37931034482759,player,team_3,0.7309914827346802,869,391,957,572,88,181
1693,58.37931034482759,player,team_1,0.7291457653045654,353,311,410,486,57,175
1693,58.37931034482759,player,team_3,0.5165275931358337,736,318,849,483,113,165
1694,58.41379310344828,player,team_3,0.7322472333908081,872,389,960,569,88,180
1694,58.41379310344828,player,team_1,0.7237107753753662,356,310,418,489,62,179
1694,58.41379310344828,player,team_3,0.6852141618728638,940,246,1022,381,82,135
1695,58.44827586206897,player,team_3,0.7792267203330994,938,245,1029,381,91,136
1695,58.44827586206897,player,team_1,0.7707058787345886,359,309,421,488,62,179
1695,58.44827586206897,player,team_3,0.6360206007957458,749,311,843,481,94,170
1695,58.44827586206897,player,team_3,0.5641502737998962,878,386,964,567,86,181
1696,58.48275862068966,player,team_3,0.7902291417121887,755,310,833,481,78,171
1696,58.48275862068966,player,team_1,0.786060631275177,359,308,424,487,65,179
1696,58.48275862068966,player,team_3,0.7499893307685852,886,387,965,566,79,179
1697,58.51724137931034,player,team_1,0.7867992520332336,362,308,428,490,66,182
1697,58.51724137931034,player,team_3,0.7252525091171265,886,388,964,566,78,178
1697,58.51724137931034,player,team_3,0.7162389755249023,949,241,1040,384,91,143
1697,58.51724137931034,player,team_3,0.6833304166793823,749,307,825,481,76,174
1698,58.55172413793103,player,team_1,0.803175151348114,363,308,432,489,69,181
1698,58.55172413793103,player,team_3,0.7753214240074158,890,387,962,566,72,179
1698,58.55172413793103,player,team_3,0.7454133629798889,752,303,821,477,69,174
1698,58.55172413793103,class_32,,0.6768681406974792,622,283,639,311,17,28
1698,58.55172413793103,player,team_3,0.6438868045806885,955,246,1045,382,90,136
1699,58.58620689655172,player,team_3,0.788805365562439,895,388,960,564,65,176
1699,58.58620689655172,player,team_1,0.7874394059181213,367,308,436,491,69,183
1699,58.58620689655172,player,team_1,0.7223569750785828,755,306,808,478,53,172
1699,58.58620689655172,player,team_3,0.6680224537849426,961,248,1051,384,90,136
1699,58.58620689655172,player,team_3,0.5448145270347595,796,207,871,361,75,154
1700,58.62068965517241,player,team_1,0.7828295230865479,371,307,438,491,67,184
1700,58.62068965517241,player,team_4,0.7017321586608887,905,388,964,564,59,176
1700,58.62068965517241,player,team_3,0.6940155625343323,963,244,1054,385,91,141
1700,58.62068965517241,player,team_1,0.6597329378128052,753,308,804,475,51,167
1700,58.62068965517241,player,team_3,0.6106554269790649,796,207,866,361,70,154
1701,58.6551724137931,player,team_1,0.7802825570106506,376,309,443,490,67,181
1701,58.6551724137931,player,team_4,0.7253449559211731,909,386,965,565,56,179
1701,58.6551724137931,player,team_1,0.6963857412338257,750,305,803,474,53,169
1701,58.6551724137931,player,team_3,0.559026300907135,800,210,867,361,67,151
1701,58.6551724137931,player,team_3,0.5375867486000061,968,247,1058,381,90,134
1702,58.689655172413794,player,team_3,0.7860352993011475,912,387,967,568,55,181
1702,58.689655172413794,player,team_1,0.7763800621032715,382,308,449,488,67,180
1702,58.689655172413794,player,team_3,0.5635906457901001,797,211,864,356,67,145
1702,58.689655172413794,player,team_3,0.5229580998420715,978,249,1063,385,85,136
1702,58.689655172413794,player,team_1,0.5107664465904236,744,304,803,475,59,171
1703,58.724137931034484,player,team_3,0.7878331542015076,912,387,969,568,57,181
1703,58.724137931034484,player,team_1,0.7750784754753113,385,309,451,489,66,180
1703,58.724137931034484,player,team_2,0.6420103907585144,784,205,866,354,82,149
1703,58.724137931034484,player,team_3,0.517768144607544,979,247,1066,388,87,141
1704,58.758620689655174,player,team_3,0.7960551381111145,911,387,972,567,61,180
1704,58.758620689655174,player,team_1,0.7905835509300232,391,307,455,489,64,182
1704,58.758620689655174,player,team_3,0.5615800023078918,786,204,866,355,80,151
1705,58.793103448275865,player,team_3,0.8101979494094849,903,387,975,568,72,181
1705,58.793103448275865,player,team_1,0.7940987348556519,394,309,458,489,64,180
1705,58.793103448275865,player,team_1,0.5665223598480225,746,314,803,478,57,164
1705,58.793103448275865,player,team_3,0.5635294914245605,792,195,865,350,73,155
1705,58.793103448275865,player,team_3,0.5350073575973511,993,252,1070,385,77,133
1706,58.827586206896555,player,team_1,0.7994526028633118,396,308,461,487,65,179
1706,58.827586206896555,player,team_3,0.7853729128837585,898,387,975,567,77,180
1706,58.827586206896555,player,team_3,0.6046971678733826,996,252,1071,393,75,141
1707,58.86206896551724,player,team_1,0.7981814742088318,400,307,464,487,64,180
1707,58.86206896551724,player,team_3,0.7873161435127258,897,387,978,568,81,181
1707,58.86206896551724,player,team_3,0.5972591042518616,998,252,1073,392,75,140
1707,58.86206896551724,player,team_2,0.5081700682640076,796,188,844,321,48,133
1708,58.89655172413793,player,team_1,0.811231255531311,404,305,466,485,62,180
1708,58.89655172413793,player,team_3,0.7959450483322144,901,387,979,569,78,182
1708,58.89655172413793,player,team_2,0.6673113107681274,708,328,813,479,105,151
1708,58.89655172413793,player,team_3,0.5501362085342407,1006,250,1074,384,68,134
1708,58.89655172413793,player,team_4,0.5128684043884277,216,386,278,568,62,182
1709,58.93103448275862,player,team_3,0.8150815963745117,903,388,981,568,78,180
1709,58.93103448275862,player,team_1,0.7851702570915222,407,304,469,482,62,178
1709,58.93103448275862,player,team_3,0.6559898257255554,711,319,820,480,109,161
1709,58.93103448275862,player,team_4,0.6325287818908691,222,384,283,565,61,181
1709,58.93103448275862,player,team_3,0.553026556968689,1011,256,1076,382,65,126
1710,58.96551724137931,player,team_3,0.842438817024231,904,387,981,567,77,180
1710,58.96551724137931,player,team_1,0.7681135535240173,410,303,471,481,61,178
1710,58.96551724137931,player,team_4,0.7101588845252991,229,379,289,558,60,179
1710,58.96551724137931,player,team_3,0.637442946434021,1008,253,1076,392,68,139
1710,58.96551724137931,player,team_1,0.6304993033409119,713,327,816,480,103,153
1711,59.0,player,team_3,0.8368242979049683,906,388,981,565,75,177
1711,59.0,player,team_1,0.758747398853302,413,303,473,480,60,177
1711,59.0,player,team_1,0.6339324116706848,714,327,820,481,106,154
1711,59.0,player,team_3,0.6296659111976624,1011,249,1077,391,66,142
1711,59.0,player,team_4,0.574807345867157,232,376,298,549,66,173
1712,59.03448275862069,player,team_3,0.8371195197105408,909,387,981,563,72,176
1712,59.03448275862069,player,team_1,0.769984245300293,415,302,473,478,58,176
1712,59.03448275862069,player,team_4,0.749832034111023,232,374,308,553,76,179
1712,59.03448275862069,player,team_1,0.7317267060279846,717,318,807,481,90,163
1712,59.03448275862069,player,team_3,0.6440581679344177,1013,250,1082,392,69,142
1713,59.06896551724138,player,team_3,0.8477520942687988,910,387,980,562,70,175
1713,59.06896551724138,player,team_4,0.8159175515174866,237,372,317,555,80,183
1713,59.06896551724138,player,team_1,0.7618787288665771,416,302,475,477,59,175
1713,59.06896551724138,player,team_1,0.7567687630653381,719,313,804,481,85,168
1713,59.06896551724138,player,team_3,0.643117368221283,1012,257,1084,392,72,135
1714,59.10344827586207,player,team_3,0.8427024483680725,913,387,979,560,66,173
1714,59.10344827586207,player,team_4,0.7720881700515747,241,373,322,554,81,181
1714,59.10344827586207,player,team_1,0.7675600051879883,419,304,477,475,58,171
1714,59.10344827586207,player,team_1,0.737855076789856,721,311,805,480,84,169
1714,59.10344827586207,player,team_3,0.5845686793327332,1015,258,1085,390,70,132
1715,59.13793103448276,player,team_4,0.7933506965637207,913,385,979,559,66,174
1715,59.13793103448276,player,team_1,0.7810536026954651,419,304,479,475,60,171
1715,59.13793103448276,player,team_4,0.7353952527046204,242,374,326,535,84,161
1715,59.13793103448276,player,team_1,0.733105480670929,722,309,806,479,84,170
1715,59.13793103448276,player,team_3,0.650762140750885,1015,254,1087,390,72,136
1716,59.172413793103445,player,team_4,0.8077316284179688,913,383,979,559,66,176
1716,59.172413793103445,player,team_1,0.7822101712226868,419,302,481,475,62,173
1716,59.172413793103445,player,team_3,0.7762053608894348,721,307,806,479,85,172
1716,59.172413793103445,player,team_4,0.7366718649864197,245,375,329,527,84,152
1716,59.172413793103445,player,team_3,0.5908212065696716,1024,255,1087,387,63,132
1717,59.206896551724135,player,team_1,0.7992590069770813,422,302,482,475,60,173
1717,59.206896551724135,player,team_3,0.7919820547103882,910,383,978,559,68,176
1717,59.206896551724135,player,team_3,0.7382137775421143,721,306,808,478,87,172
1717,59.206896551724135,player,team_4,0.6955235600471497,244,376,328,527,84,151
1717,59.206896551724135,player,team_3,0.5846426486968994,1019,255,1088,391,69,136
1718,59.241379310344826,player,team_1,0.7969372272491455,424,302,483,474,59,172
1718,59.241379310344826,player,team_3,0.7945006489753723,907,382,977,558,70,176
1718,59.241379310344826,player,team_3,0.6681485176086426,720,308,815,479,95,171
1718,59.241379310344826,player,team_3,0.619876503944397,1023,250,1089,392,66,142
1719,59.275862068965516,player,team_1,0.785814106464386,425,301,483,474,58,173
1719,59.275862068965516,player,team_3,0.7679551839828491,902,381,975,560,73,179
1719,59.275862068965516,player,team_3,0.7129696607589722,720,307,823,480,103,173
1719,59.275862068965516,player,team_3,0.6220529675483704,1033,245,1089,387,56,142
1719,59.275862068965516,player,team_3,0.5369095206260681,618,226,696,349,78,123
1719,59.275862068965516,player,team_4,0.5217245221138,248,376,327,526,79,150
1720,59.310344827586206,player,team_3,0.7829689979553223,901,381,971,558,70,177
1720,59.310344827586206,player,team_3,0.7728738784790039,721,313,824,481,103,168
1720,59.310344827586206,player,team_1,0.7685852646827698,425,301,483,473,58,172
1720,59.310344827586206,player,team_4,0.5742632746696472,1036,251,1090,376,54,125
1720,59.310344827586206,player,team_4,0.5645211338996887,253,374,330,524,77,150
1721,59.3448275862069,player,team_3,0.8107820153236389,719,315,825,481,106,166
1721,59.3448275862069,player,team_3,0.778160810470581,896,381,968,558,72,177
1721,59.3448275862069,player,team_1,0.7656347155570984,427,300,482,472,55,172
1721,59.3448275862069,player,team_4,0.673140287399292,259,372,327,524,68,152
1721,59.3448275862069,player,team_3,0.637617826461792,1036,241,1089,386,53,145
1721,59.3448275862069,player,team_1,0.5004007816314697,671,204,737,345,66,141
1722,59.37931034482759,player,team_3,0.811306893825531,716,316,826,481,110,165
1722,59.37931034482759,player,team_1,0.7473422288894653,427,300,481,472,54,172
1722,59.37931034482759,player,team_4,0.7459465861320496,899,381,966,558,67,177
1722,59.37931034482759,player,team_4,0.6563097238540649,261,370,330,522,69,152
1722,59.37931034482759,player,team_4,0.6449806094169617,1036,245,1089,388,53,143
1723,59.41379310344828,player,team_3,0.7691779136657715,715,317,825,483,110,166
1723,59.41379310344828,player,team_4,0.7688480615615845,263,368,334,521,71,153
1723,59.41379310344828,player,team_1,0.7407982349395752,427,300,481,472,54,172
1723,59.41379310344828,player,team_3,0.726999044418335,896,381,966,557,70,176
1723,59.41379310344828,player,team_4,0.6514156460762024,1034,244,1089,389,55,145
1724,59.44827586206897,player,team_4,0.7823219299316406,262,366,324,519,62,153
1724,59.44827586206897,player,team_3,0.7644850015640259,713,316,823,483,110,167
1724,59.44827586206897,player,team_1,0.7480123043060303,427,298,480,473,53,175
1724,59.44827586206897,player,team_3,0.7391853332519531,890,380,966,556,76,176
1724,59.44827586206897,player,team_3,0.6665634512901306,1033,240,1088,394,55,154
1725,59.48275862068966,player,team_4,0.7879719734191895,258,366,320,519,62,153
1725,59.48275862068966,player,team_4,0.773565948009491,889,380,965,554,76,174
1725,59.48275862068966,player,team_1,0.6801438331604004,427,297,478,471,51,174
1725,59.48275862068966,player,team_3,0.6565896272659302,1032,239,1089,395,57,156
1725,59.48275862068966,player,team_3,0.6482121348381042,713,315,823,483,110,168
1725,59.48275862068966,player,team_2,0.5325618982315063,844,151,893,276,49,125
1726,59.51724137931034,player,team_4,0.803743302822113,889,380,964,552,75,172
1726,59.51724137931034,player,team_4,0.7857643365859985,256,365,318,519,62,154
1726,59.51724137931034,player,team_1,0.6655962467193604,427,297,476,472,49,175
1726,59.51724137931034,player,team_3,0.6409477591514587,1032,235,1090,395,58,160
1726,59.51724137931034,player,team_2,0.5492871403694153,847,151,903,280,56,129
1727,59.55172413793103,player,team_4,0.7764201164245605,254,363,316,519,62,156
1727,59.55172413793103,player,team_3,0.7502653002738953,712,313,820,484,108,171
1727,59.55172413793103,player,team_4,0.7463509440422058,889,380,957,551,68,171
1727,59.55172413793103,player,team_1,0.7052997350692749,427,298,474,473,47,175
1727,59.55172413793103,player,team_3,0.6374326944351196,1031,237,1089,394,58,157
1727,59.55172413793103,player,team_2,0.5265703201293945,851,154,910,277,59,123
1728,59.58620689655172,player,team_4,0.7412296533584595,249,360,315,519,66,159
1728,59.58620689655172,player,team_4,0.7399313449859619,886,378,951,552,65,174
1728,59.58620689655172,player,team_3,0.6845158934593201,712,312,818,487,106,175
1728,59.58620689655172,player,team_1,0.6751052141189575,426,299,474,473,48,174
1728,59.58620689655172,player,team_3,0.6282946467399597,610,193,709,354,99,161
1728,59.58620689655172,player,team_3,0.5601778030395508,1032,239,1086,395,54,156
1729,59.62068965517241,player,team_4,0.7684022784233093,882,377,947,551,65,174
1729,59.62068965517241,player,team_4,0.7398205995559692,246,361,315,519,69,158
1729,59.62068965517241,player,team_3,0.6973119378089905,425,299,472,473,47,174
1729,59.62068965517241,player,team_3,0.6202506422996521,1031,231,1086,395,55,164
1729,59.62068965517241,player,team_3,0.5159485936164856,714,310,818,486,104,176
1730,59.6551724137931,player,team_4,0.8121798634529114,879,377,949,551,70,174
1730,59.6551724137931,player,team_4,0.739307165145874,242,359,318,518,76,159
1730,59.6551724137931,player,team_1,0.7152650356292725,423,298,470,473,47,175
1730,59.6551724137931,player,team_3,0.7008367776870728,753,310,817,486,64,176
1730,59.6551724137931,player,team_3,0.6200243234634399,1029,235,1087,396,58,161
1731,59.689655172413794,player,team_4,0.8017523288726807,872,378,952,551,80,173
1731,59.689655172413794,player,team_4,0.7724394798278809,240,358,320,519,80,161
1731,59.689655172413794,player,team_3,0.7030049562454224,422,297,469,474,47,177
1731,59.689655172413794,player,team_3,0.5978941321372986,719,309,817,485,98,176
1731,59.689655172413794,player,team_3,0.5969148278236389,1030,232,1086,396,56,164
1731,59.689655172413794,player,team_4,0.5479919910430908,808,187,915,313,107,126
1732,59.724137931034484,player,team_3,0.7869296073913574,866,378,950,551,84,173
1732,59.724137931034484,player,team_4,0.7718308568000793,239,358,320,519,81,161
1732,59.724137931034484,player,team_3,0.7345046401023865,420,297,468,472,48,175
1732,59.724137931034484,player,team_3,0.6682982444763184,1030,230,1088,397,58,167
1732,59.724137931034484,player,team_1,0.6374844908714294,751,309,816,486,65,177
1733,59.758620689655174,player,team_3,0.7593652606010437,860,377,946,553,86,176
1733,59.758620689655174,player,team_3,0.7507511973381042,750,310,813,485,63,175
1733,59.758620689655174,player,team_3,0.7432857751846313,419,297,467,472,48,175
1733,59.758620689655174,player,team_4,0.7188959121704102,237,358,320,520,83,162
1733,59.758620689655174,player,team_3,0.5518203973770142,1032,231,1089,396,57,165
1733,59.758620689655174,player,unknown,0.5106561183929443,515,467,579,615,64,148
1734,59.793103448275865,player,team_3,0.759880781173706,854,377,939,552,85,175
1734,59.793103448275865,player,team_3,0.7522509694099426,418,296,466,472,48,176
1734,59.793103448275865,player,team_3,0.7141668200492859,745,311,814,485,69,174
1734,59.793103448275865,player,team_3,0.5580635666847229,1027,230,1089,395,62,165
1734,59.793103448275865,player,team_4,0.5309551954269409,235,357,313,521,78,164
1735,59.827586206896555,player,team_3,0.774570882320404,851,378,941,552,90,174
1735,59.827586206896555,player,team_3,0.7424441576004028,417,295,466,471,49,176
1735,59.827586206896555,player,team_3,0.6657444834709167,744,313,814,487,70,174
1735,59.827586206896555,player,team_3,0.546334445476532,1025,236,1091,397,66,161
1735,59.827586206896555,player,team_4,0.5163037180900574,234,358,308,524,74,166
1735,59.827586206896555,player,team_1,0.5037423968315125,611,180,661,325,50,145
1736,59.86206896551724,player,team_3,0.8085927367210388,847,380,937,552,90,172
1736,59.86206896551724,player,team_3,0.7272767424583435,415,295,465,472,50,177
1736,59.86206896551724,player,team_3,0.6168407797813416,747,317,813,486,66,169
1736,59.86206896551724,player,team_4,0.5252525806427002,234,359,303,525,69,166
1737,59.89655172413793,player,team_3,0.7850756645202637,841,383,932,553,91,170
1737,59.89655172413793,player,team_3,0.6858077049255371,415,293,465,471,50,178
1737,59.89655172413793,player,team_1,0.608491837978363,605,180,651,323,46,143
1737,59.89655172413793,player,team_3,0.6030765771865845,741,318,816,490,75,172
1737,59.89655172413793,player,team_4,0.5054783821105957,229,360,301,530,72,170
1738,59.93103448275862,player,team_3,0.7442627549171448,840,382,930,553,90,171
1738,59.93103448275862,player,team_3,0.7109532952308655,414,293,464,472,50,179
1738,59.93103448275862,player,team_1,0.6563996076583862,600,175,648,323,48,148
1738,59.93103448275862,player,team_4,0.6555889248847961,224,362,297,531,73,169
1738,59.93103448275862,player,team_3,0.5392377376556396,740,321,811,489,71,168
1739,59.96551724137931,player,team_3,0.7876188158988953,838,382,928,558,90,176
1739,59.96551724137931,player,team_4,0.7377665042877197,223,364,295,532,72,168
1739,59.96551724137931,player,team_3,0.7019989490509033,412,294,463,472,51,178
1739,59.96551724137931,player,team_1,0.6754432916641235,596,170,645,322,49,152
1739,59.96551724137931,player,team_3,0.6089376211166382,697,235,763,352,66,117
1740,60.0,player,team_4,0.7197431921958923,223,368,291,534,68,166
1740,60.0,player,team_3,0.7067130208015442,410,295,462,472,52,177
1740,60.0,player,team_3,0.7006692290306091,835,384,925,559,90,175
1740,60.0,player,team_1,0.6878297328948975,593,169,641,320,48,151
1741,60.03448275862069,player,team_3,0.8032819032669067,834,384,925,563,91,179
1741,60.03448275862069,player,team_3,0.7137462496757507,408,296,462,472,54,176
1741,60.03448275862069,player,team_4,0.6853411793708801,222,367,294,537,72,170
1741,60.03448275862069,player,team_1,0.5627335906028748,591,170,640,320,49,150
1742,60.06896551724138,player,team_3,0.8111873865127563,831,384,922,566,91,182
1742,60.06896551724138,player,team_3,0.7223340272903442,409,297,462,473,53,176
1742,60.06896551724138,player,team_2,0.7026746869087219,218,367,298,539,80,172
1742,60.06896551724138,player,team_1,0.6487956047058105,588,159,643,319,55,160
1742,60.06896551724138,player,team_3,0.612170934677124,996,244,1090,410,94,166
1743,60.10344827586207,player,team_3,0.8246234059333801,830,381,920,565,90,184
1743,60.10344827586207,player,team_3,0.729160726070404,408,297,461,474,53,177
1743,60.10344827586207,player,team_2,0.7009798884391785,218,368,298,538,80,170
1743,60.10344827586207,player,team_1,0.6272754073143005,587,157,638,317,51,160
1743,60.10344827586207,player,team_3,0.6098126769065857,1014,244,1089,410,75,166
1743,60.10344827586207,player,team_3,0.6064411997795105,708,237,777,350,69,113
1743,60.10344827586207,player,unknown,0.5058636665344238,767,323,810,495,43,172
1744,60.13793103448276,player,team_3,0.7937620282173157,827,381,919,565,92,184
1744,60.13793103448276,player,team_3,0.7279441952705383,408,297,460,475,52,178
1744,60.13793103448276,player,team_3,0.6646264791488647,219,368,300,538,81,170
1744,60.13793103448276,player,team_1,0.5954190492630005,769,324,810,495,41,171
1744,60.13793103448276,player,team_3,0.5726833939552307,1022,244,1088,410,66,166
1744,60.13793103448276,player,team_1,0.5637587308883667,586,160,635,316,49,156
1745,60.172413793103445,player,team_4,0.817891001701355,821,382,917,564,96,182
1745,60.172413793103445,player,team_3,0.7255505919456482,409,297,460,474,51,177
1745,60.172413793103445,player,team_3,0.725178599357605,1010,244,1088,410,78,166
1745,60.172413793103445,player,team_1,0.5711274147033691,763,324,811,494,48,170
1745,60.172413793103445,player,team_1,0.5462208986282349,586,160,628,316,42,156
1745,60.172413793103445,player,team_2,0.5444318652153015,220,368,299,538,79,170
1746,60.206896551724135,player,team_4,0.8021466135978699,817,382,914,565,97,183
1746,60.206896551724135,player,team_3,0.7163360714912415,409,297,461,474,52,177
1746,60.206896551724135,player,team_1,0.6322019696235657,765,324,819,496,54,172
1746,60.206896551724135,player,team_2,0.5474784970283508,219,366,295,538,76,172
1747,60.241379310344826,player,team_4,0.7397615909576416,828,380,911,563,83,183
1747,60.241379310344826,player,team_3,0.7100193500518799,409,296,461,474,52,178
1747,60.241379310344826,player,team_1,0.6462939381599426,768,326,823,496,55,170
1747,60.241379310344826,player,team_4,0.5658569931983948,218,366,286,536,68,170
1747,60.241379310344826,player,team_4,0.5175838470458984,1040,252,1092,408,52,156
1748,60.275862068965516,player,team_4,0.7391323447227478,826,379,908,561,82,182
1748,60.275862068965516,player,team_3,0.6756784319877625,409,296,462,473,53,177
1748,60.275862068965516,player,team_3,0.6228678822517395,1018,247,1090,408,72,161
1748,60.275862068965516,player,team_4,0.6085724830627441,215,366,287,536,72,170
1748,60.275862068965516,player,team_1,0.5620015859603882,768,330,829,495,61,165
1749,60.310344827586206,player,team_3,0.7421114444732666,1009,249,1090,408,81,159
1749,60.310344827586206,player,team_4,0.7300518155097961,823,377,907,559,84,182
1749,60.310344827586206,player,team_3,0.7016565203666687,410,296,461,472,51,176
1749,60.310344827586206,player,team_4,0.6853777170181274,212,366,281,539,69,173
1749,60.310344827586206,player,team_1,0.6782342195510864,771,332,831,497,60,165
1749,60.310344827586206,player,team_3,0.5667744278907776,771,231,826,353,55,122
1750,60.3448275862069,player,team_4,0.7396351099014282,211,367,278,541,67,174
1750,60.3448275862069,player,team_2,0.7065380811691284,1026,251,1090,409,64,158
1750,60.3448275862069,player,team_4,0.7031526565551758,826,378,903,560,77,182
1750,60.3448275862069,player,team_1,0.6759071946144104,772,335,834,496,62,161
1750,60.3448275862069,player,team_3,0.666368305683136,409,295,462,471,53,176
1751,60.37931034482759,player,team_1,0.7280919551849365,773,340,837,495,64,155
1751,60.37931034482759,player,team_4,0.7080850005149841,828,375,901,557,73,182
1751,60.37931034482759,player,team_3,0.7072067260742188,1020,251,1090,407,70,156
1751,60.37931034482759,player,team_2,0.7058894634246826,211,368,273,540,62,172
1751,60.37931034482759,player,team_3,0.6872723698616028,408,295,462,471,54,176
1751,60.37931034482759,player,team_3,0.520950436592102,785,238,840,360,55,122
1752,60.41379310344828,player,team_3,0.7460735440254211,1021,252,1087,405,66,153
1752,60.41379310344828,player,team_4,0.7388540506362915,827,374,899,558,72,184
1752,60.41379310344828,player,team_3,0.7238174676895142,406,294,462,471,56,177
1752,60.41379310344828,player,team_1,0.6752931475639343,773,341,837,493,64,152
1752,60.41379310344828,player,team_2,0.5818861722946167,204,367,270,543,66,176
1753,60.44827586206897,player,team_3,0.7654451131820679,1018,245,1085,404,67,159
1753,60.44827586206897,player,team_4,0.7503048181533813,827,373,899,557,72,184
1753,60.44827586206897,player,team_1,0.6773133873939514,773,340,838,493,65,153
1753,60.44827586206897,player,team_3,0.6558611989021301,407,295,462,470,55,175
1753,60.44827586206897,player,team_4,0.5799409747123718,202,368,268,541,66,173
1753,60.44827586206897,player,team_1,0.5217585563659668,581,139,621,296,40,157
1754,60.48275862068966,player,team_4,0.727567195892334,827,371,898,556,71,185
1754,60.48275862068966,player,team_3,0.6817463636398315,1024,239,1085,404,61,165
1754,60.48275862068966,player,team_1,0.644363522529602,775,341,837,494,62,153
1754,60.48275862068966,player,team_3,0.5445696115493774,408,293,463,469,55,176
1755,60.51724137931034,player,team_4,0.7163215279579163,827,370,898,556,71,186
1755,60.51724137931034,player,team_3,0.7086262702941895,1022,238,1084,403,62,165
1755,60.51724137931034,player,team_1,0.5914589762687683,775,340,832,493,57,153
1756,60.55172413793103,player,team_4,0.6955946683883667,826,370,899,555,73,185
1756,60.55172413793103,player,team_4,0.6920437216758728,1022,232,1082,402,60,170
1756,60.55172413793103,player,team_1,0.6442884802818298,772,337,830,493,58,156
1756,60.55172413793103,player,team_3,0.507215678691864,413,293,462,468,49,175
1757,60.58620689655172,player,team_4,0.6989725232124329,827,371,899,554,72,183
1757,60.58620689655172,player,team_4,0.6287221312522888,1024,231,1082,400,58,169
1757,60.58620689655172,player,team_3,0.5835331678390503,761,334,829,493,68,159
1757,60.58620689655172,player,team_3,0.5390995144844055,413,292,464,468,51,176
1758,60.62068965517241,player,team_4,0.7032482624053955,827,370,898,553,71,183
1758,60.62068965517241,player,team_3,0.5861924290657043,749,331,835,492,86,161
1758,60.62068965517241,player,team_4,0.5831261873245239,1023,225,1080,400,57,175
1758,60.62068965517241,player,team_3,0.5599959492683411,414,292,464,467,50,175
1758,60.62068965517241,player,team_3,0.5259085297584534,197,377,274,549,77,172
1759,60.6551724137931,player,team_4,0.7265098690986633,827,373,898,553,71,180
1759,60.6551724137931,player,team_3,0.6929166913032532,853,239,932,420,79,181
1759,60.6551724137931,player,team_3,0.5845523476600647,415,292,464,466,49,174
1759,60.6551724137931,player,team_1,0.5830614566802979,764,327,824,492,60,165
1759,60.6551724137931,player,team_4,0.568825364112854,1024,224,1079,399,55,175
1760,60.689655172413794,player,team_4,0.701977014541626,826,372,898,553,72,181
1760,60.689655172413794,player,team_4,0.6426808834075928,1023,206,1076,398,53,192
1760,60.689655172413794,player,team_3,0.611065149307251,415,292,463,466,48,174
1760,60.689655172413794,player,team_3,0.5436822175979614,756,324,827,493,71,169
1760,60.689655172413794,player,team_3,0.5261775255203247,196,375,265,554,69,179
1761,60.724137931034484,player,team_1,0.7352263331413269,417,291,464,442,47,151
1761,60.724137931034484,player,team_4,0.6582273244857788,1023,207,1073,398,50,191
1761,60.724137931034484,player,team_1,0.5952914357185364,750,324,822,478,72,154
1762,60.758620689655174,player,team_4,0.6577634215354919,826,374,897,552,71,178
1762,60.758620689655174,player,team_1,0.6530740261077881,763,323,818,492,55,169
1762,60.758620689655174,player,team_3,0.6342686414718628,416,292,463,466,47,174
1762,60.758620689655174,player,team_4,0.5789119005203247,1017,196,1072,400,55,204
1762,60.758620689655174,player,team_1,0.5360314846038818,574,140,617,291,43,151
1763,60.793103448275865,player,team_1,0.6942704916000366,762,324,815,494,53,170
1763,60.793103448275865,player,team_4,0.6631042957305908,826,373,897,553,71,180
1763,60.793103448275865,player,team_3,0.6504831314086914,416,292,463,467,47,175
1763,60.793103448275865,player,team_1,0.6051604151725769,573,142,619,293,46,151
1763,60.793103448275865,player,team_4,0.5841386914253235,1020,198,1071,398,51,200
1764,60.827586206896555,player,team_1,0.6835398077964783,763,325,814,498,51,173
1764,60.827586206896555,player,team_4,0.650346040725708,825,374,897,553,72,179
1764,60.827586206896555,player,team_3,0.6257602572441101,416,292,462,466,46,174
1765,60.86206896551724,player,team_4,0.7527333498001099,823,373,898,553,75,180
1765,60.86206896551724,player,team_1,0.6811800003051758,758,326,808,502,50,176
1765,60.86206896551724,player,team_3,0.6149879097938538,416,293,462,461,46,168
1765,60.86206896551724,player,team_1,0.5959717035293579,839,185,898,312,59,127
1765,60.86206896551724,player,team_4,0.5228906869888306,1015,188,1071,399,56,211
1765,60.86206896551724,player,team_4,0.5130929946899414,194,368,255,554,61,186
1765,60.86206896551724,player,team_1,0.5081326365470886,571,145,614,293,43,148
1766,60.89655172413793,player,team_4,0.7551668882369995,823,373,902,553,79,180
1766,60.89655172413793,player,team_1,0.6826892495155334,756,327,806,505,50,178
1766,60.89655172413793,player,team_1,0.6464114785194397,838,185,900,317,62,132
1766,60.89655172413793,player,team_3,0.6240089535713196,415,294,462,467,47,173
1766,60.89655172413793,player,team_1,0.5351830124855042,570,145,608,294,38,149
1767,60.93103448275862,player,team_4,0.7660676836967468,823,373,904,553,81,180
1767,60.93103448275862,player,team_1,0.6947042942047119,751,331,804,506,53,175
1767,60.93103448275862,player,team_3,0.628533124923706,414,294,461,467,47,173
1767,60.93103448275862,player,team_1,0.6251408457756042,567,145,606,293,39,148
1767,60.93103448275862,player,team_1,0.6218098998069763,834,182,899,318,65,136
1767,60.93103448275862,player,team_2,0.5980227589607239,193,373,250,557,57,184
1767,60.93103448275862,player,team_1,0.5136304497718811,882,227,967,369,85,142
1767,60.93103448275862,player,team_3,0.5014663934707642,966,179,1069,402,103,223
1768,60.96551724137931,player,team_4,0.8002914190292358,823,373,905,552,82,179
1768,60.96551724137931,player,team_1,0.7076929807662964,748,333,801,505,53,172
1768,60.96551724137931,player,team_3,0.6266390085220337,413,294,461,468,48,174
1768,60.96551724137931,player,team_1,0.6181845664978027,832,183,886,316,54,133
1768,60.96551724137931,player,team_1,0.6157708168029785,564,145,608,295,44,150
1768,60.96551724137931,player,team_4,0.5583022236824036,190,376,249,561,59,185
1768,60.96551724137931,player,team_3,0.5122494101524353,992,182,1067,402,75,220
1769,61.0,player,team_4,0.8016047477722168,822,374,904,552,82,178
1769,61.0,player,team_1,0.719970166683197,744,334,795,505,51,171
1769,61.0,player,team_3,0.6469017863273621,412,293,457,467,45,174
1769,61.0,player,team_1,0.5869430899620056,831,182,881,316,50,134
1769,61.0,player,team_1,0.5538598895072937,563,145,604,294,41,149
1769,61.0,player,team_2,0.5316663980484009,186,377,247,565,61,188
1770,61.03448275862069,player,team_4,0.7999067902565002,822,375,905,551,83,176
1770,61.03448275862069,player,team_3,0.6882619857788086,741,333,794,505,53,172
1770,61.03448275862069,player,team_3,0.6344624161720276,410,294,455,467,45,173
1770,61.03448275862069,player,team_2,0.5505782961845398,186,385,248,569,62,184
1770,61.03448275862069,player,team_4,0.5400724411010742,1007,214,1061,401,54,187
1770,61.03448275862069,player,team_1,0.5354424715042114,558,147,603,293,45,146
1771,61.06896551724138,player,team_4,0.8052802085876465,820,374,907,550,87,176
1771,61.06896551724138,player,team_3,0.7170661091804504,409,293,455,467,46,174
1771,61.06896551724138,player,team_1,0.708664059638977,740,331,789,502,49,171
1771,61.06896551724138,player,team_4,0.6270458102226257,1006,223,1064,402,58,179
1771,61.06896551724138,player,team_1,0.5867104530334473,823,183,873,318,50,135
1771,61.06896551724138,player,team_2,0.5274227261543274,189,387,251,565,62,178
1772,61.10344827586207,player,team_4,0.7861588597297668,819,373,909,549,90,176
1772,61.10344827586207,player,team_3,0.7679851651191711,737,325,792,503,55,178
1772,61.10344827586207,player,team_3,0.7444003820419312,406,292,454,465,48,173
1772,61.10344827586207,player,team_4,0.6578420400619507,1005,235,1063,402,58,167
1772,61.10344827586207,player,team_1,0.5868963599205017,816,181,864,319,48,138
1773,61.13793103448276,player,team_4,0.8127524256706238,821,372,913,548,92,176
1773,61.13793103448276,player,team_3,0.7348558306694031,732,321,792,503,60,182
1773,61.13793103448276,player,team_3,0.7323878407478333,1005,238,1064,403,59,165
1773,61.13793103448276,player,team_3,0.7279837727546692,405,290,450,464,45,174
1774,61.172413793103445,player,team_4,0.793148934841156,826,371,916,546,90,175
1774,61.172413793103445,player,team_3,0.7611240148544312,729,316,789,501,60,185
1774,61.172413793103445,player,team_3,0.7126678824424744,404,290,445,462,41,172
1774,61.172413793103445,player,team_1,0.5363079905509949,805,181,849,322,44,141
1775,61.206896551724135,player,team_4,0.8059757947921753,829,369,913,545,84,176
1775,61.206896551724135,player,team_3,0.7644746899604797,722,313,782,498,60,185
1775,61.206896551724135,player,team_3,0.7337567210197449,401,289,440,459,39,170
1776,61.241379310344826,player,team_3,0.8118835091590881,717,309,779,494,62,185
1776,61.241379310344826,player,team_3,0.7269879579544067,828,367,916,546,88,179
1776,61.241379310344826,player,team_3,0.6781834959983826,394,283,439,457,45,174
1776,61.241379310344826,player,team_1,0.5652433633804321,795,183,840,328,45,145
1777,61.275862068965516,player,team_1,0.7515956163406372,389,282,438,458,49,176
1777,61.275862068965516,player,team_3,0.7473650574684143,713,306,777,490,64,184
1777,61.275862068965516,player,team_3,0.6079310178756714,831,367,919,546,88,179
1777,61.275862068965516,player,team_1,0.5088343024253845,785,185,835,329,50,144
1778,61.310344827586206,player,team_1,0.759053111076355,386,283,435,458,49,175
1778,61.310344827586206,player,team_3,0.7105394005775452,709,304,772,486,63,182
1778,61.310344827586206,player,team_4,0.6794250011444092,861,366,919,547,58,181
1778,61.310344827586206,player,team_1,0.5984494686126709,774,186,830,332,56,146
1778,61.310344827586206,player,team_3,0.584261953830719,543,159,586,299,43,140
1779,61.3448275862069,player,team_4,0.7195905447006226,862,366,920,547,58,181
1779,61.3448275862069,player,team_1,0.7002723217010498,704,303,755,484,51,181
1779,61.3448275862069,player,team_1,0.6899139285087585,385,283,434,459,49,176
1779,61.3448275862069,player,team_1,0.6336261034011841,768,188,826,332,58,144
1779,61.3448275862069,player,team_4,0.5510201454162598,195,396,255,570,60,174
1779,61.3448275862069,player,team_1,0.5310001969337463,541,159,584,300,43,141
1780,61.37931034482759,player,team_4,0.6289565563201904,863,367,920,547,57,180
1780,61.37931034482759,player,team_1,0.6219525933265686,385,285,434,458,49,173
1780,61.37931034482759,player,team_1,0.585996687412262,540,163,582,301,42,138
1780,61.37931034482759,player,team_1,0.5511327981948853,767,190,822,330,55,140
1780,61.37931034482759,player,team_3,0.501334011554718,972,276,1046,427,74,151
1781,61.41379310344828,player,team_4,0.6723241209983826,865,368,922,544,57,176
1781,61.41379310344828,player,team_1,0.6550484299659729,538,158,581,302,43,144
1781,61.41379310344828,player,team_3,0.5893639326095581,765,191,818,331,53,140
1781,61.41379310344828,player,team_3,0.5790765881538391,386,286,436,460,50,174
1781,61.41379310344828,player,team_1,0.5402020812034607,690,304,750,481,60,177
1782,61.44827586206897,player,team_4,0.7192720174789429,867,368,924,535,57,167
1782,61.44827586206897,player,team_1,0.6336799263954163,537,159,580,304,43,145
1782,61.44827586206897,player,team_1,0.6299754977226257,763,186,816,328,53,142
1782,61.44827586206897,player,team_1,0.5663158893585205,687,306,744,481,57,175
1782,61.44827586206897,player,team_3,0.5542823672294617,384,288,438,460,54,172
1782,61.44827586206897,player,team_1,0.5168382525444031,989,279,1048,423,59,144
1783,61.48275862068966,player,team_4,0.7735607028007507,863,368,928,548,65,180
1783,61.48275862068966,player,team_1,0.6891624331474304,761,184,814,330,53,146
1783,61.48275862068966,player,team_1,0.6497819423675537,674,308,738,481,64,173
1783,61.48275862068966,player,team_1,0.6496706604957581,378,289,439,460,61,171
1783,61.48275862068966,player,team_1,0.6018010973930359,535,161,578,305,43,144
1783,61.48275862068966,player,team_1,0.5586598515510559,990,285,1055,433,65,148
1784,61.51724137931034,player,team_4,0.7798420190811157,862,368,932,545,70,177
1784,61.51724137931034,player,team_1,0.694017767906189,670,308,737,482,67,174
1784,61.51724137931034,player,team_3,0.6618045568466187,376,291,447,460,71,169
1784,61.51724137931034,player,team_1,0.6346834897994995,533,162,576,306,43,144
1784,61.51724137931034,player,team_2,0.6276971697807312,839,180,887,318,48,138
1784,61.51724137931034,player,team_1,0.6207395792007446,758,187,811,330,53,143
1785,61.55172413793103,player,team_1,0.7787247896194458,669,306,735,479,66,173
1785,61.55172413793103,player,team_3,0.7219131588935852,861,367,935,545,74,178
1785,61.55172413793103,player,team_3,0.6853022575378418,751,186,807,331,56,145
1785,61.55172413793103,player,team_3,0.6499691605567932,376,291,447,460,71,169
1785,61.55172413793103,player,team_1,0.6368975639343262,532,162,574,307,42,145
1785,61.55172413793103,player,team_2,0.5845839381217957,828,180,884,316,56,136
1785,61.55172413793103,player,team_4,0.5012352466583252,200,387,267,537,67,150
1786,61.58620689655172,player,team_1,0.7166466116905212,667,307,733,480,66,173
1786,61.58620689655172,player,team_3,0.6833698749542236,864,367,937,541,73,174
1786,61.58620689655172,player,team_1,0.6288304328918457,531,165,573,308,42,143
1786,61.58620689655172,player,team_3,0.6219435334205627,742,186,801,330,59,144
1786,61.58620689655172,player,team_2,0.5903157591819763,827,182,882,318,55,136
1786,61.58620689655172,player,team_3,0.561190664768219,374,281,446,459,72,178
1786,61.58620689655172,player,team_4,0.5264346599578857,197,386,272,536,75,150
1787,61.62068965517241,player,team_1,0.728155255317688,663,304,734,483,71,179
1787,61.62068965517241,player,team_1,0.7092064023017883,530,164,573,310,43,146
1787,61.62068965517241,player,team_3,0.634128987789154,735,184,797,330,62,146
1787,61.62068965517241,player,team_4,0.5889362096786499,192,383,278,537,86,154
1787,61.62068965517241,player,team_4,0.5766117572784424,872,365,935,531,63,166
1787,61.62068965517241,player,team_3,0.5711076259613037,372,280,446,457,74,177
1787,61.62068965517241,player,team_2,0.5485737919807434,824,184,879,316,55,132
1787,61.62068965517241,player,team_1,0.5386906862258911,1027,290,1082,459,55,169
1787,61.62068965517241,player,team_4,0.5088703632354736,993,249,1049,411,56,162
1788,61.6551724137931,player,team_1,0.6908881664276123,527,168,573,313,46,145
1788,61.6551724137931,player,team_1,0.6892091035842896,1034,305,1090,461,56,156
1788,61.6551724137931,player,team_1,0.6700093150138855,657,301,735,480,78,179
1788,61.6551724137931,player,team_4,0.6646822690963745,992,248,1049,418,57,170
1788,61.6551724137931,player,team_4,0.6641058325767517,193,377,286,540,93,163
1788,61.6551724137931,player,team_3,0.6212137341499329,727,185,797,330,70,145
1788,61.6551724137931,player,team_3,0.5628144145011902,371,279,446,457,75,178
1788,61.6551724137931,player,team_4,0.5541836619377136,874,360,939,535,65,175
1789,61.689655172413794,player,team_4,0.7498690485954285,991,249,1051,418,60,169
1789,61.689655172413794,player,team_1,0.685910701751709,525,173,572,316,47,143
1789,61.689655172413794,player,team_4,0.6551471948623657,877,358,945,531,68,173
1789,61.689655172413794,player,team_2,0.6427679061889648,656,297,730,476,74,179
1789,61.689655172413794,player,team_1,0.641038715839386,1046,307,1096,460,50,153
1789,61.689655172413794,player,team_1,0.6095544695854187,368,278,444,456,76,178
1789,61.689655172413794,player,team_3,0.5734969973564148,723,183,796,330,73,147
1789,61.689655172413794,player,team_4,0.5605666637420654,216,366,288,529,72,163
1790,61.724137931034484,player,team_3,0.7597205638885498,992,253,1052,419,60,166
1790,61.724137931034484,player,team_4,0.7252761721611023,884,357,950,529,66,172
1790,61.724137931034484,player,team_1,0.7236166000366211,1050,308,1103,460,53,152
1790,61.724137931034484,player,team_1,0.6527748107910156,524,175,572,321,48,146
1790,61.724137931034484,player,team_1,0.6197744607925415,368,278,435,454,67,176
1790,61.724137931034484,player,team_1,0.5910770893096924,655,294,707,458,52,164
1790,61.724137931034484,player,team_3,0.5573477745056152,721,184,791,334,70,150
1790,61.724137931034484,player,team_2,0.510047435760498,820,182,867,322,47,140
1791,61.758620689655174,player,team_3,0.775627076625824,991,255,1050,423,59,168
1791,61.758620689655174,player,team_1,0.717877209186554,1053,309,1113,460,60,151
1791,61.758620689655174,player,team_1,0.6707247495651245,368,276,437,453,69,177
1791,61.758620689655174,player,team_4,0.6645568609237671,890,355,951,527,61,172
1791,61.758620689655174,player,team_1,0.6575803756713867,651,292,706,456,55,164
1791,61.758620689655174,player,team_1,0.6432065963745117,523,178,571,324,48,146
1791,61.758620689655174,player,team_2,0.6333761811256409,813,183,863,320,50,137
1791,61.758620689655174,player,team_3,0.5696295499801636,721,185,789,337,68,152
1792,61.793103448275865,player,team_1,0.7709616422653198,646,286,698,456,52,170
1792,61.793103448275865,player,team_1,0.7482938766479492,365,273,435,453,70,180
1792,61.793103448275865,player,team_3,0.7462242245674133,991,258,1047,427,56,169
1792,61.793103448275865,player,team_4,0.6999783515930176,892,353,954,527,62,174
1792,61.793103448275865,player,team_3,0.6763023734092712,1053,309,1127,462,74,153
1792,61.793103448275865,player,team_3,0.6495830416679382,521,181,571,326,50,145
1792,61.793103448275865,player,team_4,0.6389667987823486,242,364,303,528,61,164
1792,61.793103448275865,player,team_3,0.6306254863739014,720,188,788,338,68,150
1792,61.793103448275865,player,team_2,0.6270342469215393,811,181,860,321,49,140
1793,61.827586206896555,player,team_4,0.7985462546348572,892,352,956,528,64,176
1793,61.827586206896555,player,team_1,0.7966566681861877,643,283,693,452,50,169
1793,61.827586206896555,player,team_3,0.7921028733253479,988,257,1049,430,61,173
1793,61.827586206896555,player,team_1,0.7679946422576904,365,272,430,451,65,179
1793,61.827586206896555,player,team_3,0.7527115941047668,1052,308,1150,460,98,152
1793,61.827586206896555,player,team_1,0.6393853425979614,521,182,570,328,49,146
1793,61.827586206896555,player,team_3,0.6098882555961609,720,187,785,340,65,153
1793,61.827586206896555,player,team_2,0.5650690197944641,809,181,856,322,47,141
1794,61.86206896551724,player,team_4,0.8143555521965027,890,351,962,527,72,176
1794,61.86206896551724,player,team_1,0.8068715929985046,639,280,688,452,49,172
1794,61.86206896551724,player,team_1,0.769516110420227,365,271,430,451,65,180
1794,61.86206896551724,player,team_3,0.7467406988143921,987,256,1049,432,62,176
1794,61.86206896551724,player,team_3,0.669083297252655,722,185,782,341,60,156
1794,61.86206896551724,player,team_4,0.6539022326469421,804,180,851,318,47,138
1794,61.86206896551724,player,team_1,0.6377388834953308,521,182,570,328,49,146
1794,61.86206896551724,player,team_4,0.5766808390617371,246,361,315,525,69,164
1795,61.89655172413793,player,team_3,0.8144121766090393,990,258,1052,434,62,176
1795,61.89655172413793,player,team_4,0.8142496943473816,892,352,965,527,73,175
1795,61.89655172413793,player,team_1,0.761013388633728,365,270,434,449,69,179
1795,61.89655172413793,player,team_1,0.7595745325088501,633,278,683,447,50,169
1795,61.89655172413793,player,team_3,0.7463616728782654,1053,307,1180,466,127,159
1795,61.89655172413793,player,team_2,0.6806880831718445,796,179,848,322,52,143
1795,61.89655172413793,player,team_1,0.6600497364997864,521,182,569,328,48,146
1795,61.89655172413793,player,team_3,0.5842440128326416,724,191,779,334,55,143
1795,61.89655172413793,player,team_4,0.5255647897720337,256,355,308,526,52,171
1796,61.93103448275862,player,team_4,0.8071397542953491,891,353,968,526,77,173
1796,61.93103448275862,player,team_3,0.7866175174713135,992,260,1052,436,60,176
1796,61.93103448275862,player,team_1,0.7575779557228088,364,270,438,448,74,178
1796,61.93103448275862,player,team_3,0.7296120524406433,1053,307,1185,473,132,166
1796,61.93103448275862,player,team_1,0.7071479558944702,626,275,679,446,53,171
1796,61.93103448275862,player,team_4,0.6423539519309998,258,354,313,526,55,172
1796,61.93103448275862,player,team_1,0.6093802452087402,521,185,568,328,47,143
1796,61.93103448275862,player,team_2,0.5711814761161804,792,179,848,330,56,151
1797,61.96551724137931,player,team_3,0.8630892038345337,1059,312,1197,481,138,169
1797,61.96551724137931,player,team_4,0.8388453722000122,890,351,978,527,88,176
1797,61.96551724137931,player,team_3,0.7431507706642151,993,262,1051,439,58,177
1797,61.96551724137931,player,team_1,0.7277771234512329,364,269,441,447,77,178
1797,61.96551724137931,player,team_1,0.7032598853111267,623,275,671,443,48,168
1797,61.96551724137931,player,team_1,0.555171549320221,519,184,568,328,49,144
1797,61.96551724137931,player,team_2,0.5470784902572632,790,180,846,330,56,150
